UNIDAD,FECHA DE INICIO,AÑO,DELITO,MODALIDAD,MUNICIPIO_HECHO,LATITUD,LONGITUD,lat,lon,geo_ok,urbano,en_rect,ciudad_std
UNIDAD TAMPICO 4,01/01/2020,2020.0,LESIONES,CULPOSO,TAMPICO,22.314691,-97.85723,22.314691,-97.85723,True,True,True,TAMPICO
UNIDAD TAMPICO 4,01/01/2022,2022.0,LESIONES,CULPOSO,TAMPICO,22.21632455986576,-97.86466143518454,22.21632455986576,-97.86466143518454,True,True,True,TAMPICO
UNIDAD TAMPICO 4,01/02/2022,2022.0,LESIONES,CULPOSO,TAMPICO,22.22330,-97.89456,22.2233,-97.89456,True,True,True,TAMPICO
UNIDAD TAMPICO 1A.,01/02/2022,2022.0,LESIONES,CULPOSO,TAMPICO,22.307504877100257,-97.88141751124661,22.307504877100257,-97.8814175112466,True,True,True,TAMPICO
UNIDAD TAMPICO 1A.,01/02/2023,2023.0,LESIONES,CULPOSO,TAMPICO,22.312568237363767,-97.87615925073625,22.312568237363767,-97.87615925073624,True,True,True,TAMPICO
UNIDAD TAMPICO 4,01/03/2019,2019.0,LESIONES,CULPOSO,TAMPICO,22.30745,-97.88144,22.30745,-97.88144,True,True,True,TAMPICO
UNIDAD TAMPICO 4,01/03/2019,2019.0,LESIONES,CULPOSO,TAMPICO,22.25394,-97.87621,22.25394,-97.87621,True,True,True,TAMPICO
UNIDAD TAMPICO 4,01/03/2019,2019.0,LESIONES,CULPOSO,TAMPICO,22.2443622809142,-97.8693759493763,22.2443622809142,-97.8693759493763,True,True,True,TAMPICO
UNIDAD TAMPICO 3A.,01/03/2023,2023.0,LESIONES,CULPOSO,TAMPICO,22.2263022,97.8952929,22.2263022,-97.8952929,True,True,True,TAMPICO
UNIDAD TAMPICO 3A.,01/03/2023,2023.0,LESIONES,CULPOSO,TAMPICO,22.2511936,97.8618289,22.2511936,-97.8618289,True,True,True,TAMPICO
UNIDAD TAMPICO 4,01/04/2023,2023.0,HOMICIDIO,CULPOSO,TAMPICO,22.21896446232229,-97.86133296839665,22.21896446232229,-97.86133296839664,True,True,True,TAMPICO
UNIDAD TAMPICO 1A.,01/05/2021,2021.0,HOMICIDIO,CULPOSO,TAMPICO,22.23147494654113,-97.85948866103809,22.23147494654113,-97.85948866103809,True,True,True,TAMPICO
UNIDAD TAMPICO 1A.,01/05/2021,2021.0,LESIONES,CULPOSO,TAMPICO,22.26789400626879,-97.842968778177,22.26789400626879,-97.842968778177,True,False,True,TAMPICO
UNIDAD TAMPICO 1A.,01/05/2022,2022.0,LESIONES,CULPOSO,TAMPICO,22.26803945069276,-97.84295846904013,22.26803945069276,-97.84295846904013,True,False,True,TAMPICO
UNIDAD TAMPICO 1A.,01/05/2022,2022.0,LESIONES,CULPOSO,TAMPICO,22.221000525265605,-97.86334231617697,22.221000525265605,-97.86334231617695,True,True,True,TAMPICO
UNIDAD TAMPICO 1A.,01/05/2022,2022.0,LESIONES,CULPOSO,TAMPICO,22.278559697041487,-97.88533064601175,22.278559697041487,-97.88533064601177,True,True,True,TAMPICO
UNIDAD TAMPICO 1A.,01/06/2020,2020.0,LESIONES,CULPOSO,TAMPICO,22.29711950891345,-97.88985387050008,22.29711950891345,-97.88985387050008,True,True,True,TAMPICO
UNIDAD TAMPICO 1A.,01/06/2020,2020.0,LESIONES,CULPOSO,TAMPICO,22.267980751676024,-97.84294289561655,22.267980751676024,-97.84294289561656,True,False,True,TAMPICO
UNIDAD TAMPICO 2A.,01/06/2021,2021.0,LESIONES,CULPOSO,TAMPICO,22.30778500241653,-97.87847827977949,22.30778500241653,-97.87847827977949,True,True,True,TAMPICO
UNIDAD TAMPICO 4,01/06/2023,2023.0,LESIONES,CULPOSO,TAMPICO,22.308503449956273,-97.86538177049188,22.30850344995628,-97.86538177049188,True,True,True,TAMPICO
ATENCION INMEDIATA EN TAMPICO,01/06/2023,2023.0,LESIONES,CULPOSO,TAMPICO,22.222182728779686,-97.86038156132157,22.22218272877969,-97.86038156132156,True,True,True,TAMPICO
UNIDAD TAMPICO 2A.,01/08/2021,2021.0,LESIONES,CULPOSO,TAMPICO,22.21445046226181,-97.85519836565973,22.21445046226181,-97.85519836565972,True,True,True,TAMPICO
UNIDAD TAMPICO 1A.,01/08/2023,2023.0,LESIONES,CULPOSO,TAMPICO,22.252211767002915,-97.85831585526468,22.252211767002915,-97.85831585526468,True,True,True,TAMPICO
UNIDAD TAMPICO 2A.,01/09/2019,2019.0,LESIONES,CULPOSO,TAMPICO,22.248414731778105,-97.8700911567024,22.248414731778105,-97.8700911567024,True,True,True,TAMPICO
UNIDAD TAMPICO 2A.,01/09/2019,2019.0,LESIONES,CULPOSO,TAMPICO,22.252534569076353,-97.85875439643861,22.25253456907636,-97.8587543964386,True,True,True,TAMPICO
ATENCION INMEDIATA EN TAMPICO,01/09/2021,2021.0,LESIONES,CULPOSO,TAMPICO,22.27517,-97.87230,22.27517,-97.8723,True,True,True,TAMPICO
ATENCION INMEDIATA EN TAMPICO,01/09/2021,2021.0,LESIONES,CULPOSO,TAMPICO,22.32030,-97.88248,22.3203,-97.88248,True,True,True,TAMPICO
UNIDAD TAMPICO 3A.,01/10/2021,2021.0,LESIONES,CULPOSO,TAMPICO,22.213580745314786,-97.85119095195199,22.213580745314783,-97.851190951952,True,True,True,TAMPICO
UNIDAD TAMPICO 3A.,01/10/2022,2022.0,LESIONES,CULPOSO,TAMPICO,22.2816756412926,-97.88375115069688,22.2816756412926,-97.88375115069688,True,True,True,TAMPICO
UNIDAD TAMPICO 3A.,01/10/2022,2022.0,LESIONES,CULPOSO,TAMPICO,22.282311014243252,-97.88976198477377,22.28231101424325,-97.88976198477376,True,True,True,TAMPICO
UNIDAD TAMPICO 3A.,01/10/2022,2022.0,HOMICIDIO,CULPOSO,TAMPICO,22.26722012682322,-97.85713174264204,22.26722012682322,-97.85713174264204,True,True,True,TAMPICO
UNIDAD TAMPICO 4,01/11/2022,2022.0,LESIONES,CULPOSO,TAMPICO,22.25403,-97.87628,22.25403,-97.87628,True,True,True,TAMPICO
UNIDAD TAMPICO 3A.,01/12/2019,2019.0,LESIONES,CULPOSO,TAMPICO,22.213106610390003,-97.85567923043935,22.213106610390003,-97.85567923043936,True,True,True,TAMPICO
ATENCION INMEDIATA EN TAMPICO,01/12/2019,2019.0,LESIONES,CULPOSO,TAMPICO,22.25249,97.83324,22.25249,-97.83324,True,False,True,TAMPICO
UNIDAD TAMPICO 4,01/12/2022,2022.0,LESIONES,CULPOSO,TAMPICO,22.24637,-97.85886,22.24637,-97.85886,True,True,True,TAMPICO
UNIDAD TAMPICO 2A.,01/12/2023,2023.0,LESIONES,CULPOSO,TAMPICO,22.290591074474108,-97.87610446625449,22.290591074474108,-97.87610446625447,True,True,True,TAMPICO
UNIDAD TAMPICO 4,02/01/2020,2020.0,LESIONES,CULPOSO,TAMPICO,22.219187,-97.85346,22.219187,-97.85346,True,True,True,TAMPICO
UNIDAD TAMPICO 4,02/01/2020,2020.0,LESIONES,CULPOSO,TAMPICO,22.215937,97.85502,22.215937,-97.85502,True,True,True,TAMPICO
UNIDAD TAMPICO 4,02/01/2022,2022.0,HOMICIDIO,CULPOSO,TAMPICO,22.236121692335722,-97.8536671639275,22.23612169233572,-97.8536671639275,True,True,True,TAMPICO
UNIDAD TAMPICO 1A.,02/01/2023,2023.0,LESIONES,CULPOSO,TAMPICO,22.270872618396037,-97.8738820552826,22.27087261839604,-97.8738820552826,True,True,True,TAMPICO
UNIDAD TAMPICO 1A.,02/02/2023,2023.0,LESIONES,CULPOSO,TAMPICO,22.29901423094782,-97.90258984051563,22.29901423094782,-97.90258984051565,True,True,True,TAMPICO
UNIDAD TAMPICO 4,02/03/2019,2019.0,LESIONES,CULPOSO,TAMPICO,22.26817,-97.84298,22.26817,-97.84298,True,False,True,TAMPICO
UNIDAD TAMPICO 1A.,02/03/2021,2021.0,LESIONES,CULPOSO,TAMPICO,22.221210953369376,-97.8510034022908,22.221210953369376,-97.8510034022908,True,True,True,TAMPICO
UNIDAD TAMPICO 1A.,02/04/2019,2019.0,LESIONES,CULPOSO,TAMPICO,22.2637673610943,-97.86009550094606,22.2637673610943,-97.86009550094606,True,True,True,TAMPICO
UNIDAD TAMPICO 2A.,02/06/2022,2022.0,LESIONES,CULPOSO,TAMPICO,22.214269122384604,-97.85667295582627,22.214269122384604,-97.85667295582628,True,True,True,TAMPICO
UNIDAD TAMPICO 2A.,02/07/2022,2022.0,LESIONES,CULPOSO,TAMPICO,22.311995953697437,-97.87108414608292,22.31199595369744,-97.87108414608292,True,True,True,TAMPICO
UNIDAD TAMPICO 4,02/07/2023,2023.0,HOMICIDIO,CULPOSO,TAMPICO,22.252711418442523,-97.85880979703106,22.252711418442523,-97.85880979703106,True,True,True,TAMPICO
UNIDAD TAMPICO 3A.,02/08/2021,2021.0,HOMICIDIO,CULPOSO,TAMPICO,22.2514001,97.8648012,22.2514001,-97.8648012,True,True,True,TAMPICO
UNIDAD TAMPICO 3A.,02/08/2022,2022.0,LESIONES,CULPOSO,TAMPICO,22.256430553356665,-97.91947103832456,22.256430553356665,-97.91947103832456,True,False,True,TAMPICO
UNIDAD TAMPICO 1A.,02/08/2023,2023.0,LESIONES,CULPOSO,TAMPICO,22.252450040917285,-97.85876958402004,22.252450040917285,-97.85876958402004,True,True,True,TAMPICO
UNIDAD TAMPICO 3A.,02/09/2021,2021.0,HOMICIDIO,CULPOSO,TAMPICO,22.2511936,97.8644038,22.2511936,-97.8644038,True,True,True,TAMPICO
UNIDAD TAMPICO 3A.,02/09/2021,2021.0,LESIONES,CULPOSO,TAMPICO,22.2245717,97.8690917,22.2245717,-97.8690917,True,True,True,TAMPICO
UNIDAD TAMPICO 3A.,02/09/2022,2022.0,LESIONES,CULPOSO,TAMPICO,22.257366513666508,-97.83653316392743,22.257366513666508,-97.83653316392744,True,False,True,TAMPICO
UNIDAD TAMPICO 3A.,02/09/2022,2022.0,LESIONES,CULPOSO,TAMPICO,22.2351758756297,-97.87001124927362,22.2351758756297,-97.87001124927362,True,True,True,TAMPICO
UNIDAD TAMPICO 2A.,02/10/2019,2019.0,LESIONES,CULPOSO,TAMPICO,22.21423856613135,-97.85382549724675,22.21423856613135,-97.85382549724676,True,True,True,TAMPICO
UNIDAD CIUDAD MADERO 1A.,02/10/2021,2021.0,HOMICIDIO,CULPOSO,TAMPICO,22.25259120950322,-97.8587704896927,22.25259120950322,-97.8587704896927,True,True,True,TAMPICO
UNIDAD TAMPICO 3A.,02/10/2022,2022.0,HOMICIDIO,CULPOSO,TAMPICO,22.2849038,97.8877077,22.2849038,-97.8877077,True,True,True,TAMPICO
UNIDAD TAMPICO 4,02/11/2021,2021.0,LESIONES,CULPOSO,TAMPICO,22.30878,-97.88103,22.30878,-97.88103,True,True,True,TAMPICO
ATENCION INMEDIATA EN TAMPICO,02/11/2021,2021.0,LESIONES,CULPOSO,TAMPICO,22.24356,-97.85532,22.24356,-97.85532,True,True,True,TAMPICO
UNIDAD TAMPICO 4,02/12/2022,2022.0,LESIONES,CULPOSO,TAMPICO,22.315930,-97.89309,22.31593,-97.89309,True,True,True,TAMPICO
UNIDAD TAMPICO 1A.,03/01/2023,2023.0,LESIONES,CULPOSO,TAMPICO,22.217521043857264,-97.8562478388464,22.217521043857264,-97.8562478388464,True,True,True,TAMPICO
UNIDAD TAMPICO 1A.,03/02/2023,2023.0,LESIONES,CULPOSO,TAMPICO,22.252605654688324,-97.85879636966227,22.252605654688324,-97.85879636966229,True,True,True,TAMPICO
UNIDAD TAMPICO 1A.,03/03/2020,2020.0,HOMICIDIO,CULPOSO,TAMPICO,22.226631406088416,-97.86246389150621,22.226631406088416,-97.8624638915062,True,True,True,TAMPICO
UNIDAD TAMPICO 1A.,03/03/2022,2022.0,LESIONES,CULPOSO,TAMPICO,22.278300531113622,-97.88457601718373,22.278300531113626,-97.88457601718372,True,True,True,TAMPICO
UNIDAD TAMPICO 1A.,03/03/2022,2022.0,LESIONES,CULPOSO,TAMPICO,22.216340422664153,-97.85583837068559,22.21634042266416,-97.8558383706856,True,True,True,TAMPICO
UNIDAD TAMPICO 1A.,03/04/2021,2021.0,LESIONES,CULPOSO,TAMPICO,22.25242189749347,-97.8587916680453,22.25242189749347,-97.8587916680453,True,True,True,TAMPICO
UNIDAD TAMPICO 2A.,03/04/2023,2023.0,LESIONES,CULPOSO,TAMPICO,22.232015062129726,-97.86130557204987,22.23201506212973,-97.86130557204989,True,True,True,TAMPICO
UNIDAD TAMPICO 2A.,03/04/2023,2023.0,LESIONES,CULPOSO,TAMPICO,22.22396099043291,-97.86010920911941,22.22396099043291,-97.8601092091194,True,True,True,TAMPICO
UNIDAD TAMPICO 2A.,03/05/2021,2021.0,LESIONES,CULPOSO,TAMPICO,22.30564407790714,-97.8870677947998,22.30564407790714,-97.8870677947998,True,True,True,TAMPICO
UNIDAD TAMPICO 2A.,03/06/2020,2020.0,LESIONES,CULPOSO,TAMPICO,22.219217974507018,-97.86686774717003,22.219217974507018,-97.86686774717003,True,True,True,TAMPICO
UNIDAD TAMPICO 2A.,03/06/2021,2021.0,LESIONES,CULPOSO,TAMPICO,22.213487558322623,-97.85255226468547,22.213487558322623,-97.85255226468549,True,True,True,TAMPICO
UNIDAD TAMPICO 2A.,03/07/2019,2019.0,HOMICIDIO,CULPOSO,TAMPICO,22.21642126412653,-97.85684465129046,22.21642126412653,-97.85684465129046,True,True,True,TAMPICO
UNIDAD TAMPICO 2A.,03/07/2022,2022.0,HOMICIDIO,CULPOSO,TAMPICO,22.218978070057208,-97.84946174632991,22.218978070057208,-97.84946174632992,True,True,True,TAMPICO
UNIDAD TAMPICO 2A.,03/08/2019,2019.0,LESIONES,CULPOSO,TAMPICO,22.31489331683483,-97.87910915369439,22.31489331683483,-97.8791091536944,True,True,True,TAMPICO
UNIDAD TAMPICO 3A.,03/08/2020,2020.0,LESIONES,CULPOSO,TAMPICO,22.215438427602265,-97.85593348954268,22.215438427602265,-97.85593348954268,True,True,True,TAMPICO
UNIDAD TAMPICO 3A.,03/08/2021,2021.0,LESIONES,CULPOSO,TAMPICO,22.213852249019016,-97.8536925913064,22.213852249019016,-97.8536925913064,True,True,True,TAMPICO
UNIDAD TAMPICO 3A.,03/08/2022,2022.0,LESIONES,CULPOSO,TAMPICO,22.24829376385875,-97.84700579575366,22.24829376385875,-97.84700579575366,True,False,True,TAMPICO
UNIDAD TAMPICO 3A.,03/09/2020,2020.0,LESIONES,CULPOSO,TAMPICO,22.2909094,97.8824818,22.2909094,-97.8824818,True,True,True,TAMPICO
UNIDAD TAMPICO 3A.,03/09/2022,2022.0,LESIONES,CULPOSO,TAMPICO,22.245752864664144,-97.86606255202767,22.245752864664144,-97.86606255202769,True,True,True,TAMPICO
UNIDAD TAMPICO 3A.,03/10/2019,2019.0,LESIONES,CULPOSO,TAMPICO,22.21590805236999,-97.85711397310885,22.21590805236999,-97.85711397310884,True,True,True,TAMPICO
UNIDAD TAMPICO 3A.,03/10/2019,2019.0,LESIONES,CULPOSO,TAMPICO,22.241141835604868,-97.85820510587006,22.241141835604868,-97.85820510587006,True,True,True,TAMPICO
UNIDAD TAMPICO 3A.,03/10/2021,2021.0,LESIONES,CULPOSO,TAMPICO,22.2422976,97.850001,22.2422976,-97.850001,True,True,True,TAMPICO
UNIDAD CIUDAD MADERO 1A.,03/11/2019,2019.0,HOMICIDIO,CULPOSO,TAMPICO,22.25314886544082,-97.85962153939647,22.25314886544082,-97.85962153939649,True,True,True,TAMPICO
UNIDAD TAMPICO 4,03/12/2019,2019.0,LESIONES,CULPOSO,TAMPICO,22.31775,97.88554,22.31775,-97.88554,True,True,True,TAMPICO
UNIDAD TAMPICO 4,03/12/2022,2022.0,LESIONES,CULPOSO,TAMPICO,22.31709153718983,-97.87839551538859,22.31709153718983,-97.8783955153886,True,True,True,TAMPICO
UNIDAD 1 ADOLESCENTES TAMPICO,03/12/2022,2022.0,LESIONES,CULPOSO,TAMPICO,22.313512353767823,-97.88469608957595,22.313512353767823,-97.88469608957595,True,True,True,TAMPICO
UNIDAD TAMPICO 4,04/01/2020,2020.0,LESIONES,CULPOSO,TAMPICO,22.296034,-97.85633,22.296034,-97.85633,True,True,True,TAMPICO
UNIDAD TAMPICO 4,04/01/2021,2021.0,LESIONES,CULPOSO,TAMPICO,22.23799,-97.85108,22.23799,-97.85108,True,True,True,TAMPICO
UNIDAD TAMPICO 4,04/01/2021,2021.0,HOMICIDIO,CULPOSO,TAMPICO,22.234781,-97.86769,22.234781,-97.86769,True,True,True,TAMPICO
UNIDAD TAMPICO 1A.,04/01/2022,2022.0,HOMICIDIO,CULPOSO,TAMPICO,22.30974818707306,-97.86461776263718,22.30974818707306,-97.86461776263718,True,True,True,TAMPICO
ATENCION INMEDIATA EN TAMPICO,04/01/2022,2022.0,LESIONES,CULPOSO,TAMPICO,22.251477206913748,-97.86337852478027,22.251477206913748,-97.86337852478027,True,True,True,TAMPICO
UNIDAD TAMPICO 1A.,04/01/2023,2023.0,LESIONES,CULPOSO,TAMPICO,22.214032569540013,-97.85706728696826,22.214032569540013,-97.85706728696826,True,True,True,TAMPICO
UNIDAD TAMPICO 1A.,04/02/2019,2019.0,LESIONES,CULPOSO,TAMPICO,22.30518738493667,-97.85255197463074,22.30518738493667,-97.85255197463074,True,True,True,TAMPICO
UNIDAD TAMPICO 1A.,04/02/2020,2020.0,LESIONES,CULPOSO,TAMPICO,22.219699865236247,-97.85170003523707,22.219699865236247,-97.85170003523707,True,True,True,TAMPICO
UNIDAD TAMPICO 1A.,04/02/2021,2021.0,LESIONES,CULPOSO,TAMPICO,22.314209375918754,-97.86860919004519,22.31420937591876,-97.8686091900452,True,True,True,TAMPICO
ATENCION INMEDIATA EN TAMPICO,04/02/2022,2022.0,LESIONES,CULPOSO,TAMPICO,22.271521745267215,-97.87058733633275,22.27152174526721,-97.87058733633276,True,True,True,TAMPICO
ATENCION INMEDIATA EN TAMPICO,04/02/2022,2022.0,LESIONES,CULPOSO,TAMPICO,22.218326646530702,-97.8518516271428,22.218326646530706,-97.8518516271428,True,True,True,TAMPICO
UNIDAD TAMPICO 1A.,04/03/2020,2020.0,LESIONES,CULPOSO,TAMPICO,22.277226708797603,-97.88851618766785,22.277226708797603,-97.88851618766785,True,True,True,TAMPICO
UNIDAD TAMPICO 1A.,04/03/2020,2020.0,HOMICIDIO,CULPOSO,TAMPICO,22.321922392986387,-97.87159110981167,22.321922392986387,-97.87159110981167,True,True,True,TAMPICO
ATENCION INMEDIATA EN TAMPICO,04/03/2020,2020.0,LESIONES,CULPOSO,TAMPICO,22.22204343250216,-97.85715818413128,22.22204343250216,-97.85715818413128,True,True,True,TAMPICO
UNIDAD TAMPICO 3A.,04/03/2023,2023.0,HOMICIDIO,CULPOSO,TAMPICO,22.3171406,97.8890906,22.3171406,-97.8890906,True,True,True,TAMPICO
UNIDAD TAMPICO 2A.,04/04/2022,2022.0,LESIONES,CULPOSO,TAMPICO,22.214551800874762,-97.85632956489786,22.21455180087476,-97.85632956489786,True,True,True,TAMPICO
UNIDAD TAMPICO 1A.,04/04/2022,2022.0,LESIONES,CULPOSO,TAMPICO,22.317402417104866,-97.85950616016088,22.317402417104866,-97.85950616016088,True,True,True,TAMPICO
UNIDAD TAMPICO 1A.,04/04/2022,2022.0,HOMICIDIO,CULPOSO,TAMPICO,22.252562351052127,-97.8587990515732,22.252562351052127,-97.8587990515732,True,True,True,TAMPICO
UNIDAD TAMPICO 1A.,04/05/2020,2020.0,LESIONES,CULPOSO,TAMPICO,22.31221012904607,-97.86092168903673,22.31221012904607,-97.86092168903672,True,True,True,TAMPICO
UNIDAD TAMPICO 2A.,04/07/2019,2019.0,LESIONES,CULPOSO,TAMPICO,22.249574426683647,-97.86673140225895,22.249574426683647,-97.86673140225896,True,True,True,TAMPICO
UNIDAD TAMPICO 3A.,04/07/2022,2022.0,LESIONES,CULPOSO,TAMPICO,22.219272,97.8744947,22.219272,-97.8744947,True,True,True,TAMPICO
UNIDAD TAMPICO 1A.,04/07/2023,2023.0,LESIONES,CULPOSO,TAMPICO,22.25218565855482,-97.85862524089855,22.25218565855482,-97.85862524089856,True,True,True,TAMPICO
UNIDAD TAMPICO 3A.,04/08/2021,2021.0,HOMICIDIO,CULPOSO,TAMPICO,22.21533777092058,-97.8569757163254,22.21533777092058,-97.8569757163254,True,True,True,TAMPICO
UNIDAD TAMPICO 3A.,04/09/2021,2021.0,LESIONES,CULPOSO,TAMPICO,22.2511936,97.8644038,22.2511936,-97.8644038,True,True,True,TAMPICO
UNIDAD TAMPICO 3A.,04/09/2022,2022.0,LESIONES,CULPOSO,TAMPICO,22.230644150265476,-97.8446022409083,22.23064415026548,-97.8446022409083,True,True,True,TAMPICO
UNIDAD TAMPICO 3A.,04/09/2022,2022.0,LESIONES,CULPOSO,TAMPICO,22.246161826776678,-97.8418350100875,22.24616182677668,-97.8418350100875,True,False,True,TAMPICO
UNIDAD TAMPICO 1A.,04/09/2023,2023.0,LESIONES,CULPOSO,TAMPICO,22.221494549898473,-97.8790694025477,22.22149454989848,-97.8790694025477,True,True,True,TAMPICO
UNIDAD TAMPICO 3A.,04/10/2019,2019.0,LESIONES,CULPOSO,TAMPICO,22.242452241034933,-97.86490289241289,22.242452241034933,-97.86490289241289,True,True,True,TAMPICO
UNIDAD TAMPICO 3A.,04/10/2020,2020.0,LESIONES,CULPOSO,TAMPICO,22.2511936,97.8644038,22.2511936,-97.8644038,True,True,True,TAMPICO
UNIDAD TAMPICO 3A.,04/10/2020,2020.0,LESIONES,CULPOSO,TAMPICO,22.2472905,97.876233,22.2472905,-97.876233,True,True,True,TAMPICO
UNIDAD TAMPICO 4,04/11/2019,2019.0,LESIONES,CULPOSO,TAMPICO,22.29941,-97.89048,22.29941,-97.89048,True,True,True,TAMPICO
UNIDAD TAMPICO 2A.,04/11/2023,2023.0,LESIONES,CULPOSO,TAMPICO,22.213568136143483,-97.85708605972759,22.213568136143483,-97.8570860597276,True,True,True,TAMPICO
UNIDAD TAMPICO 4,04/12/2021,2021.0,HOMICIDIO,CULPOSO,TAMPICO,22.312206,97.86115,22.312206,-97.86115,True,True,True,TAMPICO
UNIDAD TAMPICO 4,04/12/2022,2022.0,LESIONES,CULPOSO,TAMPICO,22.30675,-97.85345,22.30675,-97.85345,True,True,True,TAMPICO
UNIDAD TAMPICO 4,04/12/2022,2022.0,LESIONES,CULPOSO,TAMPICO,22.236887,-97.8630,22.236887,-97.863,True,True,True,TAMPICO
UNIDAD TAMPICO 1A.,05/01/2023,2023.0,LESIONES,CULPOSO,TAMPICO,22.221884017115975,-97.84579830831002,22.22188401711597,-97.84579830831002,True,True,True,TAMPICO
UNIDAD TAMPICO 1A.,05/02/2021,2021.0,LESIONES,CULPOSO,TAMPICO,22.22274430695363,-97.85680193955614,22.22274430695363,-97.85680193955614,True,True,True,TAMPICO
UNIDAD TAMPICO 1A.,05/02/2023,2023.0,LESIONES,CULPOSO,TAMPICO,22.224723083214293,-97.86027217498612,22.224723083214293,-97.86027217498612,True,True,True,TAMPICO
UNIDAD TAMPICO 3A.,05/03/2023,2023.0,LESIONES,CULPOSO,TAMPICO,22.3195667,97.8859202,22.3195667,-97.8859202,True,True,True,TAMPICO
UNIDAD TAMPICO 1A.,05/04/2020,2020.0,LESIONES,CULPOSO,TAMPICO,22.223565292655383,-97.84793972969057,22.223565292655383,-97.84793972969057,True,True,True,TAMPICO
UNIDAD TAMPICO 2A.,05/04/2023,2023.0,LESIONES,CULPOSO,TAMPICO,22.268506435720454,-97.8658008223239,22.26850643572045,-97.8658008223239,True,True,True,TAMPICO
UNIDAD TAMPICO 4,05/05/2023,2023.0,LESIONES,CULPOSO,TAMPICO,22.295353326035286,-97.8781549089334,22.295353326035286,-97.8781549089334,True,True,True,TAMPICO
UNIDAD TAMPICO 2A.,05/06/2019,2019.0,LESIONES,CULPOSO,TAMPICO,22.22845998826936,-97.86704974580847,22.22845998826936,-97.86704974580849,True,True,True,TAMPICO
UNIDAD TAMPICO 4,05/06/2022,2022.0,LESIONES,CULPOSO,TAMPICO,22.30373,-97.85419,22.30373,-97.85419,True,True,True,TAMPICO
UNIDAD TAMPICO 4,05/06/2023,2023.0,HOMICIDIO,CULPOSO,TAMPICO,22.234996673235912,-97.86748555336746,22.234996673235912,-97.86748555336746,True,True,True,TAMPICO
UNIDAD TAMPICO 3A.,05/07/2021,2021.0,LESIONES,CULPOSO,TAMPICO,22.214053710463567,-97.85695214862567,22.214053710463567,-97.85695214862568,True,True,True,TAMPICO
UNIDAD TAMPICO 1A.,05/07/2023,2023.0,LESIONES,CULPOSO,TAMPICO,22.215187587577702,-97.85756839964598,22.215187587577702,-97.85756839964598,True,True,True,TAMPICO
UNIDAD TAMPICO 1A.,05/07/2023,2023.0,LESIONES,CULPOSO,TAMPICO,22.31528538017728,-97.85684139078401,22.31528538017728,-97.856841390784,True,True,True,TAMPICO
ATENCION INMEDIATA EN TAMPICO,05/08/2019,2019.0,LESIONES,CULPOSO,TAMPICO,22.23093,97.28393,22.23093,-97.28393,True,False,False,TAMPICO
ATENCION INMEDIATA EN TAMPICO,05/08/2020,2020.0,LESIONES,CULPOSO,TAMPICO,22.252757626904362,-97.8772379293694,22.25275762690436,-97.8772379293694,True,True,True,TAMPICO
UNIDAD TAMPICO 3A.,05/08/2022,2022.0,LESIONES,CULPOSO,TAMPICO,22.25164979723815,-97.85284300037814,22.25164979723815,-97.85284300037814,True,False,True,TAMPICO
UNIDAD TAMPICO 3A.,05/08/2022,2022.0,HOMICIDIO,CULPOSO,TAMPICO,22.252941372050017,-97.87602013638707,22.252941372050017,-97.87602013638708,True,True,True,TAMPICO
UNIDAD TAMPICO 3A.,05/08/2022,2022.0,HOMICIDIO,CULPOSO,TAMPICO,22.249405392762096,-97.85868020500263,22.249405392762096,-97.85868020500264,True,True,True,TAMPICO
UNIDAD TAMPICO 1A.,05/08/2023,2023.0,LESIONES,CULPOSO,TAMPICO,22.314983408485123,-97.85996098547908,22.314983408485123,-97.85996098547908,True,True,True,TAMPICO
UNIDAD TAMPICO 1A.,05/08/2023,2023.0,LESIONES,CULPOSO,TAMPICO,22.29545414816931,-97.88609415292741,22.29545414816931,-97.8860941529274,True,True,True,TAMPICO
UNIDAD TAMPICO 1A.,05/08/2023,2023.0,LESIONES,CULPOSO,TAMPICO,22.286656540411883,-97.88571730256082,22.286656540411883,-97.88571730256082,True,True,True,TAMPICO
UNIDAD TAMPICO 3A.,05/09/2020,2020.0,LESIONES,CULPOSO,TAMPICO,22.3044689,97.8927769,22.3044689,-97.8927769,True,True,True,TAMPICO
UNIDAD TAMPICO 3A.,05/09/2020,2020.0,LESIONES,CULPOSO,TAMPICO,22.2860176,97.8885485,22.2860176,-97.8885485,True,True,True,TAMPICO
UNIDAD TAMPICO 3A.,05/09/2021,2021.0,HOMICIDIO,CULPOSO,TAMPICO,22.216064074428964,-97.85866971173743,22.216064074428964,-97.85866971173743,True,True,True,TAMPICO
UNIDAD TAMPICO 3A.,05/09/2022,2022.0,LESIONES,CULPOSO,TAMPICO,22.24518115502411,-97.86451740962707,22.24518115502411,-97.86451740962708,True,True,True,TAMPICO
UNIDAD TAMPICO 3A.,05/09/2022,2022.0,LESIONES,CULPOSO,TAMPICO,22.237949894131322,-97.86348731469333,22.23794989413132,-97.86348731469332,True,True,True,TAMPICO
UNIDAD TAMPICO 3A.,05/09/2022,2022.0,HOMICIDIO,CULPOSO,TAMPICO,22.240300360089254,-97.86383067967125,22.24030036008925,-97.86383067967124,True,True,True,TAMPICO
UNIDAD TAMPICO 2A.,05/09/2023,2023.0,LESIONES,CULPOSO,TAMPICO,22.27324717996481,-97.88659582506068,22.27324717996481,-97.88659582506068,True,True,True,TAMPICO
UNIDAD TAMPICO 2A.,05/09/2023,2023.0,LESIONES,CULPOSO,TAMPICO,22.233055684032543,-97.86403120883745,22.233055684032543,-97.86403120883745,True,True,True,TAMPICO
UNIDAD TAMPICO 2A.,05/09/2023,2023.0,LESIONES,CULPOSO,TAMPICO,22.217555058206127,-97.85144491728414,22.217555058206127,-97.85144491728414,True,True,True,TAMPICO
UNIDAD TAMPICO 4,05/10/2020,2020.0,LESIONES,CULPOSO,TAMPICO,22.240641,-97.86684,22.240641,-97.86684,True,True,True,TAMPICO
UNIDAD TAMPICO 2A.,05/10/2021,2021.0,LESIONES,CULPOSO,TAMPICO,22.25042118360429,-97.8669364401282,22.25042118360429,-97.8669364401282,True,True,True,TAMPICO
UNIDAD TAMPICO 4,05/12/2021,2021.0,LESIONES,CULPOSO,TAMPICO,22.319175,97.89391,22.319175,-97.89391,True,True,True,TAMPICO
UNIDAD TAMPICO 3A.,05/12/2023,2023.0,LESIONES,CULPOSO,TAMPICO,22.311376238142422,-97.86228342569935,22.311376238142422,-97.86228342569936,True,True,True,TAMPICO
UNIDAD TAMPICO 1A.,06/01/2023,2023.0,LESIONES,CULPOSO,TAMPICO,22.23609010242124,-97.86343613699529,22.23609010242124,-97.86343613699528,True,True,True,TAMPICO
UNIDAD TAMPICO 1A.,06/02/2023,2023.0,LESIONES,CULPOSO,TAMPICO,22.218316742691833,-97.858018424886,22.21831674269184,-97.858018424886,True,True,True,TAMPICO
UNIDAD TAMPICO 1A.,06/03/2021,2021.0,LESIONES,CULPOSO,TAMPICO,22.21918326877053,-97.85332067322615,22.21918326877053,-97.85332067322616,True,True,True,TAMPICO
ATENCION INMEDIATA EN TAMPICO,06/03/2021,2021.0,LESIONES,CULPOSO,TAMPICO,22.219635659165046,-97.86155431548023,22.219635659165046,-97.86155431548023,True,True,True,TAMPICO
UNIDAD TAMPICO 2A.,06/05/2021,2021.0,LESIONES,CULPOSO,TAMPICO,22.21437430991022,-97.85494037841364,22.21437430991022,-97.85494037841364,True,True,True,TAMPICO
ATENCION INMEDIATA EN TAMPICO,06/05/2023,2023.0,LESIONES,CULPOSO,TAMPICO,22.31047,97.86681,22.31047,-97.86681,True,True,True,TAMPICO
UNIDAD TAMPICO 2A.,06/06/2019,2019.0,LESIONES,CULPOSO,TAMPICO,22.21437566675605,-97.85241854241279,22.21437566675605,-97.8524185424128,True,True,True,TAMPICO
UNIDAD TAMPICO 2A.,06/06/2020,2020.0,LESIONES,CULPOSO,TAMPICO,22.19164691811624,-97.82455958986347,22.19164691811624,-97.82455958986348,True,False,True,TAMPICO
UNIDAD TAMPICO 1A.,06/06/2023,2023.0,LESIONES,CULPOSO,TAMPICO,22.307802242621257,-97.8811718803795,22.307802242621257,-97.8811718803795,True,True,True,TAMPICO
UNIDAD TAMPICO 1A.,06/06/2023,2023.0,LESIONES,CULPOSO,TAMPICO,22.263370796152905,-97.87535634213839,22.263370796152905,-97.8753563421384,True,True,True,TAMPICO
UNIDAD TAMPICO 3A.,06/07/2021,2021.0,LESIONES,CULPOSO,TAMPICO,22.3031059,97.8588613,22.3031059,-97.8588613,True,True,True,TAMPICO
UNIDAD TAMPICO 3A.,06/07/2022,2022.0,LESIONES,CULPOSO,TAMPICO,22.261898904900733,-97.86120846973405,22.261898904900733,-97.86120846973404,True,True,True,TAMPICO
UNIDAD TAMPICO 1A.,06/07/2023,2023.0,LESIONES,CULPOSO,TAMPICO,22.252079346673696,-97.85884921659282,22.252079346673696,-97.85884921659282,True,True,True,TAMPICO
UNIDAD TAMPICO 1A.,06/07/2023,2023.0,LESIONES,CULPOSO,TAMPICO,22.22580068510429,-97.86060780286792,22.22580068510429,-97.86060780286792,True,True,True,TAMPICO
UNIDAD TAMPICO 3A.,06/08/2019,2019.0,HOMICIDIO,CULPOSO,TAMPICO,22.216877266951624,-97.85648772470523,22.216877266951624,-97.85648772470525,True,True,True,TAMPICO
UNIDAD TAMPICO 3A.,06/08/2019,2019.0,HOMICIDIO,CULPOSO,TAMPICO,22.217631874897418,-97.85889205833601,22.217631874897418,-97.858892058336,True,True,True,TAMPICO
UNIDAD TAMPICO 3A.,06/08/2019,2019.0,HOMICIDIO,CULPOSO,TAMPICO,22.250107016780714,-97.8645161724851,22.25010701678072,-97.8645161724851,True,True,True,TAMPICO
UNIDAD TAMPICO 3A.,06/09/2020,2020.0,HOMICIDIO,CULPOSO,TAMPICO,22.2535851,-97.861590,22.2535851,-97.86159,True,True,True,TAMPICO
UNIDAD TAMPICO 3A.,06/09/2020,2020.0,HOMICIDIO,CULPOSO,TAMPICO,22.2940443,-97.8465421,22.2940443,-97.8465421,True,False,True,TAMPICO
UNIDAD TAMPICO 3A.,06/10/2019,2019.0,LESIONES,CULPOSO,TAMPICO,22.238878379177198,-97.86662027357774,22.2388783791772,-97.86662027357774,True,True,True,TAMPICO
UNIDAD TAMPICO 2A.,06/10/2023,2023.0,LESIONES,CULPOSO,TAMPICO,22.23828622504084,-97.86112721904685,22.23828622504084,-97.86112721904684,True,True,True,TAMPICO
UNIDAD TAMPICO 4,06/11/2020,2020.0,LESIONES,CULPOSO,TAMPICO,22.299319,-97.89045,22.299319,-97.89045,True,True,True,TAMPICO
UNIDAD TAMPICO 4,06/11/2022,2022.0,LESIONES,CULPOSO,TAMPICO,22.22409,-97.90803,22.22409,-97.90803,True,False,True,TAMPICO
UNIDAD TAMPICO 4,06/11/2022,2022.0,LESIONES,CULPOSO,TAMPICO,22.305053,-97.85274,22.305053,-97.85274,True,True,True,TAMPICO
UNIDAD TAMPICO 1A.,06/12/2021,2021.0,LESIONES,CULPOSO,TAMPICO,22.253987607325307,-97.87618335203902,22.253987607325307,-97.87618335203902,True,True,True,TAMPICO
UNIDAD TAMPICO 1A.,06/12/2022,2022.0,LESIONES,CULPOSO,TAMPICO,22.235841880281505,-97.86826313300128,22.235841880281505,-97.86826313300128,True,True,True,TAMPICO
UNIDAD TAMPICO 1A.,07/01/2022,2022.0,LESIONES,CULPOSO,TAMPICO,22.242921469261585,-97.86710057399051,22.242921469261585,-97.86710057399053,True,True,True,TAMPICO
UNIDAD TAMPICO 1A.,07/02/2019,2019.0,HOMICIDIO,CULPOSO,TAMPICO,22.267117088547256,-97.87100918028888,22.267117088547256,-97.87100918028888,True,True,True,TAMPICO
UNIDAD TAMPICO 1A.,07/02/2019,2019.0,LESIONES,CULPOSO,TAMPICO,22.311343,-97.856923,22.311343,-97.856923,True,True,True,TAMPICO
UNIDAD TAMPICO 1A.,07/02/2020,2020.0,HOMICIDIO,CULPOSO,TAMPICO,22.227469695093607,-97.86230564117432,22.227469695093607,-97.86230564117432,True,True,True,TAMPICO
UNIDAD TAMPICO 1A.,07/02/2021,2021.0,LESIONES,CULPOSO,TAMPICO,22.297081573951736,-97.88982776401186,22.297081573951736,-97.88982776401186,True,True,True,TAMPICO
UNIDAD TAMPICO 1A.,07/02/2023,2023.0,LESIONES,CULPOSO,TAMPICO,22.314024309446005,-97.86843718140445,22.314024309446005,-97.86843718140445,True,True,True,TAMPICO
UNIDAD TAMPICO 1A.,07/02/2023,2023.0,LESIONES,CULPOSO,TAMPICO,22.246414744796006,-97.8728896379471,22.24641474479601,-97.8728896379471,True,True,True,TAMPICO
UNIDAD TAMPICO 1A.,07/02/2023,2023.0,LESIONES,CULPOSO,TAMPICO,22.252567005641414,-97.85872220993043,22.252567005641414,-97.85872220993043,True,True,True,TAMPICO
UNIDAD TAMPICO 1A.,07/03/2019,2019.0,HOMICIDIO,CULPOSO,TAMPICO,22.226422753497683,-97.89557721004259,22.226422753497683,-97.8955772100426,True,True,True,TAMPICO
UNIDAD TAMPICO 3A.,07/06/2022,2022.0,HOMICIDIO,CULPOSO,TAMPICO,22.252081,97.8611609,22.252081,-97.8611609,True,True,True,TAMPICO
UNIDAD TAMPICO 1A.,07/06/2023,2023.0,LESIONES,CULPOSO,TAMPICO,22.21224714699555,-97.85495597427072,22.21224714699555,-97.85495597427072,True,True,True,TAMPICO
UNIDAD TAMPICO 1A.,07/06/2023,2023.0,LESIONES,CULPOSO,TAMPICO,22.21628306368524,-97.86215914856227,22.21628306368524,-97.86215914856228,True,True,True,TAMPICO
UNIDAD TAMPICO 1A.,07/06/2023,2023.0,HOMICIDIO,CULPOSO,TAMPICO,22.23476948877082,-97.86801785189324,22.23476948877082,-97.86801785189324,True,True,True,TAMPICO
UNIDAD TAMPICO 3A.,07/07/2022,2022.0,LESIONES,CULPOSO,TAMPICO,22.214573484289826,-97.85946639197994,22.214573484289826,-97.85946639197994,True,True,True,TAMPICO
UNIDAD TAMPICO 3A.,07/08/2021,2021.0,LESIONES,CULPOSO,TAMPICO,22.214134436114634,-97.85703126460527,22.21413443611464,-97.85703126460528,True,True,True,TAMPICO
UNIDAD TAMPICO 2A.,07/08/2023,2023.0,LESIONES,CULPOSO,TAMPICO,22.213833123668614,-97.85434032290163,22.21383312366861,-97.85434032290163,True,True,True,TAMPICO
UNIDAD TAMPICO 3A.,07/09/2019,2019.0,HOMICIDIO,CULPOSO,TAMPICO,22.231968654463742,-97.86026596326785,22.231968654463746,-97.86026596326784,True,True,True,TAMPICO
UNIDAD TAMPICO 3A.,07/11/2023,2023.0,LESIONES,CULPOSO,TAMPICO,22.21311784349042,-97.85404045654536,22.21311784349042,-97.85404045654536,True,True,True,TAMPICO
UNIDAD TAMPICO 1A.,07/12/2020,2020.0,LESIONES,CULPOSO,TAMPICO,22.229596087948785,-97.86587267873597,22.229596087948785,-97.86587267873595,True,True,True,TAMPICO
UNIDAD TAMPICO 1A.,07/12/2020,2020.0,LESIONES,CULPOSO,TAMPICO,22.227443392037927,-97.86500311020603,22.227443392037927,-97.86500311020605,True,True,True,TAMPICO
UNIDAD TAMPICO 1A.,07/12/2020,2020.0,LESIONES,CULPOSO,TAMPICO,22.225254112239387,-97.84894820573251,22.225254112239387,-97.84894820573253,True,True,True,TAMPICO
UNIDAD TAMPICO 1A.,07/12/2022,2022.0,HOMICIDIO,CULPOSO,TAMPICO,22.25262264135216,-97.85877557669144,22.25262264135216,-97.85877557669144,True,True,True,TAMPICO
UNIDAD TAMPICO 3A.,07/12/2023,2023.0,LESIONES,CULPOSO,TAMPICO,22.30285731934391,-97.86029747350894,22.30285731934391,-97.86029747350894,True,True,True,TAMPICO
UNIDAD TAMPICO 3A.,07/12/2023,2023.0,LESIONES,CULPOSO,TAMPICO,22.271350426245007,-97.85833390945743,22.271350426245007,-97.85833390945744,True,True,True,TAMPICO
UNIDAD TAMPICO 3A.,07/12/2023,2023.0,HOMICIDIO,CULPOSO,TAMPICO,22.327176922673953,-97.87035695892276,22.32717692267396,-97.87035695892276,True,False,True,TAMPICO
ATENCION INMEDIATA DE CIUDAD MADERO,07/12/2023,2023.0,LESIONES,CULPOSO,TAMPICO,22.24776667558727,-97.83640167946787,22.24776667558727,-97.83640167946788,True,False,True,TAMPICO
UNIDAD TAMPICO 1A.,08/01/2019,2019.0,LESIONES,CULPOSO,TAMPICO,22.298601387536877,-97.85191286536764,22.29860138753688,-97.85191286536764,True,True,True,TAMPICO
UNIDAD TAMPICO 1A.,08/01/2020,2020.0,HOMICIDIO,CULPOSO,TAMPICO,22.25262980065663,-97.8587380877786,22.25262980065663,-97.8587380877786,True,True,True,TAMPICO
UNIDAD TAMPICO 1A.,08/01/2023,2023.0,LESIONES,CULPOSO,TAMPICO,22.301764846922516,-97.85952038949893,22.30176484692252,-97.85952038949893,True,True,True,TAMPICO
UNIDAD TAMPICO 1A.,08/01/2023,2023.0,LESIONES,CULPOSO,TAMPICO,22.298357278551393,-97.8951189466339,22.2983572785514,-97.8951189466339,True,True,True,TAMPICO
UNIDAD TAMPICO 2A.,08/03/2021,2021.0,LESIONES,CULPOSO,TAMPICO,22.31072610885546,-97.88432121276855,22.31072610885546,-97.88432121276855,True,True,True,TAMPICO
UNIDAD TAMPICO 1A.,08/03/2021,2021.0,LESIONES,CULPOSO,TAMPICO,22.313001743788405,-97.88219245254481,22.313001743788405,-97.8821924525448,True,True,True,TAMPICO
UNIDAD TAMPICO 1A.,08/03/2021,2021.0,LESIONES,CULPOSO,TAMPICO,22.255165768937292,-97.86740736014397,22.25516576893729,-97.86740736014396,True,True,True,TAMPICO
UNIDAD TAMPICO 4,08/03/2023,2023.0,LESIONES,CULPOSO,TAMPICO,22.315735478357222,-97.87902601850384,22.315735478357222,-97.87902601850384,True,True,True,TAMPICO
UNIDAD TAMPICO 2A.,08/04/2019,2019.0,LESIONES,CULPOSO,TAMPICO,22.21521977843088,-97.85737834000554,22.21521977843088,-97.85737834000554,True,True,True,TAMPICO
UNIDAD TAMPICO 2A.,08/04/2021,2021.0,LESIONES,CULPOSO,TAMPICO,22.314855122807703,-97.88397789001465,22.314855122807703,-97.88397789001463,True,True,True,TAMPICO
UNIDAD TAMPICO 2A.,08/04/2022,2022.0,LESIONES,CULPOSO,TAMPICO,22.215558843480274,-97.85632956489786,22.21555884348028,-97.85632956489786,True,True,True,TAMPICO
ATENCION INMEDIATA EN TAMPICO,08/05/2020,2020.0,LESIONES,CULPOSO,TAMPICO,22.310329052758483,-97.87563439508986,22.310329052758483,-97.87563439508986,True,True,True,TAMPICO
UNIDAD TAMPICO 2A.,08/05/2021,2021.0,HOMICIDIO,CULPOSO,TAMPICO,22.278707220038115,-97.87887096405031,22.278707220038115,-97.87887096405032,True,True,True,TAMPICO
UNIDAD TAMPICO 2A.,08/05/2021,2021.0,LESIONES,CULPOSO,TAMPICO,22.220174767884146,-97.86440849304199,22.220174767884146,-97.864408493042,True,True,True,TAMPICO
UNIDAD TAMPICO 2A.,08/05/2021,2021.0,LESIONES,CULPOSO,TAMPICO,22.228438019731016,-97.86887168884279,22.228438019731016,-97.8688716888428,True,True,True,TAMPICO
UNIDAD TAMPICO 3A.,08/06/2021,2021.0,LESIONES,CULPOSO,TAMPICO,22.214370236521905,-97.85567090420041,22.214370236521905,-97.8556709042004,True,True,True,TAMPICO
UNIDAD TAMPICO 3A.,08/06/2022,2022.0,HOMICIDIO,CULPOSO,TAMPICO,22.212412212604104,-97.85448103799317,22.212412212604104,-97.85448103799315,True,True,True,TAMPICO
UNIDAD TAMPICO 1A.,08/06/2023,2023.0,LESIONES,CULPOSO,TAMPICO,22.248933101714478,-97.87014133535139,22.24893310171448,-97.8701413353514,True,True,True,TAMPICO
UNIDAD TAMPICO 1A.,08/07/2023,2023.0,LESIONES,CULPOSO,TAMPICO,22.228231692642275,-97.89181932806969,22.228231692642275,-97.89181932806969,True,True,True,TAMPICO
UNIDAD TAMPICO 1A.,08/07/2023,2023.0,LESIONES,CULPOSO,TAMPICO,22.225880386735497,-97.84842118620875,22.225880386735497,-97.84842118620875,True,True,True,TAMPICO
UNIDAD TAMPICO 4,08/09/2020,2020.0,LESIONES,CULPOSO,TAMPICO,22.253848,-97.87616,22.253848,-97.87616,True,True,True,TAMPICO
UNIDAD TAMPICO 4,08/09/2020,2020.0,HOMICIDIO,CULPOSO,TAMPICO,22.297091,-97.88990,22.297091,-97.8899,True,True,True,TAMPICO
UNIDAD TAMPICO 2A.,08/09/2023,2023.0,LESIONES,CULPOSO,TAMPICO,22.22031392518689,-97.85126484214976,22.22031392518689,-97.85126484214976,True,True,True,TAMPICO
UNIDAD TAMPICO 2A.,08/09/2023,2023.0,LESIONES,CULPOSO,TAMPICO,22.212249850186875,-97.8520406212527,22.212249850186875,-97.8520406212527,True,True,True,TAMPICO
ATENCION INMEDIATA EN TAMPICO,08/10/2020,2020.0,LESIONES,CULPOSO,TAMPICO,22.21660515657161,-97.8660575395201,22.21660515657161,-97.8660575395201,True,True,True,TAMPICO
UNIDAD TAMPICO 4,08/10/2021,2021.0,LESIONES,CULPOSO,TAMPICO,22.26590,97.86872,22.2659,-97.86872,True,True,True,TAMPICO
UNIDAD TAMPICO 4,08/11/2019,2019.0,LESIONES,CULPOSO,TAMPICO,22.31402,-97.85135,22.31402,-97.85135,True,True,True,TAMPICO
UNIDAD TAMPICO 4,08/11/2019,2019.0,LESIONES,CULPOSO,TAMPICO,22.30743,-97.88142,22.30743,-97.88142,True,True,True,TAMPICO
UNIDAD TAMPICO 1A.,08/11/2022,2022.0,LESIONES,CULPOSO,TAMPICO,22.217151346338067,-97.85543113946916,22.217151346338067,-97.85543113946916,True,True,True,TAMPICO
ATENCION INMEDIATA EN TAMPICO,08/12/2022,2022.0,LESIONES,CULPOSO,TAMPICO,22.31152,97.85616,22.31152,-97.85616,True,True,True,TAMPICO
UNIDAD TAMPICO 3A.,08/12/2023,2023.0,LESIONES,CULPOSO,TAMPICO,22.277386798363086,-97.85250409898009,22.27738679836309,-97.85250409898008,True,True,True,TAMPICO
UNIDAD TAMPICO 1A.,09/01/2019,2019.0,LESIONES,CULPOSO,TAMPICO,22.234617139939104,-97.85720348909864,22.234617139939104,-97.85720348909864,True,True,True,TAMPICO
UNIDAD TAMPICO 1A.,09/01/2019,2019.0,LESIONES,CULPOSO,TAMPICO,22.2524229102663,-97.8587558087811,22.2524229102663,-97.8587558087811,True,True,True,TAMPICO
UNIDAD TAMPICO 1A.,09/01/2020,2020.0,LESIONES,CULPOSO,TAMPICO,22.219497729176233,-97.8479024069009,22.21949772917624,-97.8479024069009,True,True,True,TAMPICO
ATENCION INMEDIATA EN TAMPICO,09/02/2021,2021.0,LESIONES,CULPOSO,TAMPICO,22.326280376273253,-97.88209216767206,22.326280376273253,-97.88209216767206,True,False,True,TAMPICO
UNIDAD TAMPICO 2A.,09/03/2021,2021.0,LESIONES,CULPOSO,TAMPICO,22.31253084106745,-97.87212554760413,22.31253084106745,-97.87212554760411,True,True,True,TAMPICO
UNIDAD TAMPICO 2A.,09/03/2021,2021.0,HOMICIDIO,CULPOSO,TAMPICO,22.293097022244627,-97.88723945617677,22.293097022244627,-97.88723945617676,True,True,True,TAMPICO
UNIDAD CIUDAD MADERO 1A.,09/04/2019,2019.0,LESIONES,CULPOSO,TAMPICO,22.253520262266978,-97.8269648551941,22.25352026226697,-97.8269648551941,True,False,True,TAMPICO
UNIDAD TAMPICO 2A.,09/04/2021,2021.0,LESIONES,CULPOSO,TAMPICO,22.33358965392221,-97.86395040179245,22.33358965392221,-97.86395040179244,True,False,True,TAMPICO
UNIDAD TAMPICO 2A.,09/04/2023,2023.0,LESIONES,CULPOSO,TAMPICO,22.224331062798008,-97.86035958559005,22.224331062798008,-97.86035958559005,True,True,True,TAMPICO
UNIDAD TAMPICO 2A.,09/04/2023,2023.0,LESIONES,CULPOSO,TAMPICO,22.30784981201513,-97.86722160334038,22.30784981201513,-97.86722160334038,True,True,True,TAMPICO
UNIDAD TAMPICO 2A.,09/05/2019,2019.0,HOMICIDIO,CULPOSO,TAMPICO,22.248906280196273,-97.86796864413986,22.24890628019628,-97.86796864413986,True,True,True,TAMPICO
UNIDAD TAMPICO 2A.,09/06/2020,2020.0,LESIONES,CULPOSO,TAMPICO,22.216973536848133,-97.8475331801959,22.216973536848133,-97.8475331801959,True,True,True,TAMPICO
UNIDAD TAMPICO 3A.,09/06/2022,2022.0,LESIONES,CULPOSO,TAMPICO,22.21156462646777,-97.85198180707181,22.21156462646777,-97.8519818070718,True,True,True,TAMPICO
UNIDAD TAMPICO 1A.,09/06/2023,2023.0,LESIONES,CULPOSO,TAMPICO,22.29747894774152,-97.9019930118172,22.29747894774152,-97.9019930118172,True,True,True,TAMPICO
UNIDAD TAMPICO 1A.,09/06/2023,2023.0,HOMICIDIO,CULPOSO,TAMPICO,22.28944363398378,-97.89563659429552,22.28944363398378,-97.89563659429552,True,True,True,TAMPICO
UNIDAD TAMPICO 3A.,09/07/2019,2019.0,LESIONES,CULPOSO,TAMPICO,22.21707584838355,-97.85751815340414,22.21707584838355,-97.85751815340414,True,True,True,TAMPICO
UNIDAD TAMPICO 3A.,09/07/2022,2022.0,LESIONES,CULPOSO,TAMPICO,22.2531719,97.8689594,22.2531719,-97.8689594,True,True,True,TAMPICO
UNIDAD TAMPICO 3A.,09/07/2022,2022.0,LESIONES,CULPOSO,TAMPICO,22.217164522116384,-97.8557443824714,22.217164522116384,-97.8557443824714,True,True,True,TAMPICO
UNIDAD TAMPICO 4,09/08/2022,2022.0,LESIONES,CULPOSO,TAMPICO,22.25128,-97.86191,22.25128,-97.86191,True,True,True,TAMPICO
UNIDAD TAMPICO 4,09/09/2019,2019.0,LESIONES,CULPOSO,TAMPICO,22.29940,-97.89044,22.2994,-97.89044,True,True,True,TAMPICO
UNIDAD TAMPICO 4,09/09/2021,2021.0,LESIONES,CULPOSO,TAMPICO,22.225572,97.84709,22.225572,-97.84709,True,True,True,TAMPICO
UNIDAD TAMPICO 4,09/11/2019,2019.0,LESIONES,CULPOSO,TAMPICO,22.29702,-97.89076,22.29702,-97.89076,True,True,True,TAMPICO
UNIDAD TAMPICO 1A.,09/11/2020,2020.0,LESIONES,CULPOSO,TAMPICO,22.263308111912323,-97.8752389971596,22.263308111912323,-97.8752389971596,True,True,True,TAMPICO
UNIDAD TAMPICO 3A.,09/11/2023,2023.0,LESIONES,CULPOSO,TAMPICO,22.304388430441307,-97.88632300177001,22.304388430441307,-97.88632300177,True,True,True,TAMPICO
UNIDAD TAMPICO 3A.,09/11/2023,2023.0,LESIONES,CULPOSO,TAMPICO,22.30399138541527,-97.86932177237304,22.30399138541527,-97.86932177237304,True,True,True,TAMPICO
UNIDAD TAMPICO 1A.,09/12/2021,2021.0,LESIONES,CULPOSO,TAMPICO,22.24177829188618,-97.85459116445291,22.24177829188618,-97.85459116445293,True,True,True,TAMPICO
UNIDAD TAMPICO 1A.,09/12/2021,2021.0,HOMICIDIO,CULPOSO,TAMPICO,22.252568472855703,-97.85874922779203,22.252568472855703,-97.85874922779205,True,True,True,TAMPICO
UNIDAD TAMPICO 1A.,09/12/2021,2021.0,HOMICIDIO,CULPOSO,TAMPICO,22.252571711863,-97.85879188961238,22.252571711863,-97.85879188961238,True,True,True,TAMPICO
UNIDAD TAMPICO 1A.,09/12/2022,2022.0,LESIONES,CULPOSO,TAMPICO,22.254091965237173,-97.8762501485295,22.254091965237173,-97.8762501485295,True,True,True,TAMPICO
UNIDAD TAMPICO 1A.,10/01/2021,2021.0,LESIONES,CULPOSO,TAMPICO,22.2540796880518,-97.87622700025904,22.2540796880518,-97.87622700025904,True,True,True,TAMPICO
UNIDAD TAMPICO 1A.,10/02/2020,2020.0,HOMICIDIO,CULPOSO,TAMPICO,22.220964366474337,-97.86207497812954,22.220964366474337,-97.86207497812954,True,True,True,TAMPICO
ATENCION INMEDIATA EN TAMPICO,10/02/2022,2022.0,LESIONES,CULPOSO,TAMPICO,22.24951182709088,-97.86620869237377,22.24951182709088,-97.86620869237376,True,True,True,TAMPICO
UNIDAD TAMPICO 2A.,10/03/2022,2022.0,LESIONES,CULPOSO,TAMPICO,22.21511715819356,-97.85890499686083,22.21511715819356,-97.85890499686084,True,True,True,TAMPICO
UNIDAD TAMPICO 2A.,10/04/2022,2022.0,LESIONES,CULPOSO,TAMPICO,22.213880437421793,-97.85701634675465,22.2138804374218,-97.85701634675463,True,True,True,TAMPICO
UNIDAD TAMPICO 2A.,10/05/2020,2020.0,HOMICIDIO,CULPOSO,TAMPICO,22.21570277622954,-97.86417920970325,22.21570277622954,-97.86417920970324,True,True,True,TAMPICO
UNIDAD TAMPICO 2A.,10/05/2021,2021.0,LESIONES,CULPOSO,TAMPICO,22.28547294450558,-97.86561012268068,22.28547294450558,-97.86561012268068,True,True,True,TAMPICO
ATENCION INMEDIATA EN TAMPICO,10/05/2021,2021.0,LESIONES,CULPOSO,TAMPICO,22.311629007884218,-97.88710858627171,22.311629007884218,-97.88710858627172,True,True,True,TAMPICO
UNIDAD TAMPICO 3A.,10/06/2022,2022.0,LESIONES,CULPOSO,TAMPICO,22.2534174,97.8599391,22.2534174,-97.8599391,True,True,True,TAMPICO
ATENCION INMEDIATA EN TAMPICO,10/06/2022,2022.0,LESIONES,CULPOSO,TAMPICO,22.282106376825105,-97.86069082513676,22.282106376825105,-97.86069082513676,True,True,True,TAMPICO
UNIDAD TAMPICO 1A.,10/06/2023,2023.0,LESIONES,CULPOSO,TAMPICO,22.26331618327058,-97.87534182900558,22.26331618327058,-97.87534182900558,True,True,True,TAMPICO
UNIDAD TAMPICO 1A.,10/06/2023,2023.0,LESIONES,CULPOSO,TAMPICO,22.211086125943005,-97.85343011176975,22.211086125943005,-97.85343011176975,True,True,True,TAMPICO
UNIDAD TAMPICO 3A.,10/07/2021,2021.0,LESIONES,CULPOSO,TAMPICO,22.214414480996307,-97.85730348075853,22.214414480996307,-97.85730348075852,True,True,True,TAMPICO
UNIDAD TAMPICO 2A.,10/07/2023,2023.0,LESIONES,CULPOSO,TAMPICO,22.218178834811575,-97.8557131913146,22.21817883481157,-97.8557131913146,True,True,True,TAMPICO
UNIDAD TAMPICO 3A.,10/08/2019,2019.0,HOMICIDIO,CULPOSO,TAMPICO,22.235701536558764,-97.86850939285904,22.235701536558764,-97.86850939285904,True,True,True,TAMPICO
UNIDAD TAMPICO 3A.,10/08/2020,2020.0,HOMICIDIO,CULPOSO,TAMPICO,22.2741289,97.8787044,22.2741289,-97.8787044,True,True,True,TAMPICO
UNIDAD TAMPICO 4,10/09/2019,2019.0,LESIONES,CULPOSO,TAMPICO,22.26820,-97.84303,22.2682,-97.84303,True,False,True,TAMPICO
UNIDAD TAMPICO 4,10/09/2022,2022.0,LESIONES,CULPOSO,TAMPICO,22.27201,-97.87504,22.27201,-97.87504,True,True,True,TAMPICO
UNIDAD TAMPICO 2A.,10/09/2023,2023.0,LESIONES,CULPOSO,TAMPICO,22.26048670157478,-97.86498525011594,22.26048670157478,-97.86498525011594,True,True,True,TAMPICO
UNIDAD TAMPICO 2A.,10/09/2023,2023.0,LESIONES,CULPOSO,TAMPICO,22.28942938668859,-97.88017628492437,22.28942938668859,-97.88017628492436,True,True,True,TAMPICO
UNIDAD TAMPICO 4,10/10/2019,2019.0,LESIONES,CULPOSO,TAMPICO,22.24424,-97.85462,22.24424,-97.85462,True,True,True,TAMPICO
UNIDAD TAMPICO 3A.,10/10/2023,2023.0,LESIONES,CULPOSO,TAMPICO,22.308041191721024,-97.87447875045787,22.308041191721024,-97.87447875045788,True,True,True,TAMPICO
UNIDAD TAMPICO 4,10/11/2019,2019.0,LESIONES,CULPOSO,TAMPICO,22.22535,-97.84835,22.22535,-97.84835,True,True,True,TAMPICO
UNIDAD TAMPICO 4,10/11/2019,2019.0,HOMICIDIO,CULPOSO,TAMPICO,22.25389,-97.87618,22.25389,-97.87618,True,True,True,TAMPICO
UNIDAD TAMPICO 1A.,10/11/2021,2021.0,LESIONES,CULPOSO,TAMPICO,22.240394455517283,-97.8591782150591,22.240394455517283,-97.8591782150591,True,True,True,TAMPICO
ATENCION INMEDIATA EN TAMPICO,10/11/2021,2021.0,LESIONES,CULPOSO,TAMPICO,22.31152,-97.85616,22.31152,-97.85616,True,True,True,TAMPICO
UNIDAD TAMPICO 1A.,10/11/2022,2022.0,LESIONES,CULPOSO,TAMPICO,22.303680572818237,-97.85632431507112,22.30368057281824,-97.85632431507112,True,True,True,TAMPICO
UNIDAD TAMPICO 1A.,10/12/2020,2020.0,LESIONES,CULPOSO,TAMPICO,22.30172180608638,-97.85621625525637,22.30172180608638,-97.85621625525636,True,True,True,TAMPICO
UNIDAD TAMPICO 1A.,10/12/2021,2021.0,LESIONES,CULPOSO,TAMPICO,22.23614041956573,-97.86352041224069,22.23614041956573,-97.86352041224067,True,True,True,TAMPICO
UNIDAD TAMPICO 1A.,10/12/2022,2022.0,LESIONES,CULPOSO,TAMPICO,22.252640565489667,-97.85871040688572,22.252640565489667,-97.85871040688572,True,True,True,TAMPICO
UNIDAD TAMPICO 1A.,10/12/2022,2022.0,HOMICIDIO,CULPOSO,TAMPICO,22.27563914334117,-97.875343898494,22.27563914334117,-97.875343898494,True,True,True,TAMPICO
UNIDAD TAMPICO 3A.,10/12/2023,2023.0,LESIONES,CULPOSO,TAMPICO,22.302006143355403,-97.86262498344408,22.302006143355403,-97.86262498344408,True,True,True,TAMPICO
UNIDAD TAMPICO 3A.,10/12/2023,2023.0,LESIONES,CULPOSO,TAMPICO,22.2394168635167,-97.84270574085751,22.2394168635167,-97.84270574085753,True,False,True,TAMPICO
UNIDAD TAMPICO 1A.,11/01/2019,2019.0,HOMICIDIO,CULPOSO,TAMPICO,22.253652,-97.858504,22.253652,-97.858504,True,True,True,TAMPICO
UNIDAD TAMPICO 2A.,11/01/2021,2021.0,LESIONES,CULPOSO,TAMPICO,22.243721765605958,-97.88354873657228,22.24372176560596,-97.88354873657228,True,True,True,TAMPICO
UNIDAD TAMPICO 2A.,11/01/2021,2021.0,LESIONES,CULPOSO,TAMPICO,22.214246531716903,-97.85277833966215,22.214246531716903,-97.85277833966217,True,True,True,TAMPICO
UNIDAD CIUDAD MADERO 2A.,11/01/2023,2023.0,HOMICIDIO,CULPOSO,TAMPICO,22.252679040631673,-97.8587636658305,22.25267904063168,-97.8587636658305,True,True,True,TAMPICO
UNIDAD TAMPICO 2A.,11/01/2023,2023.0,HOMICIDIO,CULPOSO,TAMPICO,22.221358539076785,-97.86240592482788,22.221358539076785,-97.86240592482788,True,True,True,TAMPICO
ATENCION INMEDIATA EN TAMPICO,11/02/2020,2020.0,LESIONES,CULPOSO,TAMPICO,22.309487837204923,-97.86299885865184,22.309487837204923,-97.86299885865184,True,True,True,TAMPICO
UNIDAD TAMPICO 2A.,11/03/2021,2021.0,LESIONES,CULPOSO,TAMPICO,22.219380198777895,-97.86320686340333,22.21938019877789,-97.86320686340332,True,True,True,TAMPICO
UNIDAD TAMPICO 4,11/03/2023,2023.0,LESIONES,CULPOSO,TAMPICO,22.230926546117498,-97.86284968955073,22.23092654611749,-97.86284968955071,True,True,True,TAMPICO
ATENCION INMEDIATA EN TAMPICO,11/04/2019,2019.0,LESIONES,CULPOSO,TAMPICO,22.21836,-97.84345,22.21836,-97.84345,True,True,True,TAMPICO
UNIDAD TAMPICO 2A.,11/04/2021,2021.0,LESIONES,CULPOSO,TAMPICO,22.21318240528029,-97.86595344543458,22.21318240528029,-97.86595344543458,True,True,True,TAMPICO
UNIDAD TAMPICO 2A.,11/05/2019,2019.0,LESIONES,CULPOSO,TAMPICO,22.31473567565516,-97.88707912822407,22.31473567565516,-97.88707912822407,True,True,True,TAMPICO
UNIDAD TAMPICO 3A.,11/05/2020,2020.0,LESIONES,CULPOSO,TAMPICO,22.2660279,97.8645829,22.2660279,-97.8645829,True,True,True,TAMPICO
UNIDAD TAMPICO 1A.,11/05/2023,2023.0,LESIONES,CULPOSO,TAMPICO,22.222718970154112,-97.86901797447688,22.222718970154112,-97.86901797447688,True,True,True,TAMPICO
UNIDAD TAMPICO 1A.,11/05/2023,2023.0,LESIONES,CULPOSO,TAMPICO,22.268273801626982,-97.86439215368314,22.268273801626982,-97.86439215368314,True,True,True,TAMPICO
UNIDAD TAMPICO 3A.,11/06/2021,2021.0,LESIONES,CULPOSO,TAMPICO,22.2707829,97.94683,22.2707829,-97.94683,True,False,True,TAMPICO
UNIDAD TAMPICO 3A.,11/06/2022,2022.0,LESIONES,CULPOSO,TAMPICO,22.2535802,97.8615905,22.2535802,-97.8615905,True,True,True,TAMPICO
ATENCION INMEDIATA EN TAMPICO,11/06/2022,2022.0,LESIONES,CULPOSO,TAMPICO,22.310523913730798,-97.86865064825169,22.3105239137308,-97.86865064825167,True,True,True,TAMPICO
UNIDAD TAMPICO 1A.,11/06/2023,2023.0,HOMICIDIO,CULPOSO,TAMPICO,22.284280912984116,-97.86537922581181,22.28428091298412,-97.8653792258118,True,True,True,TAMPICO
UNIDAD TAMPICO 1A.,11/06/2023,2023.0,LESIONES,CULPOSO,TAMPICO,22.31479419775544,-97.8586271044924,22.31479419775544,-97.8586271044924,True,True,True,TAMPICO
UNIDAD TAMPICO 3A.,11/07/2019,2019.0,LESIONES,CULPOSO,TAMPICO,22.217711307076637,-97.86438767806345,22.21771130707664,-97.86438767806344,True,True,True,TAMPICO
UNIDAD TAMPICO 3A.,11/07/2020,2020.0,LESIONES,CULPOSO,TAMPICO,22.214768168584172,-97.85582839537565,22.21476816858417,-97.85582839537564,True,True,True,TAMPICO
UNIDAD TAMPICO 2A.,11/07/2023,2023.0,LESIONES,CULPOSO,TAMPICO,22.218948426612574,-97.85684739465552,22.21894842661257,-97.85684739465552,True,True,True,TAMPICO
UNIDAD TAMPICO 2A.,11/08/2023,2023.0,LESIONES,CULPOSO,TAMPICO,22.21049210394856,-97.84504576481578,22.21049210394856,-97.84504576481578,True,True,True,TAMPICO
UNIDAD TAMPICO 2A.,11/08/2023,2023.0,LESIONES,CULPOSO,TAMPICO,22.212010398317098,-97.85040534207,22.21201039831709,-97.85040534207,True,True,True,TAMPICO
UNIDAD TAMPICO 4,11/09/2019,2019.0,LESIONES,CULPOSO,TAMPICO,22.21757,-97.85642,22.21757,-97.85642,True,True,True,TAMPICO
UNIDAD TAMPICO 1A.,11/11/2020,2020.0,LESIONES,CULPOSO,TAMPICO,22.22957134849335,-97.89576327971564,22.22957134849335,-97.89576327971564,True,True,True,TAMPICO
UNIDAD TAMPICO 1A.,11/11/2022,2022.0,LESIONES,CULPOSO,TAMPICO,22.310839013204554,-97.87283062934877,22.31083901320456,-97.87283062934875,True,True,True,TAMPICO
UNIDAD TAMPICO 3A.,11/11/2023,2023.0,LESIONES,CULPOSO,TAMPICO,22.27079443150174,-97.85524262336074,22.27079443150174,-97.85524262336074,True,False,True,TAMPICO
UNIDAD TAMPICO 1A.,11/12/2020,2020.0,LESIONES,CULPOSO,TAMPICO,22.25534012610226,-97.8761454212016,22.25534012610226,-97.8761454212016,True,True,True,TAMPICO
UNIDAD TAMPICO 1A.,11/12/2021,2021.0,LESIONES,CULPOSO,TAMPICO,22.262298636286875,-97.86100128418215,22.262298636286875,-97.86100128418217,True,True,True,TAMPICO
UNIDAD TAMPICO 1A.,12/01/2019,2019.0,HOMICIDIO,CULPOSO,TAMPICO,22.246953,-97.874162,22.246953,-97.874162,True,True,True,TAMPICO
ATENCION INMEDIATA EN TAMPICO,12/01/2022,2022.0,LESIONES,CULPOSO,TAMPICO,22.323452707635553,-97.8780390783517,22.32345270763556,-97.8780390783517,True,True,True,TAMPICO
UNIDAD TAMPICO 2A.,12/03/2019,2019.0,LESIONES,CULPOSO,TAMPICO,22.214329340061315,-97.85490421281469,22.214329340061315,-97.85490421281467,True,True,True,TAMPICO
UNIDAD TAMPICO 4,12/03/2023,2023.0,LESIONES,CULPOSO,TAMPICO,22.30876813785931,-97.87663137160385,22.30876813785931,-97.87663137160384,True,True,True,TAMPICO
UNIDAD TAMPICO 2A.,12/04/2020,2020.0,HOMICIDIO,CULPOSO,TAMPICO,22.215148646600117,-97.85232208150273,22.21514864660012,-97.85232208150272,True,True,True,TAMPICO
UNIDAD TAMPICO 1A.,12/04/2023,2023.0,LESIONES,CULPOSO,TAMPICO,22.291120167746577,-97.87326130347407,22.291120167746577,-97.87326130347408,True,True,True,TAMPICO
ATENCION INMEDIATA EN TAMPICO,12/05/2021,2021.0,LESIONES,CULPOSO,TAMPICO,22.216965832341163,-97.85458107451441,22.216965832341163,-97.8545810745144,True,True,True,TAMPICO
UNIDAD TAMPICO 2A.,12/06/2023,2023.0,HOMICIDIO,CULPOSO,TAMPICO,22.223256098087216,-97.85487475210493,22.223256098087216,-97.85487475210492,True,True,True,TAMPICO
UNIDAD TAMPICO 2A.,12/06/2023,2023.0,HOMICIDIO,CULPOSO,TAMPICO,22.23469255031473,-97.85212063187626,22.23469255031473,-97.85212063187626,True,True,True,TAMPICO
UNIDAD TAMPICO 3A.,12/07/2019,2019.0,LESIONES,CULPOSO,TAMPICO,22.313937092693966,-97.8792016656656,22.31393709269397,-97.8792016656656,True,True,True,TAMPICO
UNIDAD TAMPICO 3A.,12/07/2020,2020.0,LESIONES,CULPOSO,TAMPICO,22.2653709,97.8791759,22.2653709,-97.8791759,True,True,True,TAMPICO
ATENCION INMEDIATA EN TAMPICO,12/08/2019,2019.0,LESIONES,CULPOSO,TAMPICO,22.32030,-97.88248,22.3203,-97.88248,True,True,True,TAMPICO
UNIDAD TAMPICO 2A.,12/08/2023,2023.0,LESIONES,CULPOSO,TAMPICO,22.220234095963608,-97.84799101779294,22.220234095963608,-97.84799101779294,True,True,True,TAMPICO
UNIDAD TAMPICO 2A.,12/08/2023,2023.0,LESIONES,CULPOSO,TAMPICO,22.21123623307622,-97.85502675710812,22.21123623307622,-97.85502675710812,True,True,True,TAMPICO
UNIDAD TAMPICO 1A.,12/09/2022,2022.0,LESIONES,CULPOSO,TAMPICO,22.221170766316355,-97.85326271317057,22.221170766316355,-97.85326271317057,True,True,True,TAMPICO
UNIDAD TAMPICO 1A.,12/09/2022,2022.0,HOMICIDIO,CULPOSO,TAMPICO,22.252522631883917,-97.85880222667123,22.25252263188392,-97.85880222667124,True,True,True,TAMPICO
UNIDAD TAMPICO 1A.,12/10/2022,2022.0,LESIONES,CULPOSO,TAMPICO,22.286983661093103,-97.88078586718554,22.286983661093103,-97.88078586718554,True,True,True,TAMPICO
UNIDAD TAMPICO 1A.,12/10/2022,2022.0,LESIONES,CULPOSO,TAMPICO,22.297376007389705,-97.88196855103996,22.297376007389705,-97.88196855103996,True,True,True,TAMPICO
UNIDAD TAMPICO 1A.,12/10/2022,2022.0,LESIONES,CULPOSO,TAMPICO,22.31702069713832,-97.87852227687836,22.31702069713832,-97.87852227687836,True,True,True,TAMPICO
UNIDAD TAMPICO 3A.,12/10/2023,2023.0,LESIONES,CULPOSO,TAMPICO,22.237351258003276,-97.86417300541784,22.23735125800328,-97.86417300541784,True,True,True,TAMPICO
UNIDAD TAMPICO 1A.,12/11/2022,2022.0,LESIONES,CULPOSO,TAMPICO,22.22679124314216,-97.89518415927888,22.22679124314216,-97.89518415927888,True,True,True,TAMPICO
UNIDAD TAMPICO 3A.,12/11/2023,2023.0,LESIONES,CULPOSO,TAMPICO,22.27992835079183,-97.88014465025073,22.27992835079183,-97.88014465025071,True,True,True,TAMPICO
UNIDAD TAMPICO 2A.,12/12/2022,2022.0,LESIONES,CULPOSO,TAMPICO,22.24008918223525,-97.83641748272201,22.24008918223525,-97.836417482722,True,False,True,TAMPICO
UNIDAD TAMPICO 2A.,13/01/2021,2021.0,HOMICIDIO,CULPOSO,TAMPICO,22.213727486103355,-97.85665946282171,22.213727486103355,-97.85665946282172,True,True,True,TAMPICO
UNIDAD TAMPICO 2A.,13/01/2022,2022.0,LESIONES,CULPOSO,TAMPICO,22.214127781144168,-97.86062195150281,22.214127781144168,-97.8606219515028,True,True,True,TAMPICO
UNIDAD TAMPICO 2A.,13/01/2023,2023.0,LESIONES,CULPOSO,TAMPICO,22.22507138847443,-97.86113862271516,22.22507138847443,-97.86113862271516,True,True,True,TAMPICO
UNIDAD TAMPICO 2A.,13/02/2019,2019.0,LESIONES,CULPOSO,TAMPICO,22.215098183355376,-97.85341074200646,22.215098183355376,-97.85341074200646,True,True,True,TAMPICO
UNIDAD TAMPICO 3A.,13/04/2020,2020.0,HOMICIDIO,CULPOSO,TAMPICO,22.251807,97.8603875,22.251807,-97.8603875,True,True,True,TAMPICO
ATENCION INMEDIATA EN TAMPICO,13/04/2023,2023.0,LESIONES,CULPOSO,TAMPICO,22.21609,-97.85816,22.21609,-97.85816,True,True,True,TAMPICO
UNIDAD TAMPICO 3A.,13/05/2022,2022.0,LESIONES,CULPOSO,TAMPICO,22.2772839,97.8410194,22.2772839,-97.8410194,True,False,True,TAMPICO
UNIDAD TAMPICO 2A.,13/06/2023,2023.0,LESIONES,CULPOSO,TAMPICO,22.224396980868963,-97.8487703732361,22.224396980868963,-97.8487703732361,True,True,True,TAMPICO
UNIDAD TAMPICO 4,13/07/2021,2021.0,LESIONES,CULPOSO,TAMPICO,22.251154,-97.86180,22.251154,-97.8618,True,True,True,TAMPICO
ATENCION INMEDIATA EN TAMPICO,13/09/2021,2021.0,LESIONES,CULPOSO,TAMPICO,22.267204279278452,-97.8637273346071,22.26720427927845,-97.8637273346071,True,True,True,TAMPICO
ATENCION INMEDIATA EN TAMPICO,13/09/2021,2021.0,LESIONES,CULPOSO,TAMPICO,22.21487426123103,-97.85764757190479,22.21487426123103,-97.8576475719048,True,True,True,TAMPICO
UNIDAD TAMPICO 1A.,13/09/2022,2022.0,LESIONES,CULPOSO,TAMPICO,22.219408363098946,-97.85394324398104,22.219408363098943,-97.85394324398104,True,True,True,TAMPICO
UNIDAD TAMPICO 1A.,13/10/2022,2022.0,LESIONES,CULPOSO,TAMPICO,22.21705792061216,-97.8576010465622,22.21705792061216,-97.8576010465622,True,True,True,TAMPICO
UNIDAD TAMPICO 3A.,13/10/2023,2023.0,HOMICIDIO,CULPOSO,TAMPICO,22.261659915848796,-97.84751440811901,22.2616599158488,-97.847514408119,True,False,True,TAMPICO
ATENCION INMEDIATA EN TAMPICO,13/11/2020,2020.0,LESIONES,CULPOSO,TAMPICO,22.21609,-97.85816,22.21609,-97.85816,True,True,True,TAMPICO
UNIDAD TAMPICO 1A.,13/11/2021,2021.0,LESIONES,CULPOSO,TAMPICO,22.28501094065125,-97.88171115697538,22.28501094065125,-97.88171115697538,True,True,True,TAMPICO
UNIDAD TAMPICO 1A.,13/11/2021,2021.0,LESIONES,CULPOSO,TAMPICO,22.215147970147804,-97.85749664055808,22.215147970147804,-97.85749664055808,True,True,True,TAMPICO
UNIDAD TAMPICO 1A.,13/11/2021,2021.0,LESIONES,CULPOSO,TAMPICO,22.313951431919183,-97.86861146012669,22.313951431919183,-97.86861146012669,True,True,True,TAMPICO
UNIDAD TAMPICO 3A.,13/11/2023,2023.0,LESIONES,CULPOSO,TAMPICO,22.241959105425007,-97.87842726908592,22.241959105425007,-97.87842726908592,True,True,True,TAMPICO
UNIDAD CIUDAD MADERO 2A.,13/12/2019,2019.0,LESIONES,CULPOSO,TAMPICO,22.28609181105255,-97.86796585827632,22.28609181105255,-97.86796585827632,True,True,True,TAMPICO
UNIDAD TAMPICO 1A.,13/12/2020,2020.0,LESIONES,CULPOSO,TAMPICO,22.26710685310275,-97.87380094964608,22.26710685310275,-97.87380094964608,True,True,True,TAMPICO
UNIDAD TAMPICO 1A.,13/12/2020,2020.0,LESIONES,CULPOSO,TAMPICO,22.304863993808233,-97.88150316706378,22.30486399380824,-97.88150316706378,True,True,True,TAMPICO
UNIDAD TAMPICO 1A.,13/12/2020,2020.0,LESIONES,CULPOSO,TAMPICO,22.252585412057012,-97.85888286505204,22.25258541205701,-97.85888286505204,True,True,True,TAMPICO
UNIDAD TAMPICO 1A.,13/12/2021,2021.0,LESIONES,CULPOSO,TAMPICO,22.22544954378653,-97.88654358121127,22.22544954378653,-97.88654358121128,True,True,True,TAMPICO
UNIDAD TAMPICO 4,13/12/2023,2023.0,HOMICIDIO,CULPOSO,TAMPICO,22.321261710706633,-97.89121457914797,22.32126171070664,-97.89121457914796,True,True,True,TAMPICO
UNIDAD TAMPICO 2A.,14/01/2021,2021.0,LESIONES,CULPOSO,TAMPICO,22.229868148500955,-97.84586906433105,22.229868148500955,-97.84586906433104,True,True,True,TAMPICO
ATENCION INMEDIATA EN TAMPICO,14/01/2022,2022.0,LESIONES,CULPOSO,TAMPICO,22.28749,-97.87645,22.28749,-97.87645,True,True,True,TAMPICO
UNIDAD TAMPICO 2A.,14/01/2023,2023.0,LESIONES,CULPOSO,TAMPICO,22.23513641756667,-97.86189109917301,22.23513641756667,-97.861891099173,True,True,True,TAMPICO
UNIDAD TAMPICO 2A.,14/02/2022,2022.0,LESIONES,CULPOSO,TAMPICO,22.214905150442167,-97.85873330139664,22.214905150442167,-97.85873330139664,True,True,True,TAMPICO
UNIDAD TAMPICO 2A.,14/03/2020,2020.0,LESIONES,CULPOSO,TAMPICO,22.314063557984053,-97.88330202087434,22.314063557984053,-97.88330202087434,True,True,True,TAMPICO
UNIDAD TAMPICO 2A.,14/03/2020,2020.0,LESIONES,CULPOSO,TAMPICO,22.2152711979144,-97.8553928899308,22.2152711979144,-97.8553928899308,True,True,True,TAMPICO
UNIDAD TAMPICO 1A.,14/03/2023,2023.0,LESIONES,CULPOSO,TAMPICO,22.26686517352755,-97.85940885543825,22.26686517352755,-97.85940885543825,True,True,True,TAMPICO
UNIDAD TAMPICO 3A.,14/04/2022,2022.0,LESIONES,CULPOSO,TAMPICO,22.28252949215734,-97.88489173672235,22.28252949215734,-97.88489173672237,True,True,True,TAMPICO
UNIDAD TAMPICO 1A.,14/04/2023,2023.0,HOMICIDIO,CULPOSO,TAMPICO,22.252641151978466,-97.85876028471783,22.252641151978462,-97.85876028471785,True,True,True,TAMPICO
ATENCION INMEDIATA EN TAMPICO,14/05/2020,2020.0,LESIONES,CULPOSO,TAMPICO,22.21214632250208,-97.85402351776573,22.21214632250208,-97.85402351776573,True,True,True,TAMPICO
UNIDAD TAMPICO 3A.,14/05/2021,2021.0,LESIONES,CULPOSO,TAMPICO,22.2609259,97.919451,22.2609259,-97.919451,True,False,True,TAMPICO
UNIDAD TAMPICO 3A.,14/05/2021,2021.0,LESIONES,CULPOSO,TAMPICO,22.21506282844209,-97.85466084150374,22.21506282844209,-97.85466084150374,True,True,True,TAMPICO
UNIDAD TAMPICO 3A.,14/05/2022,2022.0,LESIONES,CULPOSO,TAMPICO,22.2690249,97.8636419,22.2690249,-97.8636419,True,True,True,TAMPICO
UNIDAD TAMPICO 3A.,14/05/2022,2022.0,LESIONES,CULPOSO,TAMPICO,22.280698377783448,-97.87293827942595,22.280698377783448,-97.87293827942597,True,True,True,TAMPICO
UNIDAD TAMPICO 1A.,14/05/2023,2023.0,LESIONES,CULPOSO,TAMPICO,22.216169322710016,-97.8632758120165,22.216169322710016,-97.8632758120165,True,True,True,TAMPICO
UNIDAD TAMPICO 3A.,14/06/2020,2020.0,LESIONES,CULPOSO,TAMPICO,22.2359589,97.8726224,22.2359589,-97.8726224,True,True,True,TAMPICO
UNIDAD TAMPICO 3A.,14/06/2020,2020.0,HOMICIDIO,CULPOSO,TAMPICO,22.215611996933138,-97.85730846882797,22.21561199693313,-97.85730846882797,True,True,True,TAMPICO
UNIDAD TAMPICO 2A.,14/06/2023,2023.0,LESIONES,CULPOSO,TAMPICO,22.216168905597293,-97.85225605769477,22.216168905597293,-97.85225605769476,True,True,True,TAMPICO
UNIDAD TAMPICO 4,14/08/2019,2019.0,LESIONES,CULPOSO,TAMPICO,22.29969,97.89046,22.29969,-97.89046,True,True,True,TAMPICO
UNIDAD TAMPICO 4,14/08/2022,2022.0,HOMICIDIO,CULPOSO,TAMPICO,22.297240,-97.89007,22.29724,-97.89007,True,True,True,TAMPICO
UNIDAD TAMPICO 3A.,14/09/2023,2023.0,LESIONES,CULPOSO,TAMPICO,22.293270743128232,-97.8761938294368,22.293270743128232,-97.8761938294368,True,True,True,TAMPICO
UNIDAD TAMPICO 1A.,14/10/2020,2020.0,HOMICIDIO,CULPOSO,TAMPICO,22.32438482108091,-97.89434678574464,22.32438482108091,-97.89434678574464,True,True,True,TAMPICO
UNIDAD TAMPICO 1A.,14/10/2020,2020.0,HOMICIDIO,CULPOSO,TAMPICO,22.24926859938204,-97.87556386945957,22.24926859938204,-97.87556386945955,True,True,True,TAMPICO
UNIDAD ALTAMIRA 2,14/10/2022,2022.0,LESIONES,CULPOSO,TAMPICO,22.4254465,-97.93362,22.4254465,-97.93362,True,False,False,TAMPICO
UNIDAD TAMPICO 3A.,14/10/2023,2023.0,LESIONES,CULPOSO,TAMPICO,22.27420979287764,-97.85816217134096,22.27420979287764,-97.85816217134096,True,True,True,TAMPICO
UNIDAD TAMPICO 3A.,14/10/2023,2023.0,HOMICIDIO,CULPOSO,TAMPICO,22.274368644865753,-97.86674907716507,22.27436864486576,-97.86674907716508,True,True,True,TAMPICO
UNIDAD TAMPICO 1A.,14/11/2021,2021.0,HOMICIDIO,CULPOSO,TAMPICO,22.252849804240345,-97.85855145946647,22.252849804240345,-97.85855145946648,True,True,True,TAMPICO
UNIDAD TAMPICO 1A.,14/11/2021,2021.0,HOMICIDIO,CULPOSO,TAMPICO,22.25267036654656,-97.8588139395504,22.25267036654656,-97.8588139395504,True,True,True,TAMPICO
UNIDAD TAMPICO 1A.,14/11/2022,2022.0,LESIONES,CULPOSO,TAMPICO,22.28325142616221,-97.86466103989328,22.28325142616221,-97.86466103989328,True,True,True,TAMPICO
ATENCION INMEDIATA EN TAMPICO,14/11/2023,2023.0,LESIONES,CULPOSO,TAMPICO,22.24020400962003,-97.86679653853335,22.24020400962003,-97.86679653853336,True,True,True,TAMPICO
UNIDAD CIUDAD MADERO 2A.,14/12/2019,2019.0,LESIONES,CULPOSO,TAMPICO,22.247528208845065,-97.87375471914926,22.247528208845065,-97.87375471914926,True,True,True,TAMPICO
UNIDAD CIUDAD MADERO 2A.,14/12/2019,2019.0,LESIONES,CULPOSO,TAMPICO,22.282336941705807,-97.88568952048703,22.282336941705807,-97.88568952048703,True,True,True,TAMPICO
UNIDAD CIUDAD MADERO 2A.,14/12/2019,2019.0,LESIONES,CULPOSO,TAMPICO,22.252607220861133,-97.85876045089316,22.252607220861133,-97.85876045089316,True,True,True,TAMPICO
ATENCION INMEDIATA EN TAMPICO,14/12/2020,2020.0,LESIONES,CULPOSO,TAMPICO,22.23093,97.28393,22.23093,-97.28393,True,False,False,TAMPICO
UNIDAD TAMPICO 2A.,15/01/2021,2021.0,HOMICIDIO,CULPOSO,TAMPICO,22.235486724958424,-97.86782026290895,22.235486724958424,-97.86782026290896,True,True,True,TAMPICO
UNIDAD TAMPICO 2A.,15/01/2023,2023.0,LESIONES,CULPOSO,TAMPICO,22.220934579600186,-97.85760088538245,22.220934579600183,-97.85760088538244,True,True,True,TAMPICO
UNIDAD TAMPICO 2A.,15/01/2023,2023.0,LESIONES,CULPOSO,TAMPICO,22.219590111792083,-97.85820967158966,22.219590111792083,-97.85820967158966,True,True,True,TAMPICO
UNIDAD TAMPICO 2A.,15/01/2023,2023.0,LESIONES,CULPOSO,TAMPICO,22.219112967203603,-97.85517225412143,22.219112967203603,-97.85517225412144,True,True,True,TAMPICO
UNIDAD 1 ADOLESCENTES TAMPICO,15/01/2023,2023.0,LESIONES,CULPOSO,TAMPICO,22.391479992906632,-97.89727674864463,22.391479992906632,-97.89727674864464,True,False,False,TAMPICO
UNIDAD TAMPICO 2A.,15/01/2023,2023.0,LESIONES,CULPOSO,TAMPICO,22.233334772549195,-97.8603466222084,22.233334772549195,-97.8603466222084,True,True,True,TAMPICO
UNIDAD TAMPICO 2A.,15/02/2020,2020.0,LESIONES,CULPOSO,TAMPICO,22.27753309997756,-97.88048202210736,22.27753309997756,-97.88048202210736,True,True,True,TAMPICO
UNIDAD TAMPICO 2A.,15/02/2020,2020.0,HOMICIDIO,CULPOSO,TAMPICO,22.32060096528373,-97.87646784871913,22.32060096528373,-97.87646784871912,True,True,True,TAMPICO
UNIDAD TAMPICO 2A.,15/03/2020,2020.0,HOMICIDIO,CULPOSO,TAMPICO,22.391085915040502,-97.92141921740898,22.391085915040502,-97.92141921740898,True,False,False,TAMPICO
UNIDAD TAMPICO 2A.,15/03/2021,2021.0,LESIONES,CULPOSO,TAMPICO,22.252765601306884,-97.86953687667848,22.252765601306884,-97.86953687667848,True,True,True,TAMPICO
UNIDAD TAMPICO 3A.,15/03/2021,2021.0,HOMICIDIO,CULPOSO,TAMPICO,22.2937396,-97.8819846,22.2937396,-97.8819846,True,True,True,TAMPICO
UNIDAD TAMPICO 1A.,15/04/2023,2023.0,LESIONES,CULPOSO,TAMPICO,22.317182821627934,-97.87633279091129,22.31718282162793,-97.87633279091128,True,True,True,TAMPICO
UNIDAD TAMPICO 1A.,15/04/2023,2023.0,LESIONES,CULPOSO,TAMPICO,22.214224629094623,-97.85999942534238,22.214224629094623,-97.85999942534238,True,True,True,TAMPICO
UNIDAD TAMPICO 3A.,15/05/2021,2021.0,HOMICIDIO,CULPOSO,TAMPICO,22.3147133,97.8829795,22.3147133,-97.8829795,True,True,True,TAMPICO
UNIDAD TAMPICO 2A.,15/05/2023,2023.0,LESIONES,CULPOSO,TAMPICO,22.234871374665566,-97.87304565502845,22.23487137466557,-97.87304565502843,True,True,True,TAMPICO
UNIDAD TAMPICO 4,15/06/2020,2020.0,LESIONES,CULPOSO,TAMPICO,22.215519,-97.85626,22.215519,-97.85626,True,True,True,TAMPICO
UNIDAD TAMPICO 4,15/06/2021,2021.0,LESIONES,CULPOSO,TAMPICO,22.31422,97.87963,22.31422,-97.87963,True,True,True,TAMPICO
UNIDAD TAMPICO 2A.,15/06/2023,2023.0,LESIONES,CULPOSO,TAMPICO,22.24806302591109,-97.85969730052902,22.24806302591109,-97.85969730052902,True,True,True,TAMPICO
UNIDAD TAMPICO 2A.,15/06/2023,2023.0,LESIONES,CULPOSO,TAMPICO,22.21950371782189,-97.85622801696947,22.21950371782189,-97.85622801696948,True,True,True,TAMPICO
UNIDAD TAMPICO 2A.,15/06/2023,2023.0,LESIONES,CULPOSO,TAMPICO,22.209931712590897,-97.84646454641052,22.209931712590897,-97.84646454641052,True,True,True,TAMPICO
UNIDAD TAMPICO 2A.,15/07/2023,2023.0,LESIONES,CULPOSO,TAMPICO,22.21542303345722,-97.85639962552109,22.21542303345722,-97.85639962552108,True,True,True,TAMPICO
UNIDAD TAMPICO 4,15/08/2020,2020.0,LESIONES,CULPOSO,TAMPICO,22.307069,-97.86461,22.307069,-97.86461,True,True,True,TAMPICO
UNIDAD TAMPICO 1A.,15/08/2022,2022.0,LESIONES,CULPOSO,TAMPICO,22.224728532211664,-97.86949675847261,22.224728532211664,-97.8694967584726,True,True,True,TAMPICO
UNIDAD TAMPICO 1A.,15/08/2022,2022.0,LESIONES,CULPOSO,TAMPICO,22.224301593388862,-97.84933472931134,22.224301593388866,-97.84933472931134,True,True,True,TAMPICO
UNIDAD TAMPICO 3A.,15/08/2023,2023.0,LESIONES,CULPOSO,TAMPICO,22.278498733234024,-97.88186203141558,22.278498733234024,-97.88186203141558,True,True,True,TAMPICO
UNIDAD TAMPICO 3A.,15/08/2023,2023.0,LESIONES,CULPOSO,TAMPICO,22.2210613,97.8645427,22.2210613,-97.8645427,True,True,True,TAMPICO
ATENCION INMEDIATA EN TAMPICO,15/08/2023,2023.0,LESIONES,CULPOSO,TAMPICO,22.25694,-97.87423,22.25694,-97.87423,True,True,True,TAMPICO
UNIDAD TAMPICO 1A.,15/09/2021,2021.0,LESIONES,CULPOSO,TAMPICO,22.307346885263186,-97.88132848061795,22.307346885263183,-97.88132848061797,True,True,True,TAMPICO
UNIDAD TAMPICO 1A.,15/09/2022,2022.0,LESIONES,CULPOSO,TAMPICO,22.24037778398451,-97.86625912329215,22.24037778398451,-97.86625912329217,True,True,True,TAMPICO
UNIDAD TAMPICO 1A.,15/09/2022,2022.0,LESIONES,CULPOSO,TAMPICO,22.307334283164764,-97.88147165294131,22.307334283164764,-97.88147165294131,True,True,True,TAMPICO
UNIDAD TAMPICO 1A.,15/10/2022,2022.0,LESIONES,CULPOSO,TAMPICO,22.312563274598613,-97.88900703191759,22.312563274598613,-97.8890070319176,True,True,True,TAMPICO
UNIDAD TAMPICO 1A.,15/11/2020,2020.0,LESIONES,CULPOSO,TAMPICO,22.306951789778168,-97.88163547037789,22.306951789778168,-97.88163547037789,True,True,True,TAMPICO
UNIDAD TAMPICO 2A.,15/11/2021,2021.0,LESIONES,CULPOSO,TAMPICO,22.214556407175863,-97.85639962552109,22.214556407175863,-97.85639962552108,True,True,True,TAMPICO
UNIDAD TAMPICO 2A.,15/11/2022,2022.0,LESIONES,CULPOSO,TAMPICO,22.29363528312146,-97.85569984768148,22.29363528312146,-97.85569984768148,True,True,True,TAMPICO
UNIDAD TAMPICO 4,15/11/2023,2023.0,LESIONES,CULPOSO,TAMPICO,22.217658772261785,-97.85852567674671,22.217658772261785,-97.85852567674672,True,True,True,TAMPICO
UNIDAD TAMPICO 2A.,16/01/2022,2022.0,HOMICIDIO,CULPOSO,TAMPICO,22.215664843338562,-97.85804651953984,22.21566484333856,-97.85804651953984,True,True,True,TAMPICO
UNIDAD TAMPICO 2A.,16/01/2022,2022.0,LESIONES,CULPOSO,TAMPICO,22.213456415131436,-97.85942008325344,22.21345641513144,-97.85942008325344,True,True,True,TAMPICO
UNIDAD TAMPICO 3A.,16/01/2023,2023.0,LESIONES,CULPOSO,TAMPICO,22.2433761,97.8743563,22.2433761,-97.8743563,True,True,True,TAMPICO
UNIDAD TAMPICO 3A.,16/01/2023,2023.0,LESIONES,CULPOSO,TAMPICO,22.2218792,97.8457781,22.2218792,-97.8457781,True,True,True,TAMPICO
UNIDAD TAMPICO 2A.,16/02/2020,2020.0,LESIONES,CULPOSO,TAMPICO,22.291103353037126,-97.87324741702446,22.291103353037126,-97.87324741702446,True,True,True,TAMPICO
UNIDAD TAMPICO 2A.,16/02/2020,2020.0,LESIONES,CULPOSO,TAMPICO,22.21490926656094,-97.85454757807742,22.21490926656094,-97.85454757807742,True,True,True,TAMPICO
UNIDAD TAMPICO 1A.,16/03/2023,2023.0,LESIONES,CULPOSO,TAMPICO,22.253076483016326,-97.85880694890623,22.25307648301633,-97.85880694890623,True,True,True,TAMPICO
UNIDAD TAMPICO 1A.,16/03/2023,2023.0,LESIONES,CULPOSO,TAMPICO,22.29609584868475,-97.87651330232622,22.29609584868475,-97.87651330232622,True,True,True,TAMPICO
UNIDAD TAMPICO 3A.,16/04/2021,2021.0,LESIONES,CULPOSO,TAMPICO,22.238291,97.870656,22.238291,-97.870656,True,True,True,TAMPICO
UNIDAD TAMPICO 3A.,16/04/2021,2021.0,LESIONES,CULPOSO,TAMPICO,22.2218807,97.8831782,22.2218807,-97.8831782,True,True,True,TAMPICO
UNIDAD TAMPICO 3A.,16/05/2020,2020.0,LESIONES,CULPOSO,TAMPICO,22.2873392,97.8371632,22.2873392,-97.8371632,True,False,True,TAMPICO
UNIDAD TAMPICO 3A.,16/05/2021,2021.0,LESIONES,CULPOSO,TAMPICO,22.215416621905597,-97.85816670887509,22.2154166219056,-97.85816670887507,True,True,True,TAMPICO
UNIDAD TAMPICO 2A.,16/05/2023,2023.0,LESIONES,CULPOSO,TAMPICO,22.229407522667458,-97.84409377607776,22.22940752266745,-97.84409377607776,True,True,True,TAMPICO
UNIDAD TAMPICO 1A.,16/05/2023,2023.0,LESIONES,CULPOSO,TAMPICO,22.228715612386846,-97.89155155378991,22.228715612386846,-97.89155155378992,True,True,True,TAMPICO
UNIDAD TAMPICO 3A.,16/06/2019,2019.0,LESIONES,CULPOSO,TAMPICO,22.226419344513058,-97.89799549497329,22.22641934451305,-97.89799549497327,True,True,True,TAMPICO
ATENCION INMEDIATA EN TAMPICO,16/06/2021,2021.0,LESIONES,CULPOSO,TAMPICO,22.259986844849553,-97.86861419677734,22.25998684484956,-97.86861419677734,True,True,True,TAMPICO
UNIDAD TAMPICO 1A.,16/08/2022,2022.0,LESIONES,CULPOSO,TAMPICO,22.23708095190392,-97.84551756309274,22.23708095190392,-97.84551756309274,True,True,True,TAMPICO
UNIDAD TAMPICO 1A.,16/09/2020,2020.0,LESIONES,CULPOSO,TAMPICO,22.270347440448035,-97.8737229392716,22.270347440448035,-97.8737229392716,True,True,True,TAMPICO
UNIDAD TAMPICO 1A.,16/09/2021,2021.0,LESIONES,CULPOSO,TAMPICO,22.215927810852218,-97.87071489999936,22.21592781085221,-97.87071489999936,True,True,True,TAMPICO
UNIDAD TAMPICO 1A.,16/09/2022,2022.0,LESIONES,CULPOSO,TAMPICO,22.25388114230007,-97.87613991505505,22.25388114230007,-97.87613991505503,True,True,True,TAMPICO
UNIDAD TAMPICO 3A.,16/09/2023,2023.0,LESIONES,CULPOSO,TAMPICO,22.304547248135695,-97.86675444893214,22.30454724813569,-97.86675444893214,True,True,True,TAMPICO
UNIDAD TAMPICO 3A.,16/09/2023,2023.0,LESIONES,CULPOSO,TAMPICO,22.29501786686447,-97.8579938865033,22.29501786686447,-97.8579938865033,True,True,True,TAMPICO
UNIDAD TAMPICO 1A.,16/10/2020,2020.0,LESIONES,CULPOSO,TAMPICO,22.22402753420268,-97.90302292518066,22.22402753420268,-97.90302292518066,True,False,True,TAMPICO
UNIDAD TAMPICO 1A.,16/10/2022,2022.0,LESIONES,CULPOSO,TAMPICO,22.242825467804014,-97.86361792712712,22.24282546780401,-97.86361792712712,True,True,True,TAMPICO
UNIDAD TAMPICO 1A.,16/10/2022,2022.0,LESIONES,CULPOSO,TAMPICO,22.304724677065057,-97.8581750392914,22.304724677065057,-97.8581750392914,True,True,True,TAMPICO
UNIDAD TAMPICO 3A.,16/10/2023,2023.0,LESIONES,CULPOSO,TAMPICO,22.218203235017686,-97.84802962246846,22.21820323501769,-97.84802962246846,True,True,True,TAMPICO
ATENCION INMEDIATA EN TAMPICO,16/10/2023,2023.0,LESIONES,CULPOSO,TAMPICO,22.23570,97.84483,22.2357,-97.84483,True,True,True,TAMPICO
UNIDAD TAMPICO 1A.,16/11/2019,2019.0,HOMICIDIO,CULPOSO,TAMPICO,22.2187608013199,-97.86142305155298,22.2187608013199,-97.86142305155298,True,True,True,TAMPICO
UNIDAD TAMPICO 2A.,16/11/2020,2020.0,LESIONES,CULPOSO,TAMPICO,22.29182637150115,-97.86612510681152,22.29182637150115,-97.86612510681152,True,True,True,TAMPICO
UNIDAD TAMPICO 2A.,16/11/2020,2020.0,LESIONES,CULPOSO,TAMPICO,22.229232537515404,-97.86561012268068,22.229232537515404,-97.86561012268068,True,True,True,TAMPICO
ATENCION INMEDIATA EN TAMPICO,16/11/2021,2021.0,LESIONES,CULPOSO,TAMPICO,22.23093,97.28393,22.23093,-97.28393,True,False,False,TAMPICO
ATENCION INMEDIATA EN TAMPICO,16/12/2021,2021.0,LESIONES,CULPOSO,TAMPICO,22.29943,-97.89942,22.29943,-97.89942,True,True,True,TAMPICO
UNIDAD TAMPICO 2A.,16/12/2022,2022.0,LESIONES,CULPOSO,TAMPICO,22.252170442598175,-97.87032099027242,22.25217044259817,-97.87032099027242,True,True,True,TAMPICO
UNIDAD TAMPICO 4,16/12/2023,2023.0,LESIONES,CULPOSO,TAMPICO,22.283949778471133,-97.87383077362828,22.283949778471133,-97.87383077362828,True,True,True,TAMPICO
UNIDAD TAMPICO 4,16/12/2023,2023.0,LESIONES,CULPOSO,TAMPICO,22.278234,-97.88493,22.278234,-97.88493,True,True,True,TAMPICO
UNIDAD TAMPICO 3A.,17/01/2023,2023.0,LESIONES,CULPOSO,TAMPICO,22.2487099,97.8878271,22.2487099,-97.8878271,True,True,True,TAMPICO
UNIDAD TAMPICO 3A.,17/01/2023,2023.0,HOMICIDIO,CULPOSO,TAMPICO,22.288591928344527,-97.87974148675423,22.288591928344527,-97.87974148675424,True,True,True,TAMPICO
UNIDAD TAMPICO 3A.,17/02/2021,2021.0,LESIONES,CULPOSO,TAMPICO,22.2336132,-97.8770189,22.2336132,-97.8770189,True,True,True,TAMPICO
UNIDAD TAMPICO 3A.,17/03/2020,2020.0,LESIONES,CULPOSO,TAMPICO,22.2262853,97.8902611,22.2262853,-97.8902611,True,True,True,TAMPICO
UNIDAD TAMPICO 3A.,17/03/2020,2020.0,LESIONES,CULPOSO,TAMPICO,22.2832245,97.8771942,22.2832245,-97.8771942,True,True,True,TAMPICO
UNIDAD TAMPICO 3A.,17/04/2021,2021.0,LESIONES,CULPOSO,TAMPICO,22.3073673,97.8839635,22.3073673,-97.8839635,True,True,True,TAMPICO
UNIDAD TAMPICO 1A.,17/04/2023,2023.0,HOMICIDIO,CULPOSO,TAMPICO,22.293174774613437,-97.87448744089596,22.29317477461344,-97.87448744089596,True,True,True,TAMPICO
UNIDAD TAMPICO 1A.,17/04/2023,2023.0,HOMICIDIO,CULPOSO,TAMPICO,22.252443520828532,-97.8586201551503,22.25244352082853,-97.8586201551503,True,True,True,TAMPICO
UNIDAD TAMPICO 3A.,17/05/2019,2019.0,LESIONES,CULPOSO,TAMPICO,22.215328322134955,-97.85734641528768,22.215328322134955,-97.85734641528768,True,True,True,TAMPICO
UNIDAD TAMPICO 3A.,17/05/2019,2019.0,LESIONES,CULPOSO,TAMPICO,22.217711307076637,-97.86438767806345,22.21771130707664,-97.86438767806344,True,True,True,TAMPICO
UNIDAD TAMPICO 3A.,17/05/2020,2020.0,LESIONES,CULPOSO,TAMPICO,22.277875,97.8860945,22.277875,-97.8860945,True,True,True,TAMPICO
UNIDAD TAMPICO 3A.,17/05/2021,2021.0,LESIONES,CULPOSO,TAMPICO,22.21588809633057,-97.85687303264602,22.21588809633057,-97.85687303264602,True,True,True,TAMPICO
UNIDAD TAMPICO 2A.,17/06/2023,2023.0,LESIONES,CULPOSO,TAMPICO,22.214443360690883,-97.85532668914661,22.214443360690883,-97.8553266891466,True,True,True,TAMPICO
ATENCION INMEDIATA EN TAMPICO,17/07/2023,2023.0,LESIONES,CULPOSO,TAMPICO,22.30296509296328,-97.89628854148334,22.30296509296328,-97.89628854148334,True,True,True,TAMPICO
UNIDAD TAMPICO 4,17/08/2019,2019.0,HOMICIDIO,CULPOSO,TAMPICO,22.25213,97.85944,22.25213,-97.85944,True,True,True,TAMPICO
UNIDAD TAMPICO 3A.,17/08/2023,2023.0,LESIONES,CULPOSO,TAMPICO,22.28183448480092,-97.88169029329909,22.28183448480092,-97.88169029329909,True,True,True,TAMPICO
UNIDAD TAMPICO 3A.,17/08/2023,2023.0,HOMICIDIO,CULPOSO,TAMPICO,22.278975274043813,-97.84150357404214,22.278975274043813,-97.84150357404214,True,False,True,TAMPICO
UNIDAD TAMPICO 3A.,17/08/2023,2023.0,HOMICIDIO,CULPOSO,TAMPICO,22.277545646743047,-97.88495331751228,22.277545646743047,-97.88495331751228,True,True,True,TAMPICO
UNIDAD TAMPICO 1A.,17/09/2022,2022.0,LESIONES,CULPOSO,TAMPICO,22.295359098726816,-97.88547210813309,22.295359098726816,-97.88547210813309,True,True,True,TAMPICO
UNIDAD TAMPICO 1A.,17/09/2022,2022.0,LESIONES,CULPOSO,TAMPICO,22.236136117819722,-97.8634920066862,22.23613611781972,-97.8634920066862,True,True,True,TAMPICO
UNIDAD TAMPICO 3A.,17/09/2023,2023.0,LESIONES,CULPOSO,TAMPICO,22.220984230532498,-97.85558609959368,22.220984230532498,-97.85558609959368,True,True,True,TAMPICO
UNIDAD TAMPICO 3A.,17/09/2023,2023.0,LESIONES,CULPOSO,TAMPICO,22.303753157857894,-97.87086994782585,22.30375315785789,-97.87086994782584,True,True,True,TAMPICO
UNIDAD TAMPICO 1A.,17/10/2019,2019.0,LESIONES,CULPOSO,TAMPICO,22.267868526285348,-97.84291226206226,22.267868526285348,-97.84291226206226,True,False,True,TAMPICO
UNIDAD TAMPICO 1A.,17/10/2019,2019.0,LESIONES,CULPOSO,TAMPICO,22.21909759683552,-97.85323866484599,22.21909759683552,-97.853238664846,True,True,True,TAMPICO
UNIDAD TAMPICO 1A.,17/10/2022,2022.0,LESIONES,CULPOSO,TAMPICO,22.236868983963888,-97.8650176249408,22.236868983963888,-97.8650176249408,True,True,True,TAMPICO
UNIDAD TAMPICO 1A.,17/11/2019,2019.0,LESIONES,CULPOSO,TAMPICO,22.313023880487336,-97.8822123860173,22.313023880487336,-97.8822123860173,True,True,True,TAMPICO
UNIDAD TAMPICO 1A.,17/11/2019,2019.0,HOMICIDIO,CULPOSO,TAMPICO,22.307368713633686,-97.88133597702873,22.30736871363369,-97.88133597702873,True,True,True,TAMPICO
UNIDAD TAMPICO 2A.,17/11/2020,2020.0,HOMICIDIO,CULPOSO,TAMPICO,22.299317737339145,-97.85238966499561,22.299317737339145,-97.8523896649956,True,True,True,TAMPICO
ATENCION INMEDIATA EN TAMPICO,17/11/2021,2021.0,LESIONES,CULPOSO,TAMPICO,22.23093,97.28393,22.23093,-97.28393,True,False,False,TAMPICO
UNIDAD TAMPICO 4,17/11/2023,2023.0,LESIONES,CULPOSO,TAMPICO,22.21303908990232,-97.85645532562901,22.21303908990232,-97.856455325629,True,True,True,TAMPICO
UNIDAD TAMPICO 4,17/11/2023,2023.0,HOMICIDIO,CULPOSO,TAMPICO,22.23790202332703,-97.85891258274178,22.23790202332703,-97.85891258274178,True,True,True,TAMPICO
UNIDAD TAMPICO 2A.,17/12/2021,2021.0,LESIONES,CULPOSO,TAMPICO,22.305212465170825,-97.86333340896708,22.305212465170825,-97.86333340896708,True,True,True,TAMPICO
UNIDAD TAMPICO 2A.,17/12/2021,2021.0,LESIONES,CULPOSO,TAMPICO,22.213597755228516,-97.85684465129046,22.21359775522852,-97.85684465129046,True,True,True,TAMPICO
UNIDAD TAMPICO 4,17/12/2023,2023.0,LESIONES,CULPOSO,TAMPICO,22.307956977005123,-97.87951200336795,22.307956977005123,-97.87951200336796,True,True,True,TAMPICO
UNIDAD TAMPICO 3A.,18/01/2022,2022.0,HOMICIDIO,CULPOSO,TAMPICO,22.2535802,97.8615905,22.2535802,-97.8615905,True,True,True,TAMPICO
UNIDAD TAMPICO 3A.,18/01/2023,2023.0,LESIONES,CULPOSO,TAMPICO,22.235802,97.88484,22.235802,-97.88484,True,True,True,TAMPICO
UNIDAD TAMPICO 3A.,18/01/2023,2023.0,LESIONES,CULPOSO,TAMPICO,22.2208806,97.8570056,22.2208806,-97.8570056,True,True,True,TAMPICO
UNIDAD TAMPICO 3A.,18/02/2020,2020.0,LESIONES,CULPOSO,TAMPICO,22.2137126,97.8718811,22.2137126,-97.8718811,True,True,True,TAMPICO
ATENCION INMEDIATA EN TAMPICO,18/03/2019,2019.0,LESIONES,CULPOSO,TAMPICO,22.228755827385086,-97.86063194274904,22.228755827385086,-97.86063194274904,True,True,True,TAMPICO
UNIDAD TAMPICO 3A.,18/03/2022,2022.0,LESIONES,CULPOSO,TAMPICO,22.227924764391243,-97.86136296772796,22.227924764391243,-97.86136296772796,True,True,True,TAMPICO
UNIDAD TAMPICO 3A.,18/04/2020,2020.0,LESIONES,CULPOSO,TAMPICO,22.2051999,97.8461383,22.2051999,-97.8461383,True,False,True,TAMPICO
UNIDAD TAMPICO 3A.,18/04/2020,2020.0,HOMICIDIO,CULPOSO,TAMPICO,22.214455488651286,-97.85696304563888,22.21445548865129,-97.85696304563888,True,True,True,TAMPICO
UNIDAD TAMPICO 2A.,18/04/2023,2023.0,LESIONES,CULPOSO,TAMPICO,22.24560651775146,-97.87082377175186,22.24560651775146,-97.87082377175186,True,True,True,TAMPICO
UNIDAD TAMPICO 2A.,18/05/2023,2023.0,LESIONES,CULPOSO,TAMPICO,22.218587654528054,-97.86421910478194,22.21858765452805,-97.86421910478194,True,True,True,TAMPICO
UNIDAD TAMPICO 2A.,18/06/2023,2023.0,HOMICIDIO,CULPOSO,TAMPICO,22.21654110255152,-97.85474652111921,22.21654110255152,-97.8547465211192,True,True,True,TAMPICO
UNIDAD TAMPICO 2A.,18/06/2023,2023.0,LESIONES,CULPOSO,TAMPICO,22.243951836631364,-97.86433726855749,22.243951836631364,-97.86433726855748,True,True,True,TAMPICO
UNIDAD TAMPICO 2A.,18/06/2023,2023.0,HOMICIDIO,CULPOSO,TAMPICO,22.22812940356996,-97.8845704270819,22.22812940356996,-97.8845704270819,True,True,True,TAMPICO
UNIDAD TAMPICO 3A.,18/07/2019,2019.0,LESIONES,CULPOSO,TAMPICO,22.21511504098515,-97.85475029967033,22.21511504098515,-97.85475029967031,True,True,True,TAMPICO
UNIDAD 1 ADOLESCENTES TAMPICO,18/08/2021,2021.0,LESIONES,CULPOSO,TAMPICO,22.283477683768186,-97.88663151790288,22.283477683768183,-97.88663151790288,True,True,True,TAMPICO
UNIDAD TAMPICO 1A.,18/09/2020,2020.0,LESIONES,CULPOSO,TAMPICO,22.238760416959877,-97.86165320014585,22.23876041695988,-97.86165320014584,True,True,True,TAMPICO
UNIDAD TAMPICO 1A.,18/09/2022,2022.0,LESIONES,CULPOSO,TAMPICO,22.25115048176028,-97.86484323436977,22.25115048176028,-97.86484323436976,True,True,True,TAMPICO
UNIDAD TAMPICO 1A.,18/09/2022,2022.0,HOMICIDIO,CULPOSO,TAMPICO,22.252592140420887,-97.85873531645417,22.252592140420887,-97.85873531645416,True,True,True,TAMPICO
UNIDAD TAMPICO 3A.,18/09/2023,2023.0,LESIONES,CULPOSO,TAMPICO,22.272780116867004,-97.8633143148354,22.272780116867004,-97.8633143148354,True,True,True,TAMPICO
UNIDAD TAMPICO 1A.,18/10/2019,2019.0,LESIONES,CULPOSO,TAMPICO,22.321939209493525,-97.86563627752132,22.321939209493525,-97.86563627752132,True,True,True,TAMPICO
UNIDAD TAMPICO 2A.,18/10/2022,2022.0,LESIONES,CULPOSO,TAMPICO,22.218032493621052,-97.85800130184484,22.21803249362105,-97.85800130184484,True,True,True,TAMPICO
UNIDAD TAMPICO 4,18/10/2023,2023.0,LESIONES,CULPOSO,TAMPICO,22.249675754117153,-97.87371759287015,22.24967575411716,-97.87371759287016,True,True,True,TAMPICO
UNIDAD TAMPICO 4,18/11/2023,2023.0,LESIONES,CULPOSO,TAMPICO,22.29932838295765,-97.85537205192898,22.29932838295765,-97.85537205192898,True,True,True,TAMPICO
UNIDAD TAMPICO 4,18/11/2023,2023.0,LESIONES,CULPOSO,TAMPICO,22.267194512232162,-97.85922067448644,22.26719451223216,-97.85922067448644,True,True,True,TAMPICO
UNIDAD TAMPICO 4,18/11/2023,2023.0,LESIONES,CULPOSO,TAMPICO,22.30704615584545,-97.85301887889169,22.30704615584545,-97.85301887889167,True,True,True,TAMPICO
UNIDAD TAMPICO 2A.,19/01/2019,2019.0,LESIONES,CULPOSO,TAMPICO,22.25926258409309,-97.8493431476811,22.25926258409309,-97.8493431476811,True,False,True,TAMPICO
UNIDAD TAMPICO 3A.,19/01/2021,2021.0,LESIONES,CULPOSO,TAMPICO,22.2748555,-97.8404807,22.2748555,-97.8404807,True,False,True,TAMPICO
UNIDAD TAMPICO 3A.,19/01/2022,2022.0,HOMICIDIO,CULPOSO,TAMPICO,22.2535802,97.8615905,22.2535802,-97.8615905,True,True,True,TAMPICO
UNIDAD TAMPICO 3A.,19/02/2020,2020.0,HOMICIDIO,CULPOSO,TAMPICO,22.2424806,97.8556976,22.2424806,-97.8556976,True,True,True,TAMPICO
UNIDAD TAMPICO 3A.,19/03/2020,2020.0,LESIONES,CULPOSO,TAMPICO,22.2274773,97.8491907,22.2274773,-97.8491907,True,True,True,TAMPICO
UNIDAD TAMPICO 3A.,19/03/2020,2020.0,LESIONES,CULPOSO,TAMPICO,22.214202214474373,-97.8565600832742,22.214202214474373,-97.8565600832742,True,True,True,TAMPICO
UNIDAD TAMPICO 3A.,19/03/2021,2021.0,HOMICIDIO,CULPOSO,TAMPICO,22.2546926,-97.8781857,22.2546926,-97.8781857,True,True,True,TAMPICO
UNIDAD TAMPICO 3A.,19/03/2022,2022.0,HOMICIDIO,CULPOSO,TAMPICO,22.215069665071564,-97.85718913824043,22.215069665071564,-97.85718913824044,True,True,True,TAMPICO
UNIDAD TAMPICO 1A.,19/03/2023,2023.0,LESIONES,CULPOSO,TAMPICO,22.283117996646997,-97.86451916025005,22.283117996647,-97.86451916025004,True,True,True,TAMPICO
UNIDAD TAMPICO 3A.,19/04/2020,2020.0,LESIONES,CULPOSO,TAMPICO,22.25621863923607,-97.85529939211264,22.25621863923607,-97.85529939211264,True,False,True,TAMPICO
UNIDAD TAMPICO 4,19/04/2021,2021.0,LESIONES,CULPOSO,TAMPICO,22.31983,97.87781,22.31983,-97.87781,True,True,True,TAMPICO
UNIDAD TAMPICO 4,19/04/2021,2021.0,LESIONES,CULPOSO,TAMPICO,22.28559,97.88764,22.28559,-97.88764,True,True,True,TAMPICO
UNIDAD TAMPICO 2A.,19/04/2023,2023.0,HOMICIDIO,CULPOSO,TAMPICO,22.21642262761628,-97.8513978564607,22.21642262761628,-97.8513978564607,True,True,True,TAMPICO
UNIDAD TAMPICO 2A.,19/04/2023,2023.0,LESIONES,CULPOSO,TAMPICO,22.22035163929207,-97.85914536234706,22.22035163929207,-97.85914536234706,True,True,True,TAMPICO
UNIDAD TAMPICO 4,19/05/2020,2020.0,HOMICIDIO,CULPOSO,TAMPICO,22.253868,-97.87618,22.253868,-97.87618,True,True,True,TAMPICO
UNIDAD TAMPICO 4,19/06/2021,2021.0,LESIONES,CULPOSO,TAMPICO,22.22460,97.85904,22.2246,-97.85904,True,True,True,TAMPICO
UNIDAD TAMPICO 2A.,19/06/2023,2023.0,LESIONES,CULPOSO,TAMPICO,22.2177492877646,-97.86441728845959,22.2177492877646,-97.8644172884596,True,True,True,TAMPICO
UNIDAD TAMPICO 2A.,19/06/2023,2023.0,LESIONES,CULPOSO,TAMPICO,22.231108099507377,-97.86613775847827,22.231108099507377,-97.86613775847827,True,True,True,TAMPICO
UNIDAD TAMPICO 3A.,19/06/2023,2023.0,LESIONES,CULPOSO,TAMPICO,22.2216054,97.8659435,22.2216054,-97.8659435,True,True,True,TAMPICO
UNIDAD TAMPICO 4,19/07/2021,2021.0,LESIONES,CULPOSO,TAMPICO,22.250126,97.86525,22.250126,-97.86525,True,True,True,TAMPICO
UNIDAD CIUDAD MADERO 2A.,19/08/2022,2022.0,HOMICIDIO,CULPOSO,TAMPICO,22.3200218,97.852378,22.3200218,-97.852378,True,False,True,TAMPICO
UNIDAD TAMPICO 1A.,19/09/2020,2020.0,LESIONES,CULPOSO,TAMPICO,22.257289,-97.8604127,22.257289,-97.8604127,True,True,True,TAMPICO
UNIDAD TAMPICO 1A.,19/09/2020,2020.0,LESIONES,CULPOSO,TAMPICO,22.24049325700586,-97.85883467286855,22.24049325700586,-97.85883467286855,True,True,True,TAMPICO
UNIDAD TAMPICO 2A.,19/09/2022,2022.0,LESIONES,CULPOSO,TAMPICO,22.316870767221506,-97.85838991046826,22.316870767221506,-97.85838991046826,True,True,True,TAMPICO
UNIDAD TAMPICO 4,19/09/2023,2023.0,LESIONES,CULPOSO,TAMPICO,22.25210554722271,-97.87092367935473,22.25210554722271,-97.87092367935472,True,True,True,TAMPICO
UNIDAD TAMPICO 1A.,19/10/2019,2019.0,LESIONES,CULPOSO,TAMPICO,22.306747662076067,-97.85334575876705,22.306747662076067,-97.85334575876703,True,True,True,TAMPICO
UNIDAD TAMPICO 1A.,19/10/2019,2019.0,LESIONES,CULPOSO,TAMPICO,22.21668256055518,-97.85679575207061,22.21668256055518,-97.8567957520706,True,True,True,TAMPICO
ATENCION INMEDIATA EN TAMPICO,19/10/2021,2021.0,LESIONES,CULPOSO,TAMPICO,22.266495220042664,-97.86793419412771,22.266495220042664,-97.86793419412771,True,True,True,TAMPICO
UNIDAD TAMPICO 4,19/10/2023,2023.0,LESIONES,CULPOSO,TAMPICO,22.242893280264834,-97.86341297155272,22.24289328026484,-97.86341297155272,True,True,True,TAMPICO
UNIDAD 1 ADOLESCENTES TAMPICO,19/10/2023,2023.0,LESIONES,CULPOSO,TAMPICO,22.2918646387378,-97.88268680433418,22.2918646387378,-97.88268680433418,True,True,True,TAMPICO
UNIDAD TAMPICO 3A.,19/12/2022,2022.0,LESIONES,CULPOSO,TAMPICO,22.2478162,97.8762425,22.2478162,-97.8762425,True,True,True,TAMPICO
ATENCION INMEDIATA EN TAMPICO,19/12/2023,2023.0,LESIONES,CULPOSO,TAMPICO,22.29739,97.88996,22.29739,-97.88996,True,True,True,TAMPICO
UNIDAD TAMPICO 3A.,20/01/2023,2023.0,LESIONES,CULPOSO,TAMPICO,22.2155683,97.8563044,22.2155683,-97.8563044,True,True,True,TAMPICO
UNIDAD TAMPICO 3A.,20/02/2019,2019.0,LESIONES,CULPOSO,TAMPICO,22.21707584838355,-97.85459860542394,22.21707584838355,-97.85459860542394,True,True,True,TAMPICO
ATENCION INMEDIATA EN TAMPICO,20/02/2020,2020.0,LESIONES,CULPOSO,TAMPICO,22.2199957337575,-97.84908201271618,22.2199957337575,-97.84908201271618,True,True,True,TAMPICO
UNIDAD TAMPICO 3A.,20/02/2021,2021.0,LESIONES,CULPOSO,TAMPICO,22.3235851,-97.9355741,22.3235851,-97.9355741,True,False,True,TAMPICO
UNIDAD TAMPICO 3A.,20/02/2022,2022.0,LESIONES,CULPOSO,TAMPICO,22.214608397208018,-97.85730053618849,22.214608397208018,-97.85730053618848,True,True,True,TAMPICO
UNIDAD TAMPICO 3A.,20/03/2021,2021.0,LESIONES,CULPOSO,TAMPICO,22.2546926,-97.8781857,22.2546926,-97.8781857,True,True,True,TAMPICO
UNIDAD TAMPICO 3A.,20/03/2022,2022.0,HOMICIDIO,CULPOSO,TAMPICO,22.2139725710376,-97.85636000537316,22.2139725710376,-97.85636000537316,True,True,True,TAMPICO
UNIDAD TAMPICO 3A.,20/03/2022,2022.0,LESIONES,CULPOSO,TAMPICO,22.214056679571843,-97.85764454959819,22.214056679571843,-97.8576445495982,True,True,True,TAMPICO
UNIDAD TAMPICO 3A.,20/04/2019,2019.0,LESIONES,CULPOSO,TAMPICO,22.214295682756052,-97.85339643860857,22.21429568275605,-97.85339643860856,True,True,True,TAMPICO
UNIDAD TAMPICO 2A.,20/04/2023,2023.0,HOMICIDIO,CULPOSO,TAMPICO,22.221602307020294,-97.84654250874324,22.22160230702029,-97.84654250874324,True,True,True,TAMPICO
ATENCION INMEDIATA EN TAMPICO,20/05/2020,2020.0,LESIONES,CULPOSO,TAMPICO,22.32175543801395,-97.87411316530311,22.32175543801395,-97.87411316530311,True,True,True,TAMPICO
UNIDAD TAMPICO 4,20/05/2021,2021.0,HOMICIDIO,CULPOSO,TAMPICO,22.27768,-97.89196,22.27768,-97.89196,True,True,True,TAMPICO
UNIDAD TAMPICO 4,20/05/2022,2022.0,LESIONES,CULPOSO,TAMPICO,22.25396,-97.87618,22.25396,-97.87618,True,True,True,TAMPICO
UNIDAD TAMPICO 4,20/06/2019,2019.0,LESIONES,CULPOSO,TAMPICO,22.22199,-97.84579,22.22199,-97.84579,True,True,True,TAMPICO
UNIDAD TAMPICO 4,20/06/2020,2020.0,LESIONES,CULPOSO,TAMPICO,22.253878,-97.87618,22.253878,-97.87618,True,True,True,TAMPICO
UNIDAD TAMPICO 4,20/06/2022,2022.0,LESIONES,CULPOSO,TAMPICO,22.29072,-97.87900,22.29072,-97.879,True,True,True,TAMPICO
UNIDAD TAMPICO 3A.,20/06/2023,2023.0,LESIONES,CULPOSO,TAMPICO,22.2192163,97.854934,22.2192163,-97.854934,True,True,True,TAMPICO
UNIDAD TAMPICO 3A.,20/06/2023,2023.0,HOMICIDIO,CULPOSO,TAMPICO,22.3164149,97.8646544,22.3164149,-97.8646544,True,True,True,TAMPICO
UNIDAD TAMPICO 1A.,20/07/2020,2020.0,LESIONES,CULPOSO,TAMPICO,22.24033675603881,-97.85922135197042,22.24033675603881,-97.85922135197042,True,True,True,TAMPICO
UNIDAD TAMPICO 3A.,20/08/2023,2023.0,LESIONES,CULPOSO,TAMPICO,22.27611600482845,-97.88529679374524,22.27611600482845,-97.88529679374524,True,True,True,TAMPICO
UNIDAD TAMPICO 3A.,20/08/2023,2023.0,LESIONES,CULPOSO,TAMPICO,22.27992835079183,-97.88718591302654,22.27992835079183,-97.88718591302654,True,True,True,TAMPICO
UNIDAD TAMPICO 1A.,20/09/2020,2020.0,LESIONES,CULPOSO,TAMPICO,22.313915521049747,-97.86856050952758,22.313915521049747,-97.86856050952758,True,True,True,TAMPICO
UNIDAD TAMPICO 1A.,20/09/2020,2020.0,LESIONES,CULPOSO,TAMPICO,22.29717284057049,-97.88965914508954,22.29717284057049,-97.88965914508954,True,True,True,TAMPICO
UNIDAD TAMPICO 1A.,20/09/2020,2020.0,LESIONES,CULPOSO,TAMPICO,22.31738684035894,-97.85757289460906,22.31738684035894,-97.85757289460906,True,True,True,TAMPICO
UNIDAD TAMPICO 1A.,20/10/2019,2019.0,LESIONES,CULPOSO,TAMPICO,22.285329200674784,-97.88774844948391,22.285329200674784,-97.88774844948392,True,True,True,TAMPICO
UNIDAD TAMPICO 4,20/10/2023,2023.0,HOMICIDIO,CULPOSO,TAMPICO,22.252678870936194,-97.85877222906123,22.2526788709362,-97.85877222906124,True,True,True,TAMPICO
UNIDAD TAMPICO 2A.,20/11/2020,2020.0,LESIONES,CULPOSO,TAMPICO,22.21653222622412,-97.8561152981876,22.21653222622412,-97.8561152981876,True,True,True,TAMPICO
UNIDAD TAMPICO 4,20/11/2023,2023.0,LESIONES,CULPOSO,TAMPICO,22.26052152410595,-97.8622117147433,22.26052152410595,-97.8622117147433,True,True,True,TAMPICO
UNIDAD TAMPICO 1A.,20/11/2023,2023.0,HOMICIDIO,CULPOSO,TAMPICO,22.27839920555592,-97.87327989935878,22.27839920555592,-97.87327989935878,True,True,True,TAMPICO
UNIDAD TAMPICO 2A.,20/12/2019,2019.0,LESIONES,CULPOSO,TAMPICO,22.212596381790913,-97.85293908728599,22.21259638179092,-97.852939087286,True,True,True,TAMPICO
UNIDAD TAMPICO 2A.,20/12/2019,2019.0,LESIONES,CULPOSO,TAMPICO,22.23815293269646,-97.86041736602785,22.23815293269646,-97.86041736602785,True,True,True,TAMPICO
UNIDAD TAMPICO 2A.,20/12/2020,2020.0,LESIONES,CULPOSO,TAMPICO,22.294367661435025,-97.87831306457521,22.294367661435025,-97.8783130645752,True,True,True,TAMPICO
UNIDAD TAMPICO 3A.,20/12/2021,2021.0,LESIONES,CULPOSO,TAMPICO,22.21517826789743,-97.85814867508559,22.21517826789743,-97.8581486750856,True,True,True,TAMPICO
UNIDAD TAMPICO 1A.,20/12/2023,2023.0,LESIONES,CULPOSO,TAMPICO,22.290520716253862,-97.8733067214489,22.290520716253862,-97.8733067214489,True,True,True,TAMPICO
UNIDAD TAMPICO 3A.,21/02/2020,2020.0,LESIONES,CULPOSO,TAMPICO,22.214992091573027,-97.85584191824229,22.214992091573027,-97.85584191824228,True,True,True,TAMPICO
ATENCION INMEDIATA EN TAMPICO,21/03/2020,2020.0,LESIONES,CULPOSO,TAMPICO,22.220311663645965,-97.84221660892383,22.220311663645965,-97.84221660892383,True,True,True,TAMPICO
UNIDAD TAMPICO 1A.,21/03/2023,2023.0,LESIONES,CULPOSO,TAMPICO,22.252752944385886,-97.85876339442613,22.25275294438589,-97.85876339442612,True,True,True,TAMPICO
UNIDAD TAMPICO 3A.,21/03/2023,2023.0,LESIONES,CULPOSO,TAMPICO,22.2476455,97.8603872,22.2476455,-97.8603872,True,True,True,TAMPICO
UNIDAD TAMPICO 3A.,21/03/2023,2023.0,HOMICIDIO,CULPOSO,TAMPICO,22.2511936,97.8618289,22.2511936,-97.8618289,True,True,True,TAMPICO
UNIDAD TAMPICO 3A.,21/03/2023,2023.0,LESIONES,CULPOSO,TAMPICO,22.2922652,97.8787127,22.2922652,-97.8787127,True,True,True,TAMPICO
UNIDAD TAMPICO 3A.,21/04/2019,2019.0,LESIONES,CULPOSO,TAMPICO,22.3095272,97.8909399,22.3095272,-97.8909399,True,True,True,TAMPICO
UNIDAD TAMPICO 4,21/05/2021,2021.0,HOMICIDIO,CULPOSO,TAMPICO,22.31419,97.86854,22.31419,-97.86854,True,True,True,TAMPICO
UNIDAD TAMPICO 4,21/05/2022,2022.0,LESIONES,CULPOSO,TAMPICO,22.25824,-97.87198,22.25824,-97.87198,True,True,True,TAMPICO
ATENCION INMEDIATA EN TAMPICO,21/06/2021,2021.0,LESIONES,CULPOSO,TAMPICO,22.266013197870283,-97.86276429091188,22.266013197870283,-97.86276429091188,True,True,True,TAMPICO
UNIDAD TAMPICO 3A.,21/06/2023,2023.0,HOMICIDIO,CULPOSO,TAMPICO,22.2529804,97.8993312,22.2529804,-97.8993312,True,False,True,TAMPICO
UNIDAD CIUDAD MADERO 3,21/06/2023,2023.0,HOMICIDIO,CULPOSO,TAMPICO,22.25011867031433,-97.86510050296785,22.25011867031433,-97.86510050296783,True,True,True,TAMPICO
UNIDAD TAMPICO 4,21/07/2019,2019.0,HOMICIDIO,CULPOSO,TAMPICO,22.22157,-97.86282,22.22157,-97.86282,True,True,True,TAMPICO
UNIDAD TAMPICO 1A.,21/07/2021,2021.0,LESIONES,CULPOSO,TAMPICO,22.249782377739535,-97.87476865617023,22.24978237773953,-97.87476865617025,True,True,True,TAMPICO
UNIDAD TAMPICO 1A.,21/09/2020,2020.0,LESIONES,CULPOSO,TAMPICO,22.252530722502787,-97.85867000121496,22.252530722502787,-97.85867000121496,True,True,True,TAMPICO
ATENCION INMEDIATA EN TAMPICO,21/09/2020,2020.0,LESIONES,CULPOSO,TAMPICO,22.308709376346595,-97.87629336223853,22.308709376346595,-97.87629336223851,True,True,True,TAMPICO
ATENCION INMEDIATA EN TAMPICO,21/09/2020,2020.0,LESIONES,CULPOSO,TAMPICO,22.242297778989165,-97.85882996814588,22.242297778989165,-97.85882996814588,True,True,True,TAMPICO
ATENCION INMEDIATA EN TAMPICO,21/10/2019,2019.0,LESIONES,CULPOSO,TAMPICO,22.219926172570464,-97.84928198207858,22.219926172570464,-97.84928198207858,True,True,True,TAMPICO
ATENCION INMEDIATA EN TAMPICO,21/10/2021,2021.0,LESIONES,CULPOSO,TAMPICO,22.212256774085084,-97.85499863320607,22.212256774085084,-97.85499863320608,True,True,True,TAMPICO
UNIDAD TAMPICO 2A.,21/11/2021,2021.0,HOMICIDIO,CULPOSO,TAMPICO,22.213338016434406,-97.85176619462729,22.21333801643441,-97.85176619462727,True,True,True,TAMPICO
UNIDAD TAMPICO 3A.,21/11/2022,2022.0,HOMICIDIO,CULPOSO,TAMPICO,22.2657297,97.9022345,22.2657297,-97.9022345,True,False,True,TAMPICO
UNIDAD TAMPICO 3A.,21/11/2022,2022.0,LESIONES,CULPOSO,TAMPICO,22.2300106,97.8700064,22.2300106,-97.8700064,True,True,True,TAMPICO
UNIDAD TAMPICO 1A.,21/11/2023,2023.0,LESIONES,CULPOSO,TAMPICO,22.21808798374673,-97.8597138387682,22.21808798374673,-97.8597138387682,True,True,True,TAMPICO
UNIDAD TAMPICO 3A.,21/12/2021,2021.0,LESIONES,CULPOSO,TAMPICO,22.214315502826594,-97.85454632352501,22.2143155028266,-97.854546323525,True,True,True,TAMPICO
UNIDAD TAMPICO 3A.,21/12/2021,2021.0,LESIONES,CULPOSO,TAMPICO,22.215148954269015,-97.85724394944953,22.21514895426901,-97.85724394944953,True,True,True,TAMPICO
UNIDAD TAMPICO 3A.,21/12/2022,2022.0,LESIONES,CULPOSO,TAMPICO,22.2735425,97.8397028,22.2735425,-97.8397028,True,False,True,TAMPICO
UNIDAD TAMPICO 3A.,22/01/2020,2020.0,LESIONES,CULPOSO,TAMPICO,22.214154562762033,-97.8580265008034,22.21415456276204,-97.8580265008034,True,True,True,TAMPICO
UNIDAD TAMPICO 3A.,22/01/2021,2021.0,LESIONES,CULPOSO,TAMPICO,22.2715737,-97.8775406,22.2715737,-97.8775406,True,True,True,TAMPICO
UNIDAD TAMPICO 4,22/02/2022,2022.0,LESIONES,CULPOSO,TAMPICO,22.25391,-97.87602,22.25391,-97.87602,True,True,True,TAMPICO
UNIDAD TAMPICO 4,22/04/2019,2019.0,HOMICIDIO,CULPOSO,TAMPICO,22.21480,-98.38704,22.2148,-98.38704,True,False,False,TAMPICO
UNIDAD TAMPICO 4,22/04/2019,2019.0,HOMICIDIO,CULPOSO,TAMPICO,22.22085,-97.87581,22.22085,-97.87581,True,True,True,TAMPICO
UNIDAD TAMPICO 4,22/04/2020,2020.0,LESIONES,CULPOSO,TAMPICO,22.281025,-97.88161,22.281025,-97.88161,True,True,True,TAMPICO
UNIDAD TAMPICO 4,22/04/2021,2021.0,HOMICIDIO,CULPOSO,TAMPICO,22.262334,-97.87530,22.262334,-97.8753,True,True,True,TAMPICO
UNIDAD TAMPICO 4,22/05/2019,2019.0,LESIONES,CULPOSO,TAMPICO,22.230386390890732,-97.86600391622136,22.23038639089073,-97.86600391622136,True,True,True,TAMPICO
UNIDAD TAMPICO 1A.,22/06/2021,2021.0,HOMICIDIO,CULPOSO,TAMPICO,22.252464246289268,-97.85874896574634,22.252464246289268,-97.85874896574634,True,True,True,TAMPICO
UNIDAD TAMPICO 1A.,22/06/2021,2021.0,LESIONES,CULPOSO,TAMPICO,22.240904579230865,-97.84932766289168,22.240904579230865,-97.84932766289168,True,True,True,TAMPICO
UNIDAD TAMPICO 1A.,22/07/2019,2019.0,LESIONES,CULPOSO,TAMPICO,22.24418104665886,-97.8613544726511,22.24418104665886,-97.8613544726511,True,True,True,TAMPICO
UNIDAD TAMPICO 1A.,22/07/2020,2020.0,LESIONES,CULPOSO,TAMPICO,22.3012713,97.8796176,22.3012713,-97.8796176,True,True,True,TAMPICO
UNIDAD TAMPICO 1A.,22/07/2021,2021.0,LESIONES,CULPOSO,TAMPICO,22.249885715360758,-97.87495008767947,22.24988571536076,-97.87495008767948,True,True,True,TAMPICO
UNIDAD TAMPICO 1A.,22/08/2019,2019.0,LESIONES,CULPOSO,TAMPICO,22.220050,-97.857503,22.22005,-97.857503,True,True,True,TAMPICO
UNIDAD TAMPICO 1A.,22/08/2020,2020.0,LESIONES,CULPOSO,TAMPICO,22.30740594970189,-97.88134433123061,22.30740594970189,-97.8813443312306,True,True,True,TAMPICO
UNIDAD TAMPICO 1A.,22/08/2022,2022.0,LESIONES,CULPOSO,TAMPICO,22.24040871979852,-97.85918635128027,22.24040871979852,-97.85918635128029,True,True,True,TAMPICO
ATENCION INMEDIATA EN TAMPICO,22/08/2022,2022.0,LESIONES,CULPOSO,TAMPICO,22.27324,-97.85606,22.27324,-97.85606,True,True,True,TAMPICO
UNIDAD TAMPICO 1A.,22/09/2019,2019.0,HOMICIDIO,CULPOSO,TAMPICO,22.218968014280915,-97.85698413848878,22.218968014280915,-97.85698413848878,True,True,True,TAMPICO
UNIDAD TAMPICO 2A.,22/09/2020,2020.0,LESIONES,CULPOSO,TAMPICO,22.214363382483143,-97.85837684398655,22.214363382483143,-97.85837684398656,True,True,True,TAMPICO
UNIDAD TAMPICO 2A.,22/10/2019,2019.0,HOMICIDIO,CULPOSO,TAMPICO,22.212127892426693,-97.85598422126557,22.212127892426693,-97.85598422126556,True,True,True,TAMPICO
UNIDAD TAMPICO 2A.,22/10/2019,2019.0,LESIONES,CULPOSO,TAMPICO,22.213926204031637,-97.85768989152062,22.21392620403164,-97.85768989152062,True,True,True,TAMPICO
UNIDAD TAMPICO 1A.,22/10/2019,2019.0,LESIONES,CULPOSO,TAMPICO,22.215558015393768,-97.85625696789273,22.215558015393768,-97.85625696789272,True,True,True,TAMPICO
UNIDAD TAMPICO 2A.,22/10/2022,2022.0,LESIONES,CULPOSO,TAMPICO,22.271788141936625,-97.85768469555883,22.271788141936625,-97.85768469555885,True,True,True,TAMPICO
UNIDAD TAMPICO 2A.,22/10/2022,2022.0,LESIONES,CULPOSO,TAMPICO,22.248187074458244,-97.87050356804944,22.248187074458244,-97.87050356804944,True,True,True,TAMPICO
UNIDAD TAMPICO 4,22/10/2023,2023.0,LESIONES,CULPOSO,TAMPICO,22.279031135917872,-97.87277423786553,22.279031135917872,-97.87277423786551,True,True,True,TAMPICO
UNIDAD TAMPICO 2A.,22/11/2019,2019.0,LESIONES,CULPOSO,TAMPICO,22.214768301613823,-97.85777249393406,22.214768301613823,-97.85777249393406,True,True,True,TAMPICO
UNIDAD TAMPICO 2A.,22/11/2021,2021.0,HOMICIDIO,CULPOSO,TAMPICO,22.21521027578014,-97.85744228780071,22.21521027578014,-97.85744228780072,True,True,True,TAMPICO
UNIDAD TAMPICO 1A.,22/11/2023,2023.0,LESIONES,CULPOSO,TAMPICO,22.22780820835067,-97.84618113615997,22.22780820835067,-97.84618113615996,True,True,True,TAMPICO
UNIDAD TAMPICO 1A.,22/11/2023,2023.0,LESIONES,CULPOSO,TAMPICO,22.278277588023464,-97.87332281470299,22.278277588023464,-97.873322814703,True,True,True,TAMPICO
UNIDAD TAMPICO 2A.,22/12/2019,2019.0,LESIONES,CULPOSO,TAMPICO,22.212345639400382,-97.85524740815164,22.212345639400382,-97.85524740815164,True,True,True,TAMPICO
UNIDAD TAMPICO 3A.,22/12/2020,2020.0,LESIONES,CULPOSO,TAMPICO,22.2482878,-97.882787,22.2482878,-97.882787,True,True,True,TAMPICO
UNIDAD TAMPICO 3A.,22/12/2022,2022.0,LESIONES,CULPOSO,TAMPICO,22.237068,97.868878,22.237068,-97.868878,True,True,True,TAMPICO
UNIDAD TAMPICO 1A.,22/12/2023,2023.0,LESIONES,CULPOSO,TAMPICO,22.314665548401425,-97.87873685359956,22.314665548401425,-97.87873685359956,True,True,True,TAMPICO
UNIDAD TAMPICO 3A.,23/01/2021,2021.0,LESIONES,CULPOSO,TAMPICO,22.3075424,-97.8837712,22.3075424,-97.8837712,True,True,True,TAMPICO
UNIDAD TAMPICO 3A.,23/01/2023,2023.0,LESIONES,CULPOSO,TAMPICO,22.2243404,97.8627607,22.2243404,-97.8627607,True,True,True,TAMPICO
UNIDAD TAMPICO 3A.,23/02/2019,2019.0,HOMICIDIO,CULPOSO,TAMPICO,22.215328322134955,-97.85923553456895,22.215328322134955,-97.85923553456897,True,True,True,TAMPICO
UNIDAD TAMPICO 3A.,23/02/2019,2019.0,HOMICIDIO,CULPOSO,TAMPICO,22.214216248642874,-97.85734641528768,22.21421624864288,-97.85734641528768,True,True,True,TAMPICO
UNIDAD TAMPICO 3A.,23/02/2019,2019.0,LESIONES,CULPOSO,TAMPICO,22.21564605579931,-97.85665946282171,22.21564605579931,-97.85665946282172,True,True,True,TAMPICO
UNIDAD TAMPICO 1A.,23/02/2023,2023.0,LESIONES,CULPOSO,TAMPICO,22.223507874161335,-97.86357432603839,22.22350787416133,-97.8635743260384,True,True,True,TAMPICO
UNIDAD TAMPICO 3A.,23/03/2019,2019.0,LESIONES,CULPOSO,TAMPICO,22.216599252474648,-97.86112465385028,22.216599252474648,-97.86112465385028,True,True,True,TAMPICO
UNIDAD TAMPICO 3A.,23/03/2023,2023.0,LESIONES,CULPOSO,TAMPICO,22.3101756,97.8663981,22.3101756,-97.8663981,True,True,True,TAMPICO
UNIDAD TAMPICO 4,23/04/2022,2022.0,LESIONES,CULPOSO,TAMPICO,22.27803,-97.85868,22.27803,-97.85868,True,True,True,TAMPICO
UNIDAD TAMPICO 4,23/06/2019,2019.0,LESIONES,CULPOSO,TAMPICO,22.27151,-97.86678,22.27151,-97.86678,True,True,True,TAMPICO
UNIDAD TAMPICO 3A.,23/06/2023,2023.0,LESIONES,CULPOSO,TAMPICO,22.21889842763401,-97.85792315280132,22.21889842763401,-97.85792315280132,True,True,True,TAMPICO
UNIDAD TAMPICO 3A.,23/06/2023,2023.0,LESIONES,CULPOSO,TAMPICO,22.3080714,97.8980963,22.3080714,-97.8980963,True,True,True,TAMPICO
UNIDAD TAMPICO 3A.,23/06/2023,2023.0,HOMICIDIO,CULPOSO,TAMPICO,22.223152502148455,-97.8598106657247,22.22315250214845,-97.8598106657247,True,True,True,TAMPICO
UNIDAD TAMPICO 1A.,23/07/2020,2020.0,HOMICIDIO,CULPOSO,TAMPICO,22.26521822236657,-97.8599286264042,22.26521822236657,-97.8599286264042,True,True,True,TAMPICO
UNIDAD TAMPICO 1A.,23/07/2022,2022.0,LESIONES,CULPOSO,TAMPICO,22.28644736547797,-97.88362444212962,22.28644736547797,-97.88362444212962,True,True,True,TAMPICO
UNIDAD TAMPICO 1A.,23/08/2019,2019.0,HOMICIDIO,CULPOSO,TAMPICO,22.25267152677997,-97.85881041459257,22.25267152677997,-97.85881041459255,True,True,True,TAMPICO
UNIDAD TAMPICO 1A.,23/08/2019,2019.0,LESIONES,CULPOSO,TAMPICO,22.213582498914437,-97.85224670115784,22.21358249891444,-97.85224670115784,True,True,True,TAMPICO
UNIDAD TAMPICO 1A.,23/08/2021,2021.0,HOMICIDIO,CULPOSO,TAMPICO,22.230473209402813,-97.84603543562564,22.230473209402813,-97.84603543562564,True,True,True,TAMPICO
ATENCION INMEDIATA EN TAMPICO,23/08/2021,2021.0,LESIONES,CULPOSO,TAMPICO,22.31152,-97.85616,22.31152,-97.85616,True,True,True,TAMPICO
UNIDAD TAMPICO 2A.,23/08/2022,2022.0,LESIONES,CULPOSO,TAMPICO,22.306929980420463,-97.8542573514556,22.306929980420463,-97.8542573514556,True,True,True,TAMPICO
UNIDAD TAMPICO 4,23/08/2023,2023.0,LESIONES,CULPOSO,TAMPICO,22.311306362742005,-97.86741519703651,22.311306362742005,-97.86741519703652,True,True,True,TAMPICO
UNIDAD TAMPICO 2A.,23/09/2022,2022.0,LESIONES,CULPOSO,TAMPICO,22.31110181521941,-97.86680298821396,22.31110181521941,-97.86680298821396,True,True,True,TAMPICO
UNIDAD TAMPICO 2A.,23/10/2022,2022.0,LESIONES,CULPOSO,TAMPICO,22.221656045907466,-97.86002650702252,22.221656045907466,-97.86002650702252,True,True,True,TAMPICO
UNIDAD 1 ADOLESCENTES TAMPICO,23/10/2023,2023.0,LESIONES,CULPOSO,TAMPICO,22.307650382304743,-97.88872683520547,22.307650382304743,-97.88872683520547,True,True,True,TAMPICO
UNIDAD 1 ADOLESCENTES TAMPICO,23/10/2023,2023.0,LESIONES,CULPOSO,TAMPICO,22.21666166999385,-97.8559078923215,22.21666166999385,-97.8559078923215,True,True,True,TAMPICO
UNIDAD 1 ADOLESCENTES TAMPICO,23/11/2020,2020.0,LESIONES,CULPOSO,TAMPICO,22.320573481034227,-97.84944133257413,22.320573481034227,-97.84944133257412,True,False,True,TAMPICO
UNIDAD TAMPICO 3A.,23/11/2021,2021.0,LESIONES,CULPOSO,TAMPICO,22.3036049,97.8740159,22.3036049,-97.8740159,True,True,True,TAMPICO
UNIDAD TAMPICO 3A.,23/11/2022,2022.0,LESIONES,CULPOSO,TAMPICO,22.2246284,97.86668,22.2246284,-97.86668,True,True,True,TAMPICO
UNIDAD TAMPICO 3A.,23/11/2022,2022.0,LESIONES,CULPOSO,TAMPICO,22.2188936,97.860825,22.2188936,-97.860825,True,True,True,TAMPICO
UNIDAD TAMPICO 3A.,23/11/2022,2022.0,HOMICIDIO,CULPOSO,TAMPICO,22.2128944,97.8906351,22.2128944,-97.8906351,True,False,True,TAMPICO
UNIDAD 1 ADOLESCENTES TAMPICO,23/11/2023,2023.0,LESIONES,CULPOSO,TAMPICO,22.25746,97.86041,22.25746,-97.86041,True,True,True,TAMPICO
UNIDAD TAMPICO 2A.,23/12/2019,2019.0,LESIONES,CULPOSO,TAMPICO,22.315884875891104,-97.88050625511586,22.315884875891104,-97.88050625511586,True,True,True,TAMPICO
UNIDAD TAMPICO 3A.,23/12/2019,2019.0,LESIONES,CULPOSO,TAMPICO,22.2246284,97.86668,22.2246284,-97.86668,True,True,True,TAMPICO
UNIDAD TAMPICO 3A.,23/12/2019,2019.0,HOMICIDIO,CULPOSO,TAMPICO,22.215503747325172,-97.85665741065817,22.21550374732517,-97.85665741065816,True,True,True,TAMPICO
ATENCION INMEDIATA EN TAMPICO,23/12/2019,2019.0,LESIONES,CULPOSO,TAMPICO,22.25277,97.87441,22.25277,-97.87441,True,True,True,TAMPICO
UNIDAD TAMPICO 3A.,23/12/2021,2021.0,LESIONES,CULPOSO,TAMPICO,22.215731684689285,-97.85800892745111,22.215731684689285,-97.85800892745112,True,True,True,TAMPICO
UNIDAD TAMPICO 1A.,23/12/2023,2023.0,LESIONES,CULPOSO,TAMPICO,22.305467270522932,-97.86292254924776,22.30546727052293,-97.86292254924776,True,True,True,TAMPICO
UNIDAD TAMPICO 3A.,24/01/2021,2021.0,LESIONES,CULPOSO,TAMPICO,22.2592062,-97.8986893,22.2592062,-97.8986893,True,False,True,TAMPICO
UNIDAD TAMPICO 3A.,24/02/2019,2019.0,LESIONES,CULPOSO,TAMPICO,22.216043221867793,-97.85494208165689,22.2160432218678,-97.85494208165689,True,True,True,TAMPICO
UNIDAD TAMPICO 3A.,24/02/2019,2019.0,HOMICIDIO,CULPOSO,TAMPICO,22.214851720289165,-97.85391165295799,22.214851720289165,-97.853911652958,True,True,True,TAMPICO
UNIDAD TAMPICO 3A.,24/03/2023,2023.0,LESIONES,CULPOSO,TAMPICO,22.2318718,97.8635535,22.2318718,-97.8635535,True,True,True,TAMPICO
UNIDAD TAMPICO 4,24/04/2019,2019.0,LESIONES,CULPOSO,TAMPICO,22.25118,-97.86180,22.25118,-97.8618,True,True,True,TAMPICO
UNIDAD TAMPICO 3A.,24/04/2023,2023.0,LESIONES,CULPOSO,TAMPICO,22.2497674,97.8762604,22.2497674,-97.8762604,True,True,True,TAMPICO
UNIDAD TAMPICO 4,24/05/2019,2019.0,LESIONES,CULPOSO,TAMPICO,22.319094448378394,-97.87800430044253,22.3190944483784,-97.87800430044253,True,True,True,TAMPICO
UNIDAD TAMPICO 4,24/05/2019,2019.0,HOMICIDIO,CULPOSO,TAMPICO,22.247931251260898,-97.85974389710017,22.247931251260898,-97.85974389710016,True,True,True,TAMPICO
ATENCION INMEDIATA EN TAMPICO,24/06/2021,2021.0,LESIONES,CULPOSO,TAMPICO,22.216210462619685,-97.85806356507638,22.216210462619685,-97.85806356507638,True,True,True,TAMPICO
UNIDAD TAMPICO 3A.,24/06/2023,2023.0,LESIONES,CULPOSO,TAMPICO,22.218551740817215,-97.85850390112148,22.21855174081721,-97.85850390112148,True,True,True,TAMPICO
ATENCION INMEDIATA EN TAMPICO,24/07/2020,2020.0,LESIONES,CULPOSO,TAMPICO,22.324561931974383,-97.87600895367382,22.324561931974383,-97.87600895367382,True,True,True,TAMPICO
UNIDAD TAMPICO 2A.,24/08/2022,2022.0,HOMICIDIO,CULPOSO,TAMPICO,22.302650170239094,-97.8828312036721,22.30265017023909,-97.8828312036721,True,True,True,TAMPICO
UNIDAD TAMPICO 4,24/08/2023,2023.0,LESIONES,CULPOSO,TAMPICO,22.224027570860024,-97.84752664157617,22.224027570860024,-97.84752664157617,True,True,True,TAMPICO
UNIDAD TAMPICO 2A.,24/09/2021,2021.0,LESIONES,CULPOSO,TAMPICO,22.251586435414655,-97.85770658374604,22.25158643541465,-97.85770658374604,True,True,True,TAMPICO
UNIDAD TAMPICO 4,24/09/2023,2023.0,LESIONES,CULPOSO,TAMPICO,22.261775911001124,-97.87535461667778,22.261775911001124,-97.87535461667778,True,True,True,TAMPICO
UNIDAD TAMPICO 3A.,24/10/2022,2022.0,HOMICIDIO,CULPOSO,TAMPICO,22.2511936,97.8644038,22.2511936,-97.8644038,True,True,True,TAMPICO
UNIDAD TAMPICO 3A.,24/10/2022,2022.0,LESIONES,CULPOSO,TAMPICO,22.3109348,97.8934807,22.3109348,-97.8934807,True,True,True,TAMPICO
UNIDAD TAMPICO 1A.,24/10/2023,2023.0,LESIONES,CULPOSO,TAMPICO,22.316912149180432,-97.85525233803243,22.316912149180432,-97.85525233803244,True,True,True,TAMPICO
ATENCION INMEDIATA EN TAMPICO,24/10/2023,2023.0,LESIONES,CULPOSO,TAMPICO,22.31655327816459,-97.8889574920961,22.31655327816459,-97.8889574920961,True,True,True,TAMPICO
UNIDAD TAMPICO 2A.,24/11/2019,2019.0,LESIONES,CULPOSO,TAMPICO,22.214244152131457,-97.85820510587006,22.214244152131457,-97.85820510587006,True,True,True,TAMPICO
UNIDAD TAMPICO 1A.,24/11/2023,2023.0,LESIONES,CULPOSO,TAMPICO,22.288877847118897,-97.87146681727918,22.288877847118897,-97.87146681727918,True,True,True,TAMPICO
UNIDAD TAMPICO 3A.,24/12/2021,2021.0,LESIONES,CULPOSO,TAMPICO,22.21516984737882,-97.85735295795142,22.21516984737882,-97.85735295795142,True,True,True,TAMPICO
UNIDAD TAMPICO 3A.,24/12/2021,2021.0,LESIONES,CULPOSO,TAMPICO,22.214160087246373,-97.85687363232833,22.214160087246373,-97.85687363232832,True,True,True,TAMPICO
ATENCION INMEDIATA EN TAMPICO,24/12/2021,2021.0,LESIONES,CULPOSO,TAMPICO,22.216566853251795,-97.85679611670032,22.216566853251795,-97.85679611670032,True,True,True,TAMPICO
UNIDAD TAMPICO 3A.,24/12/2022,2022.0,LESIONES,CULPOSO,TAMPICO,22.281700,97.865953,22.2817,-97.865953,True,True,True,TAMPICO
UNIDAD TAMPICO 3A.,24/12/2022,2022.0,LESIONES,CULPOSO,TAMPICO,22.312891294552703,-97.85327270694714,22.312891294552703,-97.85327270694714,True,True,True,TAMPICO
UNIDAD TAMPICO 3A.,25/01/2021,2021.0,LESIONES,CULPOSO,TAMPICO,22.263067,-97.9384,22.263067,-97.9384,True,False,True,TAMPICO
UNIDAD TAMPICO 4,25/02/2020,2020.0,LESIONES,CULPOSO,TAMPICO,22.264067,-97.86832,22.264067,-97.86832,True,True,True,TAMPICO
UNIDAD TAMPICO 1A.,25/02/2023,2023.0,LESIONES,CULPOSO,TAMPICO,22.303076840273857,-97.89858582430223,22.303076840273857,-97.89858582430224,True,True,True,TAMPICO
UNIDAD TAMPICO 4,25/03/2019,2019.0,LESIONES,CULPOSO,TAMPICO,22.32048,-97.88438,22.32048,-97.88438,True,True,True,TAMPICO
UNIDAD TAMPICO 3A.,25/03/2023,2023.0,LESIONES,CULPOSO,TAMPICO,22.2421637,97.8373177,22.2421637,-97.8373177,True,False,True,TAMPICO
UNIDAD CIUDAD MADERO 3,25/04/2019,2019.0,HOMICIDIO,CULPOSO,TAMPICO,22.25243189676029,-97.85861174277547,22.25243189676029,-97.85861174277548,True,True,True,TAMPICO
UNIDAD TAMPICO 4,25/04/2021,2021.0,LESIONES,CULPOSO,TAMPICO,22.25218,97.85835,22.25218,-97.85835,True,True,True,TAMPICO
UNIDAD TAMPICO 4,25/04/2022,2022.0,HOMICIDIO,CULPOSO,TAMPICO,22.30747,-97.88144,22.30747,-97.88144,True,True,True,TAMPICO
UNIDAD TAMPICO 4,25/05/2019,2019.0,LESIONES,CULPOSO,TAMPICO,22.285580560730622,-97.86735866684366,22.285580560730622,-97.86735866684366,True,True,True,TAMPICO
UNIDAD TAMPICO 1A.,25/06/2019,2019.0,HOMICIDIO,CULPOSO,TAMPICO,22.220804626288253,-97.87924945777993,22.220804626288253,-97.87924945777992,True,True,True,TAMPICO
UNIDAD TAMPICO 1A.,25/06/2020,2020.0,HOMICIDIO,CULPOSO,TAMPICO,22.252422402995286,-97.85875976085664,22.25242240299529,-97.85875976085664,True,True,True,TAMPICO
UNIDAD TAMPICO 1A.,25/06/2020,2020.0,LESIONES,CULPOSO,TAMPICO,22.312111043480893,-97.86066429497212,22.312111043480893,-97.86066429497212,True,True,True,TAMPICO
ATENCION INMEDIATA EN TAMPICO,25/06/2020,2020.0,LESIONES,CULPOSO,TAMPICO,22.29382292050598,-97.85375792524093,22.29382292050598,-97.85375792524091,True,True,True,TAMPICO
UNIDAD TAMPICO 1A.,25/06/2022,2022.0,LESIONES,CULPOSO,TAMPICO,22.316313958558382,-97.89056266829164,22.316313958558386,-97.89056266829164,True,True,True,TAMPICO
UNIDAD TAMPICO 1A.,25/06/2022,2022.0,LESIONES,CULPOSO,TAMPICO,22.310937179427395,-97.87417597742582,22.310937179427395,-97.87417597742582,True,True,True,TAMPICO
UNIDAD TAMPICO 3A.,25/06/2023,2023.0,LESIONES,CULPOSO,TAMPICO,22.3097327,97.9186746,22.3097327,-97.9186746,True,False,True,TAMPICO
UNIDAD TAMPICO 3A.,25/06/2023,2023.0,LESIONES,CULPOSO,TAMPICO,22.2249549,97.8576899,22.2249549,-97.8576899,True,True,True,TAMPICO
UNIDAD TAMPICO 1A.,25/07/2020,2020.0,LESIONES,CULPOSO,TAMPICO,22.257131064351636,-97.86375477924047,22.25713106435164,-97.86375477924048,True,True,True,TAMPICO
UNIDAD TAMPICO 1A.,25/07/2021,2021.0,LESIONES,CULPOSO,TAMPICO,22.252757126353895,-97.85880878109566,22.25275712635389,-97.85880878109566,True,True,True,TAMPICO
UNIDAD TAMPICO 1A.,25/07/2021,2021.0,LESIONES,CULPOSO,TAMPICO,22.257102996830014,-97.86349203590119,22.25710299683001,-97.8634920359012,True,True,True,TAMPICO
UNIDAD TAMPICO 1A.,25/07/2022,2022.0,LESIONES,CULPOSO,TAMPICO,22.25253024476837,-97.8587907627757,22.25253024476837,-97.8587907627757,True,True,True,TAMPICO
UNIDAD TAMPICO 2A.,25/07/2022,2022.0,LESIONES,CULPOSO,TAMPICO,22.22021384821496,-97.84774479168793,22.22021384821496,-97.84774479168792,True,True,True,TAMPICO
ATENCION INMEDIATA EN TAMPICO,25/08/2020,2020.0,LESIONES,CULPOSO,TAMPICO,22.30262069914087,-97.88056523986948,22.30262069914087,-97.88056523986948,True,True,True,TAMPICO
UNIDAD TAMPICO 2A.,25/08/2021,2021.0,LESIONES,CULPOSO,TAMPICO,22.221601671078908,-97.86618131296353,22.221601671078908,-97.86618131296352,True,True,True,TAMPICO
UNIDAD TAMPICO 2A.,25/09/2020,2020.0,LESIONES,CULPOSO,TAMPICO,22.344358882902224,-97.87479189595298,22.344358882902224,-97.87479189595298,True,False,True,TAMPICO
UNIDAD TAMPICO 2A.,25/09/2022,2022.0,LESIONES,CULPOSO,TAMPICO,22.213986443400724,-97.85564278304106,22.213986443400724,-97.85564278304106,True,True,True,TAMPICO
UNIDAD TAMPICO 1A.,25/09/2023,2023.0,LESIONES,CULPOSO,TAMPICO,22.266765637572284,-97.85932436585428,22.266765637572284,-97.85932436585428,True,True,True,TAMPICO
ATENCION INMEDIATA EN TAMPICO,25/09/2023,2023.0,LESIONES,CULPOSO,TAMPICO,22.21609,97.85816,22.21609,-97.85816,True,True,True,TAMPICO
UNIDAD TAMPICO 2A.,25/10/2021,2021.0,LESIONES,CULPOSO,TAMPICO,22.217848208118685,-97.8643992517152,22.217848208118685,-97.8643992517152,True,True,True,TAMPICO
UNIDAD TAMPICO 3A.,25/10/2022,2022.0,LESIONES,CULPOSO,TAMPICO,22.2909283,97.895786,22.2909283,-97.895786,True,True,True,TAMPICO
UNIDAD TAMPICO 3A.,25/10/2022,2022.0,LESIONES,CULPOSO,TAMPICO,22.2165945,97.8545091,22.2165945,-97.8545091,True,True,True,TAMPICO
UNIDAD TAMPICO 1A.,25/10/2023,2023.0,LESIONES,CULPOSO,TAMPICO,22.059304178210944,-98.18348407745363,22.059304178210944,-98.18348407745364,True,False,False,TAMPICO
UNIDAD TAMPICO 3A.,25/12/2019,2019.0,HOMICIDIO,CULPOSO,TAMPICO,22.2539177,97.8761859,22.2539177,-97.8761859,True,True,True,TAMPICO
UNIDAD TAMPICO 3A.,25/12/2019,2019.0,LESIONES,CULPOSO,TAMPICO,22.22452,97.8475718,22.22452,-97.8475718,True,True,True,TAMPICO
UNIDAD TAMPICO 3A.,26/01/2019,2019.0,LESIONES,CULPOSO,TAMPICO,22.213302753108653,-97.85648772470523,22.213302753108653,-97.85648772470525,True,True,True,TAMPICO
ATENCION INMEDIATA EN TAMPICO,26/01/2022,2022.0,LESIONES,CULPOSO,TAMPICO,22.25277,-97.87441,22.25277,-97.87441,True,True,True,TAMPICO
UNIDAD TAMPICO 4,26/01/2023,2023.0,LESIONES,CULPOSO,TAMPICO,22.215470898388592,-97.85374021320855,22.215470898388592,-97.85374021320855,True,True,True,TAMPICO
UNIDAD TAMPICO 1A.,26/02/2023,2023.0,HOMICIDIO,CULPOSO,TAMPICO,22.25248498512739,-97.85875397840944,22.25248498512739,-97.85875397840944,True,True,True,TAMPICO
UNIDAD TAMPICO 1A.,26/02/2023,2023.0,LESIONES,CULPOSO,TAMPICO,22.263403662424693,-97.8469259055836,22.263403662424693,-97.8469259055836,True,False,True,TAMPICO
UNIDAD TAMPICO 1A.,26/02/2023,2023.0,LESIONES,CULPOSO,TAMPICO,22.2753125678866,-97.87383106046484,22.2753125678866,-97.87383106046484,True,True,True,TAMPICO
UNIDAD TAMPICO 4,26/03/2021,2021.0,LESIONES,CULPOSO,TAMPICO,22.31597,97.86585,22.31597,-97.86585,True,True,True,TAMPICO
UNIDAD TAMPICO 4,26/03/2021,2021.0,HOMICIDIO,CULPOSO,TAMPICO,22.30719,97.89065,22.30719,-97.89065,True,True,True,TAMPICO
UNIDAD TAMPICO 4,26/04/2020,2020.0,LESIONES,CULPOSO,TAMPICO,22.225364,-97.87832,22.225364,-97.87832,True,True,True,TAMPICO
UNIDAD TAMPICO 1A.,26/05/2021,2021.0,LESIONES,CULPOSO,TAMPICO,22.2172054426055,-97.85759830778109,22.2172054426055,-97.85759830778107,True,True,True,TAMPICO
ATENCION INMEDIATA EN TAMPICO,26/06/2019,2019.0,LESIONES,CULPOSO,TAMPICO,22.215504332907525,-97.85507793192482,22.215504332907525,-97.85507793192482,True,True,True,TAMPICO
UNIDAD TAMPICO 1A.,26/06/2020,2020.0,LESIONES,CULPOSO,TAMPICO,22.2524070,97.8587049,22.252407,-97.8587049,True,True,True,TAMPICO
UNIDAD TAMPICO 1A.,26/06/2022,2022.0,LESIONES,CULPOSO,TAMPICO,22.31254208923055,-97.85863943309988,22.31254208923055,-97.85863943309988,True,True,True,TAMPICO
UNIDAD TAMPICO 1A.,26/06/2022,2022.0,LESIONES,CULPOSO,TAMPICO,22.30729543749227,-97.88134891567272,22.30729543749227,-97.88134891567272,True,True,True,TAMPICO
UNIDAD TAMPICO 1A.,26/06/2022,2022.0,HOMICIDIO,CULPOSO,TAMPICO,22.21637364368996,-97.85369257645357,22.21637364368996,-97.85369257645355,True,True,True,TAMPICO
UNIDAD TAMPICO 1A.,26/07/2021,2021.0,LESIONES,CULPOSO,TAMPICO,22.224563411170397,-97.87788628644154,22.2245634111704,-97.87788628644154,True,True,True,TAMPICO
UNIDAD TAMPICO 2A.,26/07/2022,2022.0,LESIONES,CULPOSO,TAMPICO,22.211704421298766,-97.85152209190028,22.21170442129877,-97.85152209190028,True,True,True,TAMPICO
UNIDAD TAMPICO 2A.,26/07/2022,2022.0,LESIONES,CULPOSO,TAMPICO,22.296982506260758,-97.85644498582897,22.29698250626076,-97.85644498582896,True,True,True,TAMPICO
ATENCION INMEDIATA EN TAMPICO,26/08/2019,2019.0,LESIONES,CULPOSO,TAMPICO,22.23093,97.28393,22.23093,-97.28393,True,False,False,TAMPICO
ATENCION INMEDIATA EN TAMPICO,26/08/2019,2019.0,LESIONES,CULPOSO,TAMPICO,22.30929,-97.87608,22.30929,-97.87608,True,True,True,TAMPICO
UNIDAD TAMPICO 4,26/08/2023,2023.0,LESIONES,CULPOSO,TAMPICO,22.259192656724213,-97.86709318814916,22.259192656724213,-97.86709318814916,True,True,True,TAMPICO
UNIDAD TAMPICO 2A.,26/09/2021,2021.0,HOMICIDIO,CULPOSO,TAMPICO,22.252311313307363,-97.85880338009275,22.252311313307363,-97.85880338009277,True,True,True,TAMPICO
UNIDAD TAMPICO 3A.,26/09/2022,2022.0,LESIONES,CULPOSO,TAMPICO,22.245223502036733,-97.8564483326462,22.245223502036733,-97.8564483326462,True,True,True,TAMPICO
UNIDAD TAMPICO 2A.,26/10/2019,2019.0,LESIONES,CULPOSO,TAMPICO,22.214800559572378,-97.85751815340414,22.21480055957237,-97.85751815340414,True,True,True,TAMPICO
UNIDAD TAMPICO 2A.,26/10/2019,2019.0,LESIONES,CULPOSO,TAMPICO,22.213814778972672,-97.85519836565973,22.213814778972672,-97.85519836565972,True,True,True,TAMPICO
UNIDAD TAMPICO 2A.,26/10/2020,2020.0,LESIONES,CULPOSO,TAMPICO,22.243859196444678,-97.86032324438096,22.24385919644468,-97.86032324438096,True,True,True,TAMPICO
UNIDAD TAMPICO 1A.,26/10/2023,2023.0,LESIONES,CULPOSO,TAMPICO,22.27097264803574,-97.87428706884386,22.27097264803574,-97.87428706884386,True,True,True,TAMPICO
ATENCION INMEDIATA EN TAMPICO,26/10/2023,2023.0,LESIONES,CULPOSO,TAMPICO,22.218918843974333,-97.86153013372743,22.218918843974333,-97.86153013372744,True,True,True,TAMPICO
UNIDAD TAMPICO 3A.,26/11/2020,2020.0,LESIONES,CULPOSO,TAMPICO,22.3149239,97.8596529,22.3149239,-97.8596529,True,True,True,TAMPICO
ATENCION INMEDIATA EN TAMPICO,26/11/2021,2021.0,LESIONES,CULPOSO,TAMPICO,22.23093,-97.85971,22.23093,-97.85971,True,True,True,TAMPICO
UNIDAD TAMPICO 1A.,26/11/2023,2023.0,LESIONES,CULPOSO,TAMPICO,22.23499944994573,-97.8680404814486,22.23499944994573,-97.8680404814486,True,True,True,TAMPICO
UNIDAD TAMPICO 1A.,26/11/2023,2023.0,LESIONES,CULPOSO,TAMPICO,22.310976483492226,-97.89130434393886,22.310976483492222,-97.89130434393886,True,True,True,TAMPICO
UNIDAD TAMPICO 1A.,26/11/2023,2023.0,HOMICIDIO,CULPOSO,TAMPICO,22.285539706687008,-97.87404701113704,22.285539706687008,-97.87404701113704,True,True,True,TAMPICO
UNIDAD TAMPICO 3A.,27/01/2019,2019.0,LESIONES,CULPOSO,TAMPICO,22.214891437171485,-97.86026596326785,22.214891437171485,-97.86026596326784,True,True,True,TAMPICO
UNIDAD TAMPICO 3A.,27/01/2019,2019.0,HOMICIDIO,CULPOSO,TAMPICO,22.215288605376305,-97.85545729600635,22.215288605376305,-97.85545729600636,True,True,True,TAMPICO
UNIDAD TAMPICO 4,27/01/2020,2020.0,LESIONES,CULPOSO,TAMPICO,22.239233,-97.87467,22.239233,-97.87467,True,True,True,TAMPICO
UNIDAD TAMPICO 4,27/01/2020,2020.0,LESIONES,CULPOSO,TAMPICO,22.240631,-97.86686,22.240631,-97.86686,True,True,True,TAMPICO
UNIDAD TAMPICO 3A.,27/01/2020,2020.0,LESIONES,CULPOSO,TAMPICO,22.216273077033758,-97.85696023474415,22.21627307703376,-97.85696023474416,True,True,True,TAMPICO
UNIDAD TAMPICO 1A.,27/02/2023,2023.0,LESIONES,CULPOSO,TAMPICO,22.27808268944156,-97.88700610399248,22.27808268944156,-97.88700610399248,True,True,True,TAMPICO
UNIDAD TAMPICO 3A.,27/03/2023,2023.0,LESIONES,CULPOSO,TAMPICO,22.2454397,97.9351866,22.2454397,-97.9351866,True,False,True,TAMPICO
UNIDAD TAMPICO 1A.,27/04/2022,2022.0,LESIONES,CULPOSO,TAMPICO,22.30739632003957,-97.88137506943569,22.30739632003957,-97.88137506943568,True,True,True,TAMPICO
UNIDAD TAMPICO 1A.,27/04/2022,2022.0,LESIONES,CULPOSO,TAMPICO,22.252624722535725,-97.85866356112604,22.252624722535725,-97.85866356112604,True,True,True,TAMPICO
UNIDAD TAMPICO 1A.,27/05/2021,2021.0,LESIONES,CULPOSO,TAMPICO,22.243614983876927,-97.85037000682951,22.243614983876927,-97.85037000682952,True,True,True,TAMPICO
UNIDAD TAMPICO 1A.,27/05/2021,2021.0,HOMICIDIO,CULPOSO,TAMPICO,22.252564072448852,-97.85874986692788,22.25256407244885,-97.85874986692788,True,True,True,TAMPICO
UNIDAD TAMPICO 1A.,27/06/2019,2019.0,LESIONES,CULPOSO,TAMPICO,22.27968557674796,-97.87281619496814,22.27968557674796,-97.87281619496814,True,True,True,TAMPICO
UNIDAD TAMPICO 1A.,27/06/2020,2020.0,LESIONES,CULPOSO,TAMPICO,22.229402408412614,-97.87234190676877,22.22940240841261,-97.87234190676875,True,True,True,TAMPICO
UNIDAD TAMPICO 4,27/06/2023,2023.0,LESIONES,CULPOSO,TAMPICO,22.294265703187772,-97.88012547896766,22.29426570318777,-97.88012547896766,True,True,True,TAMPICO
UNIDAD TAMPICO 2A.,27/07/2021,2021.0,LESIONES,CULPOSO,TAMPICO,22.305384872750214,-97.85305529572638,22.305384872750214,-97.85305529572638,True,True,True,TAMPICO
UNIDAD TAMPICO 4,27/07/2023,2023.0,HOMICIDIO,CULPOSO,TAMPICO,22.297818999664567,-97.87771469643472,22.297818999664567,-97.87771469643472,True,True,True,TAMPICO
UNIDAD TAMPICO 4,27/08/2023,2023.0,HOMICIDIO,CULPOSO,TAMPICO,22.251029397558508,-97.86056411747823,22.251029397558508,-97.86056411747823,True,True,True,TAMPICO
UNIDAD TAMPICO 2A.,27/09/2020,2020.0,LESIONES,CULPOSO,TAMPICO,22.275157649064393,-97.87348979823705,22.2751576490644,-97.87348979823705,True,True,True,TAMPICO
UNIDAD TAMPICO 2A.,27/09/2020,2020.0,LESIONES,CULPOSO,TAMPICO,22.227563393655064,-97.8597225748313,22.227563393655064,-97.8597225748313,True,True,True,TAMPICO
UNIDAD TAMPICO 2A.,27/09/2020,2020.0,HOMICIDIO,CULPOSO,TAMPICO,22.24894013605396,-97.8516056477454,22.24894013605396,-97.8516056477454,True,False,True,TAMPICO
UNIDAD TAMPICO 1A.,27/09/2023,2023.0,LESIONES,CULPOSO,TAMPICO,22.2160076995548,-97.85917550325395,22.2160076995548,-97.85917550325397,True,True,True,TAMPICO
UNIDAD TAMPICO 1A.,27/09/2023,2023.0,LESIONES,CULPOSO,TAMPICO,22.250963087136046,-97.86248400807382,22.250963087136046,-97.86248400807382,True,True,True,TAMPICO
UNIDAD TAMPICO 2A.,27/10/2019,2019.0,LESIONES,CULPOSO,TAMPICO,22.220097439485272,-97.87739306817816,22.220097439485272,-97.87739306817816,True,True,True,TAMPICO
UNIDAD TAMPICO 3A.,27/10/2022,2022.0,LESIONES,CULPOSO,TAMPICO,22.2315239,97.8658916,22.2315239,-97.8658916,True,True,True,TAMPICO
UNIDAD TAMPICO 1A.,27/10/2023,2023.0,LESIONES,CULPOSO,TAMPICO,22.3106340483792,-97.86907419562343,22.3106340483792,-97.86907419562344,True,True,True,TAMPICO
UNIDAD TAMPICO 3A.,27/11/2019,2019.0,HOMICIDIO,CULPOSO,TAMPICO,22.2520849,97.8635239,22.2520849,-97.8635239,True,True,True,TAMPICO
UNIDAD TAMPICO 3A.,27/11/2022,2022.0,LESIONES,CULPOSO,TAMPICO,22.296742430505358,-97.8488063601841,22.29674243050536,-97.8488063601841,True,False,True,TAMPICO
UNIDAD TAMPICO 1A.,27/11/2023,2023.0,LESIONES,CULPOSO,TAMPICO,22.314628700177234,-97.88670837879182,22.314628700177234,-97.88670837879182,True,True,True,TAMPICO
UNIDAD TAMPICO 1A.,27/11/2023,2023.0,HOMICIDIO,CULPOSO,TAMPICO,22.21074120406535,-97.85257324576381,22.21074120406535,-97.8525732457638,True,True,True,TAMPICO
UNIDAD TAMPICO 3A.,27/12/2020,2020.0,LESIONES,CULPOSO,TAMPICO,22.2539226,-97.8787608,22.2539226,-97.8787608,True,True,True,TAMPICO
UNIDAD TAMPICO 3A.,27/12/2020,2020.0,LESIONES,CULPOSO,TAMPICO,22.2735427,-97.8356257,22.2735427,-97.8356257,True,False,True,TAMPICO
ATENCION INMEDIATA EN TAMPICO,27/12/2021,2021.0,LESIONES,CULPOSO,TAMPICO,22.23093,97.28393,22.23093,-97.28393,True,False,False,TAMPICO
UNIDAD TAMPICO 4,27/12/2022,2022.0,HOMICIDIO,CULPOSO,TAMPICO,22.257752,-97.87194,22.257752,-97.87194,True,True,True,TAMPICO
UNIDAD TAMPICO 2A.,27/12/2023,2023.0,LESIONES,CULPOSO,TAMPICO,22.213939118265614,-97.8579441024857,22.21393911826561,-97.8579441024857,True,True,True,TAMPICO
ATENCION INMEDIATA EN TAMPICO,28/01/2021,2021.0,LESIONES,CULPOSO,TAMPICO,22.28316,97.87078,22.28316,-97.87078,True,True,True,TAMPICO
UNIDAD TAMPICO 1A.,28/02/2022,2022.0,LESIONES,CULPOSO,TAMPICO,22.21664679124506,-97.85665064932033,22.21664679124506,-97.85665064932031,True,True,True,TAMPICO
UNIDAD TAMPICO 1A.,28/03/2022,2022.0,HOMICIDIO,CULPOSO,TAMPICO,22.25410006378211,-97.87620630332361,22.25410006378211,-97.8762063033236,True,True,True,TAMPICO
UNIDAD TAMPICO 1A.,28/03/2022,2022.0,LESIONES,CULPOSO,TAMPICO,22.252505565050356,-97.85881409097385,22.25250556505036,-97.85881409097384,True,True,True,TAMPICO
ATENCION INMEDIATA EN TAMPICO,28/04/2019,2019.0,LESIONES,CULPOSO,TAMPICO,22.313490378101154,-97.88247585296632,22.31349037810116,-97.88247585296632,True,True,True,TAMPICO
UNIDAD TAMPICO 1A.,28/04/2020,2020.0,HOMICIDIO,CULPOSO,TAMPICO,22.268878218403135,-97.87390882487473,22.26887821840313,-97.87390882487472,True,True,True,TAMPICO
UNIDAD TAMPICO 1A.,28/05/2019,2019.0,LESIONES,CULPOSO,TAMPICO,22.237419119025557,-97.86615600701153,22.23741911902556,-97.86615600701153,True,True,True,TAMPICO
UNIDAD TAMPICO 3A.,28/05/2023,2023.0,LESIONES,CULPOSO,TAMPICO,22.2377972,97.8484733,22.2377972,-97.8484733,True,True,True,TAMPICO
UNIDAD TAMPICO 3A.,28/05/2023,2023.0,LESIONES,CULPOSO,TAMPICO,22.321874,97.8764638,22.321874,-97.8764638,True,True,True,TAMPICO
UNIDAD TAMPICO 1A.,28/06/2019,2019.0,LESIONES,CULPOSO,TAMPICO,22.30746101485516,-97.8813227649054,22.30746101485516,-97.8813227649054,True,True,True,TAMPICO
UNIDAD TAMPICO 1A.,28/06/2021,2021.0,LESIONES,CULPOSO,TAMPICO,22.303019193692528,-97.85760819295783,22.303019193692528,-97.85760819295784,True,True,True,TAMPICO
UNIDAD TAMPICO 2A.,28/07/2021,2021.0,LESIONES,CULPOSO,TAMPICO,22.329426456084626,-97.87287413302946,22.329426456084622,-97.87287413302946,True,False,True,TAMPICO
UNIDAD TAMPICO 2A.,28/07/2022,2022.0,LESIONES,CULPOSO,TAMPICO,22.215416013161196,-97.85502648892898,22.2154160131612,-97.85502648892898,True,True,True,TAMPICO
UNIDAD TAMPICO 2A.,28/08/2022,2022.0,LESIONES,CULPOSO,TAMPICO,22.24617567451236,-97.86224055992682,22.24617567451236,-97.86224055992682,True,True,True,TAMPICO
UNIDAD TAMPICO 2A.,28/09/2019,2019.0,LESIONES,CULPOSO,TAMPICO,22.24132755831109,-97.86881264059706,22.24132755831109,-97.86881264059706,True,True,True,TAMPICO
UNIDAD TAMPICO 3A.,28/09/2022,2022.0,LESIONES,CULPOSO,TAMPICO,22.236594657290603,-97.85919525246946,22.236594657290603,-97.85919525246946,True,True,True,TAMPICO
UNIDAD TAMPICO 3A.,28/10/2021,2021.0,LESIONES,CULPOSO,TAMPICO,22.2993985,97.8930253,22.2993985,-97.8930253,True,True,True,TAMPICO
ATENCION INMEDIATA EN TAMPICO,28/10/2022,2022.0,LESIONES,CULPOSO,TAMPICO,22.25277,97.87441,22.25277,-97.87441,True,True,True,TAMPICO
ATENCION INMEDIATA EN TAMPICO,28/10/2022,2022.0,LESIONES,CULPOSO,TAMPICO,22.30291,-97.85617,22.30291,-97.85617,True,True,True,TAMPICO
UNIDAD TAMPICO 1A.,28/10/2023,2023.0,LESIONES,CULPOSO,TAMPICO,22.252560905013514,-97.85879737949693,22.25256090501352,-97.85879737949692,True,True,True,TAMPICO
UNIDAD TAMPICO 4,28/11/2022,2022.0,LESIONES,CULPOSO,TAMPICO,22.24508,-97.85810,22.24508,-97.8581,True,True,True,TAMPICO
ATENCION INMEDIATA EN TAMPICO,28/12/2020,2020.0,LESIONES,CULPOSO,TAMPICO,22.244846846583638,-97.85690785081192,22.24484684658364,-97.85690785081192,True,True,True,TAMPICO
UNIDAD TAMPICO 4,28/12/2022,2022.0,HOMICIDIO,CULPOSO,TAMPICO,22.27928,-97.88756,22.27928,-97.88756,True,True,True,TAMPICO
ATENCION INMEDIATA EN TAMPICO,29/01/2021,2021.0,LESIONES,CULPOSO,TAMPICO,22.218614622619807,-97.85925850072982,22.218614622619807,-97.85925850072982,True,True,True,TAMPICO
UNIDAD TAMPICO 4,29/03/2019,2019.0,LESIONES,CULPOSO,TAMPICO,22.21929,-97.85349,22.21929,-97.85349,True,True,True,TAMPICO
UNIDAD TAMPICO 4,29/03/2019,2019.0,LESIONES,CULPOSO,TAMPICO,22.21918,-97.85980,22.21918,-97.8598,True,True,True,TAMPICO
UNIDAD TAMPICO 3A.,29/04/2023,2023.0,LESIONES,CULPOSO,TAMPICO,22.225232723840158,-97.8681569745139,22.22523272384016,-97.8681569745139,True,True,True,TAMPICO
UNIDAD TAMPICO 1A.,29/06/2022,2022.0,LESIONES,CULPOSO,TAMPICO,22.223402592616225,-97.87663378632595,22.223402592616225,-97.87663378632595,True,True,True,TAMPICO
UNIDAD TAMPICO 2A.,29/07/2021,2021.0,LESIONES,CULPOSO,TAMPICO,22.24993622526354,-97.87078155708954,22.24993622526354,-97.87078155708954,True,True,True,TAMPICO
UNIDAD TAMPICO 2A.,29/07/2022,2022.0,LESIONES,CULPOSO,TAMPICO,22.27537094798081,-97.88796676542897,22.27537094798081,-97.88796676542896,True,True,True,TAMPICO
UNIDAD TAMPICO 3A.,29/08/2019,2019.0,LESIONES,CULPOSO,TAMPICO,22.242650786243026,-97.86404420183048,22.242650786243026,-97.86404420183048,True,True,True,TAMPICO
UNIDAD TAMPICO 2A.,29/08/2021,2021.0,LESIONES,CULPOSO,TAMPICO,22.21741693326089,-97.85983179655354,22.21741693326089,-97.85983179655354,True,True,True,TAMPICO
UNIDAD TAMPICO 3A.,29/08/2022,2022.0,HOMICIDIO,CULPOSO,TAMPICO,22.258975622607135,-97.84717747824263,22.25897562260713,-97.84717747824264,True,False,True,TAMPICO
UNIDAD TAMPICO 2A.,29/08/2022,2022.0,LESIONES,CULPOSO,TAMPICO,22.279552941617638,-97.86851994285597,22.27955294161764,-97.86851994285595,True,True,True,TAMPICO
UNIDAD TAMPICO 3A.,29/09/2021,2021.0,LESIONES,CULPOSO,TAMPICO,22.216245382016222,-97.85783442671158,22.216245382016226,-97.85783442671158,True,True,True,TAMPICO
UNIDAD TAMPICO 1A.,29/09/2023,2023.0,HOMICIDIO,CULPOSO,TAMPICO,22.252609735943995,-97.8588029358859,22.252609735943995,-97.8588029358859,True,True,True,TAMPICO
UNIDAD TAMPICO 3A.,29/10/2022,2022.0,LESIONES,CULPOSO,TAMPICO,22.2158766,97.8733839,22.2158766,-97.8733839,True,True,True,TAMPICO
UNIDAD TAMPICO 1A.,29/10/2023,2023.0,LESIONES,CULPOSO,TAMPICO,22.265525279261826,-97.87418246269226,22.265525279261823,-97.87418246269226,True,True,True,TAMPICO
UNIDAD TAMPICO 3A.,29/11/2020,2020.0,LESIONES,CULPOSO,TAMPICO,22.3152803,-97.8613439,22.3152803,-97.8613439,True,True,True,TAMPICO
UNIDAD TAMPICO 3A.,29/11/2021,2021.0,LESIONES,CULPOSO,TAMPICO,22.2929159,97.8825329,22.2929159,-97.8825329,True,True,True,TAMPICO
UNIDAD TAMPICO 4,29/11/2022,2022.0,LESIONES,CULPOSO,TAMPICO,22.320493,-97.86228,22.320493,-97.86228,True,True,True,TAMPICO
UNIDAD TAMPICO 4,29/12/2020,2020.0,HOMICIDIO,CULPOSO,TAMPICO,22.214265,-97.8569,22.214265,-97.8569,True,True,True,TAMPICO
UNIDAD TAMPICO 1A.,30/01/2020,2020.0,LESIONES,CULPOSO,TAMPICO,22.219443662690402,-97.86241060832255,22.2194436626904,-97.86241060832256,True,True,True,TAMPICO
UNIDAD TAMPICO 1A.,30/01/2020,2020.0,LESIONES,CULPOSO,TAMPICO,22.241864765240802,-97.85480636370882,22.2418647652408,-97.85480636370882,True,True,True,TAMPICO
UNIDAD TAMPICO 1A.,30/04/2021,2021.0,LESIONES,CULPOSO,TAMPICO,22.21746297458187,-97.8655626458689,22.21746297458187,-97.8655626458689,True,True,True,TAMPICO
UNIDAD TAMPICO 1A.,30/04/2021,2021.0,LESIONES,CULPOSO,TAMPICO,22.25411402659745,-97.87622082177782,22.25411402659745,-97.87622082177782,True,True,True,TAMPICO
UNIDAD TAMPICO 1A.,30/04/2021,2021.0,LESIONES,CULPOSO,TAMPICO,22.303252776658194,-97.88978526228966,22.303252776658194,-97.88978526228966,True,True,True,TAMPICO
UNIDAD TAMPICO 1A.,30/05/2020,2020.0,LESIONES,CULPOSO,TAMPICO,22.2970811225065,-97.8897876013807,22.2970811225065,-97.8897876013807,True,True,True,TAMPICO
UNIDAD TAMPICO 1A.,30/05/2022,2022.0,HOMICIDIO,CULPOSO,TAMPICO,22.31288183995685,-97.87424115149248,22.31288183995685,-97.87424115149248,True,True,True,TAMPICO
UNIDAD TAMPICO 1A.,30/05/2022,2022.0,LESIONES,CULPOSO,TAMPICO,22.293946391225877,-97.853577402178,22.29394639122588,-97.853577402178,True,True,True,TAMPICO
UNIDAD TAMPICO 4,30/05/2023,2023.0,LESIONES,CULPOSO,TAMPICO,22.21157914682788,-97.85460802703068,22.21157914682788,-97.85460802703068,True,True,True,TAMPICO
UNIDAD TAMPICO 2A.,30/06/2021,2021.0,LESIONES,CULPOSO,TAMPICO,22.212092829337593,-97.85238056922127,22.2120928293376,-97.85238056922128,True,True,True,TAMPICO
UNIDAD TAMPICO 2A.,30/06/2022,2022.0,LESIONES,CULPOSO,TAMPICO,22.237198310129454,-97.87045623123153,22.23719831012945,-97.87045623123151,True,True,True,TAMPICO
UNIDAD TAMPICO 2A.,30/06/2022,2022.0,HOMICIDIO,CULPOSO,TAMPICO,22.212961721244103,-97.85976347418182,22.212961721244103,-97.85976347418182,True,True,True,TAMPICO
UNIDAD TAMPICO 1A.,30/06/2022,2022.0,LESIONES,CULPOSO,TAMPICO,22.254730792678934,-97.87568044647006,22.25473079267893,-97.87568044647006,True,True,True,TAMPICO
UNIDAD TAMPICO 2A.,30/07/2021,2021.0,HOMICIDIO,CULPOSO,TAMPICO,22.212569510791877,-97.85495600118426,22.21256951079188,-97.85495600118426,True,True,True,TAMPICO
UNIDAD TAMPICO 2A.,30/08/2019,2019.0,LESIONES,CULPOSO,TAMPICO,22.21670078241682,-97.84742608666421,22.21670078241682,-97.8474260866642,True,True,True,TAMPICO
UNIDAD TAMPICO 1A.,30/08/2023,2023.0,LESIONES,CULPOSO,TAMPICO,22.315391685526023,-97.85685937398,22.315391685526023,-97.85685937398,True,True,True,TAMPICO
UNIDAD TAMPICO 3A.,30/09/2020,2020.0,LESIONES,CULPOSO,TAMPICO,22.234374,97.8682226,22.234374,-97.8682226,True,True,True,TAMPICO
UNIDAD TAMPICO 3A.,30/10/2021,2021.0,LESIONES,CULPOSO,TAMPICO,22.2434769,97.8603059,22.2434769,-97.8603059,True,True,True,TAMPICO
UNIDAD TAMPICO 4,30/11/2022,2022.0,LESIONES,CULPOSO,TAMPICO,22.30127,-97.88771,22.30127,-97.88771,True,True,True,TAMPICO
UNIDAD TAMPICO 4,30/11/2022,2022.0,LESIONES,CULPOSO,TAMPICO,22.22160,-97.87921,22.2216,-97.87921,True,True,True,TAMPICO
UNIDAD TAMPICO 2A.,30/11/2023,2023.0,HOMICIDIO,CULPOSO,TAMPICO,22.240685817910794,-97.87258882417377,22.240685817910794,-97.87258882417376,True,True,True,TAMPICO
UNIDAD TAMPICO 4,30/12/2019,2019.0,LESIONES,CULPOSO,TAMPICO,22.31537,-97.85880,22.31537,-97.8588,True,True,True,TAMPICO
UNIDAD TAMPICO 4,30/12/2019,2019.0,HOMICIDIO,CULPOSO,TAMPICO,22.31510,-97.88503,22.3151,-97.88503,True,True,True,TAMPICO
UNIDAD TAMPICO 4,31/01/2021,2021.0,LESIONES,CULPOSO,TAMPICO,22.30368,97.85424,22.30368,-97.85424,True,True,True,TAMPICO
UNIDAD TAMPICO 1A.,31/03/2022,2022.0,LESIONES,CULPOSO,TAMPICO,22.26522474393488,-97.85982865532215,22.26522474393488,-97.85982865532216,True,True,True,TAMPICO
UNIDAD TAMPICO 4,31/03/2023,2023.0,LESIONES,CULPOSO,TAMPICO,22.232050283703945,-97.86405586078678,22.232050283703945,-97.86405586078678,True,True,True,TAMPICO
UNIDAD TAMPICO 1A.,31/05/2019,2019.0,HOMICIDIO,CULPOSO,TAMPICO,22.252762291431942,-97.85885905227761,22.252762291431942,-97.8588590522776,True,True,True,TAMPICO
UNIDAD TAMPICO 2A.,31/07/2019,2019.0,LESIONES,CULPOSO,TAMPICO,22.22234100378491,-97.87619878462255,22.22234100378491,-97.87619878462256,True,True,True,TAMPICO
UNIDAD TAMPICO 1A.,31/07/2023,2023.0,LESIONES,CULPOSO,TAMPICO,22.273668453792663,-97.88611426949502,22.273668453792663,-97.88611426949502,True,True,True,TAMPICO
UNIDAD TAMPICO 3A.,31/08/2021,2021.0,LESIONES,CULPOSO,TAMPICO,22.2424224,97.8720621,22.2424224,-97.8720621,True,True,True,TAMPICO
UNIDAD TAMPICO 3A.,31/08/2022,2022.0,LESIONES,CULPOSO,TAMPICO,22.25326955469178,-97.86812274189512,22.25326955469178,-97.86812274189512,True,True,True,TAMPICO
UNIDAD TAMPICO 3A.,31/08/2022,2022.0,HOMICIDIO,CULPOSO,TAMPICO,22.2401733121253,-97.8411685911292,22.2401733121253,-97.8411685911292,True,False,True,TAMPICO
UNIDAD TAMPICO 3A.,31/08/2022,2022.0,HOMICIDIO,CULPOSO,TAMPICO,22.260208378245263,-97.87343225928689,22.260208378245263,-97.87343225928689,True,True,True,TAMPICO
UNIDAD TAMPICO 3A.,31/10/2021,2021.0,HOMICIDIO,CULPOSO,TAMPICO,22.2195209,97.8675379,22.2195209,-97.8675379,True,True,True,TAMPICO
UNIDAD TAMPICO 4,31/10/2022,2022.0,LESIONES,CULPOSO,TAMPICO,22.21928,-97.85350,22.21928,-97.8535,True,True,True,TAMPICO
UNIDAD TAMPICO 3A.,31/10/2022,2022.0,LESIONES,CULPOSO,TAMPICO,22.2476514,97.8579027,22.2476514,-97.8579027,True,True,True,TAMPICO
UNIDAD TAMPICO 4,31/12/2020,2020.0,LESIONES,CULPOSO,TAMPICO,22.265386,-97.87019,22.265386,-97.87019,True,True,True,TAMPICO
UNIDAD TAMPICO 4,31/12/2022,2022.0,LESIONES,CULPOSO,TAMPICO,22.303688,-97.8811,22.303688,-97.8811,True,True,True,TAMPICO
UNIDAD TAMPICO 4,31/12/2022,2022.0,LESIONES,CULPOSO,TAMPICO,22.216818,-97.8633,22.216818,-97.8633,True,True,True,TAMPICO
ATENCION INMEDIATA DE CIUDAD MADERO,01/04/2020,2020.0,LESIONES,CULPOSO,CIUDAD MADERO,22.24739597186728,-97.83716906114921,22.24739597186728,-97.8371690611492,True,True,True,CIUDAD MADERO
UNIDAD CIUDAD MADERO 3,01/04/2022,2022.0,LESIONES,CULPOSO,CIUDAD MADERO,22.278187657006246,-97.82850219214357,22.27818765700625,-97.82850219214356,True,True,True,CIUDAD MADERO
UNIDAD CIUDAD MADERO 3,01/05/2022,2022.0,LESIONES,CULPOSO,CIUDAD MADERO,22.28367771416228,-97.80079248917647,22.28367771416228,-97.80079248917647,True,True,True,CIUDAD MADERO
UNIDAD TAMPICO 2A.,01/06/2022,2022.0,HOMICIDIO,CULPOSO,CIUDAD MADERO,22.22413295246123,-97.85993516964602,22.22413295246123,-97.85993516964602,True,False,True,CIUDAD MADERO
UNIDAD CIUDAD MADERO 1A.,01/06/2023,2023.0,LESIONES,CULPOSO,CIUDAD MADERO,22.27155061957242,-97.79132954553009,22.27155061957242,-97.79132954553008,True,True,True,CIUDAD MADERO
UNIDAD CIUDAD MADERO 3,01/07/2019,2019.0,HOMICIDIO,CULPOSO,CIUDAD MADERO,22.24716027799075,-97.8556527319719,22.24716027799075,-97.8556527319719,True,True,True,CIUDAD MADERO
UNIDAD CIUDAD MADERO 1A.,01/09/2022,2022.0,LESIONES,CULPOSO,CIUDAD MADERO,22.239038254208214,-97.84341216087343,22.23903825420821,-97.84341216087344,True,True,True,CIUDAD MADERO
UNIDAD CIUDAD MADERO 1A.,01/10/2021,2021.0,LESIONES,CULPOSO,CIUDAD MADERO,22.24930627278487,-97.83512949943542,22.24930627278487,-97.83512949943542,True,True,True,CIUDAD MADERO
UNIDAD CIUDAD MADERO 3,01/10/2022,2022.0,LESIONES,CULPOSO,CIUDAD MADERO,22.279390263760416,-97.83009583736889,22.279390263760416,-97.83009583736887,True,True,True,CIUDAD MADERO
UNIDAD CIUDAD MADERO 3,01/10/2022,2022.0,LESIONES,CULPOSO,CIUDAD MADERO,22.2665086855795,-97.83058946176446,22.2665086855795,-97.83058946176446,True,True,True,CIUDAD MADERO
UNIDAD CIUDAD MADERO 1A.,01/10/2023,2023.0,LESIONES,CULPOSO,CIUDAD MADERO,22.248968651646223,-97.83345580101015,22.248968651646223,-97.83345580101016,True,True,True,CIUDAD MADERO
UNIDAD CIUDAD MADERO 3,01/11/2021,2021.0,HOMICIDIO,CULPOSO,CIUDAD MADERO,22.24919677426944,-97.83418086010288,22.24919677426944,-97.83418086010288,True,True,True,CIUDAD MADERO
ATENCION INMEDIATA DE CIUDAD MADERO,01/11/2021,2021.0,LESIONES,CULPOSO,CIUDAD MADERO,22.24736484312912,-97.83667227202312,22.24736484312912,-97.83667227202312,True,True,True,CIUDAD MADERO
UNIDAD CIUDAD MADERO 1A.,01/11/2022,2022.0,LESIONES,CULPOSO,CIUDAD MADERO,22.27493281247062,-97.84530403605483,22.27493281247062,-97.84530403605484,True,True,True,CIUDAD MADERO
ATENCION INMEDIATA DE CIUDAD MADERO,02/04/2019,2019.0,LESIONES,CULPOSO,CIUDAD MADERO,22.24636323173646,-97.83662318467397,22.24636323173646,-97.83662318467395,True,True,True,CIUDAD MADERO
UNIDAD CIUDAD MADERO 1A.,02/04/2021,2021.0,LESIONES,CULPOSO,CIUDAD MADERO,22.31602382994236,-97.85194158554079,22.31602382994236,-97.8519415855408,True,True,True,CIUDAD MADERO
UNIDAD CIUDAD MADERO 1A.,02/05/2022,2022.0,LESIONES,CULPOSO,CIUDAD MADERO,22.250694607037435,-97.84283816814424,22.250694607037435,-97.84283816814424,True,True,True,CIUDAD MADERO
UNIDAD CIUDAD MADERO 3,02/05/2023,2023.0,LESIONES,CULPOSO,CIUDAD MADERO,22.25689380132675,-97.83258865225574,22.25689380132675,-97.83258865225574,True,True,True,CIUDAD MADERO
ATENCION INMEDIATA DE CIUDAD MADERO,02/06/2023,2023.0,LESIONES,CULPOSO,CIUDAD MADERO,22.2474680295798,-97.83691915206364,22.2474680295798,-97.83691915206364,True,True,True,CIUDAD MADERO
UNIDAD CIUDAD MADERO 1A.,02/07/2020,2020.0,HOMICIDIO,CULPOSO,CIUDAD MADERO,22.247293462549198,-97.85526241998625,22.2472934625492,-97.85526241998625,True,True,True,CIUDAD MADERO
UNIDAD CIUDAD MADERO 1A.,02/07/2021,2021.0,LESIONES,CULPOSO,CIUDAD MADERO,22.249899280002126,-97.83924132585527,22.24989928000213,-97.83924132585528,True,True,True,CIUDAD MADERO
UNIDAD TAMPICO 3A.,02/08/2022,2022.0,HOMICIDIO,CULPOSO,CIUDAD MADERO,22.2753723,97.8343575,22.2753723,-97.8343575,True,True,True,CIUDAD MADERO
UNIDAD CIUDAD MADERO 1A.,02/08/2023,2023.0,LESIONES,CULPOSO,CIUDAD MADERO,22.245402788994287,-97.8461378680507,22.245402788994287,-97.8461378680507,True,True,True,CIUDAD MADERO
UNIDAD CIUDAD MADERO 1A.,02/09/2019,2019.0,HOMICIDIO,CULPOSO,CIUDAD MADERO,22.25146820797094,-97.83415585756303,22.25146820797094,-97.83415585756303,True,True,True,CIUDAD MADERO
UNIDAD CIUDAD MADERO 3,02/09/2019,2019.0,LESIONES,CULPOSO,CIUDAD MADERO,22.26704109891863,-97.82253233069243,22.26704109891863,-97.82253233069244,True,True,True,CIUDAD MADERO
UNIDAD CIUDAD MADERO 1A.,02/10/2019,2019.0,HOMICIDIO,CULPOSO,CIUDAD MADERO,22.246973796704157,-97.85556210730286,22.24697379670416,-97.85556210730286,True,True,True,CIUDAD MADERO
UNIDAD CIUDAD MADERO 1A.,02/10/2021,2021.0,LESIONES,CULPOSO,CIUDAD MADERO,22.250140392108715,-97.84515023231508,22.250140392108715,-97.84515023231508,True,True,True,CIUDAD MADERO
UNIDAD CIUDAD MADERO 1A.,02/12/2020,2020.0,LESIONES,CULPOSO,CIUDAD MADERO,22.24932613282651,-97.829829454422,22.24932613282651,-97.829829454422,True,True,True,CIUDAD MADERO
UNIDAD CIUDAD MADERO 1A.,02/12/2023,2023.0,LESIONES,CULPOSO,CIUDAD MADERO,22.265866707418073,-97.85755813121796,22.26586670741808,-97.85755813121796,True,True,True,CIUDAD MADERO
UNIDAD CIUDAD MADERO 1A.,03/01/2022,2022.0,LESIONES,CULPOSO,CIUDAD MADERO,22.262651585732808,-97.82716870307924,22.262651585732808,-97.82716870307924,True,True,True,CIUDAD MADERO
UNIDAD CIUDAD MADERO 1A.,03/03/2019,2019.0,LESIONES,CULPOSO,CIUDAD MADERO,22.270058479704705,-97.7897894382477,22.270058479704705,-97.7897894382477,True,True,True,CIUDAD MADERO
UNIDAD CIUDAD MADERO 1A.,03/03/2019,2019.0,LESIONES,CULPOSO,CIUDAD MADERO,22.260366018108183,-97.83805310726166,22.260366018108183,-97.83805310726166,True,True,True,CIUDAD MADERO
UNIDAD CIUDAD MADERO 1A.,03/03/2021,2021.0,LESIONES,CULPOSO,CIUDAD MADERO,22.2539749,-97.8605102,22.2539749,-97.8605102,True,False,True,CIUDAD MADERO
UNIDAD CIUDAD MADERO 1A.,03/03/2022,2022.0,LESIONES,CULPOSO,CIUDAD MADERO,22.26348562555216,-97.84429192543031,22.26348562555216,-97.84429192543033,True,True,True,CIUDAD MADERO
UNIDAD CIUDAD MADERO 1A.,03/04/2019,2019.0,LESIONES,CULPOSO,CIUDAD MADERO,22.259154645929872,-97.83689439296724,22.259154645929872,-97.83689439296724,True,True,True,CIUDAD MADERO
UNIDAD CIUDAD MADERO 3,03/04/2023,2023.0,LESIONES,CULPOSO,CIUDAD MADERO,22.275459971762515,-97.83695340156557,22.275459971762515,-97.83695340156557,True,True,True,CIUDAD MADERO
UNIDAD CIUDAD MADERO 1A.,03/05/2021,2021.0,LESIONES,CULPOSO,CIUDAD MADERO,22.243922235764227,-97.85279452800752,22.243922235764227,-97.85279452800752,True,True,True,CIUDAD MADERO
UNIDAD CIUDAD MADERO 1A.,03/05/2023,2023.0,LESIONES,CULPOSO,CIUDAD MADERO,22.243714808379977,-97.83886529877803,22.243714808379977,-97.83886529877805,True,True,True,CIUDAD MADERO
UNIDAD CIUDAD MADERO 1A.,03/08/2019,2019.0,HOMICIDIO,CULPOSO,CIUDAD MADERO,22.255633725736168,-97.85267919301988,22.255633725736168,-97.85267919301988,True,True,True,CIUDAD MADERO
UNIDAD CIUDAD MADERO 1A.,03/08/2020,2020.0,LESIONES,CULPOSO,CIUDAD MADERO,22.27818786393999,-97.83102571964265,22.27818786393999,-97.83102571964264,True,True,True,CIUDAD MADERO
ATENCION INMEDIATA DE CIUDAD MADERO,03/09/2021,2021.0,LESIONES,CULPOSO,CIUDAD MADERO,22.244482806117617,-97.83843967405565,22.244482806117617,-97.83843967405564,True,True,True,CIUDAD MADERO
UNIDAD CIUDAD MADERO 1A.,03/12/2023,2023.0,LESIONES,CULPOSO,CIUDAD MADERO,22.26048516890371,-97.83963024616243,22.26048516890371,-97.83963024616244,True,True,True,CIUDAD MADERO
UNIDAD CIUDAD MADERO 1A.,04/02/2019,2019.0,LESIONES,CULPOSO,CIUDAD MADERO,22.277826112973422,-97.83576250076294,22.277826112973425,-97.83576250076294,True,True,True,CIUDAD MADERO
ATENCION INMEDIATA DE CIUDAD MADERO,04/02/2022,2022.0,LESIONES,CULPOSO,CIUDAD MADERO,22.26278162006788,-97.8517944309945,22.26278162006788,-97.8517944309945,True,True,True,CIUDAD MADERO
UNIDAD CIUDAD MADERO 1A.,04/03/2022,2022.0,LESIONES,CULPOSO,CIUDAD MADERO,22.267018448924777,-97.84743010997774,22.267018448924777,-97.84743010997774,True,True,True,CIUDAD MADERO
UNIDAD CIUDAD MADERO 1A.,04/03/2022,2022.0,LESIONES,CULPOSO,CIUDAD MADERO,22.282687024610027,-97.84336924552919,22.282687024610027,-97.8433692455292,True,True,True,CIUDAD MADERO
UNIDAD CIUDAD MADERO 3,04/04/2023,2023.0,LESIONES,CULPOSO,CIUDAD MADERO,22.29774956520545,-97.84801483154297,22.29774956520545,-97.84801483154295,True,True,True,CIUDAD MADERO
UNIDAD CIUDAD MADERO 1A.,04/06/2023,2023.0,LESIONES,CULPOSO,CIUDAD MADERO,22.248519605545766,-97.84016653221215,22.248519605545766,-97.84016653221217,True,True,True,CIUDAD MADERO
UNIDAD CIUDAD MADERO 1A.,04/07/2021,2021.0,LESIONES,CULPOSO,CIUDAD MADERO,22.250932924988657,-97.851260304451,22.250932924988657,-97.851260304451,True,True,True,CIUDAD MADERO
UNIDAD CIUDAD MADERO 1A.,04/08/2019,2019.0,HOMICIDIO,CULPOSO,CIUDAD MADERO,22.255703232728777,-97.8526094555855,22.255703232728777,-97.8526094555855,True,True,True,CIUDAD MADERO
UNIDAD CIUDAD MADERO 1A.,04/08/2023,2023.0,LESIONES,CULPOSO,CIUDAD MADERO,22.2523628241792,-97.84487664699556,22.2523628241792,-97.84487664699556,True,True,True,CIUDAD MADERO
UNIDAD CIUDAD MADERO 1A.,04/08/2023,2023.0,LESIONES,CULPOSO,CIUDAD MADERO,22.252902559890995,-97.84990076119932,22.252902559890995,-97.84990076119932,True,True,True,CIUDAD MADERO
UNIDAD CIUDAD MADERO 1A.,04/09/2019,2019.0,LESIONES,CULPOSO,CIUDAD MADERO,22.25855888527536,-97.84454405307771,22.25855888527536,-97.84454405307773,True,True,True,CIUDAD MADERO
ATENCION INMEDIATA DE CIUDAD MADERO,04/09/2021,2021.0,LESIONES,CULPOSO,CIUDAD MADERO,22.24184721842102,-97.83954077738592,22.24184721842102,-97.83954077738592,True,True,True,CIUDAD MADERO
UNIDAD CIUDAD MADERO 1A.,04/10/2023,2023.0,LESIONES,CULPOSO,CIUDAD MADERO,22.28354080017002,-97.81877875328065,22.28354080017002,-97.81877875328064,True,True,True,CIUDAD MADERO
UNIDAD CIUDAD MADERO 1A.,04/12/2021,2021.0,LESIONES,CULPOSO,CIUDAD MADERO,22.26043117871206,-97.8535294532776,22.26043117871206,-97.8535294532776,True,True,True,CIUDAD MADERO
UNIDAD CIUDAD MADERO 1A.,04/12/2023,2023.0,LESIONES,CULPOSO,CIUDAD MADERO,22.24675640623556,-97.85528630018236,22.24675640623556,-97.85528630018236,True,True,True,CIUDAD MADERO
UNIDAD CIUDAD MADERO 1A.,04/12/2023,2023.0,LESIONES,CULPOSO,CIUDAD MADERO,22.252998330243937,-97.84704387187959,22.252998330243937,-97.8470438718796,True,True,True,CIUDAD MADERO
UNIDAD CIUDAD MADERO 1A.,05/01/2019,2019.0,LESIONES,CULPOSO,CIUDAD MADERO,22.252683530911533,-97.8463929276045,22.252683530911533,-97.8463929276045,True,True,True,CIUDAD MADERO
UNIDAD CIUDAD MADERO 1A.,05/03/2020,2020.0,LESIONES,CULPOSO,CIUDAD MADERO,22.285192663351886,-97.84605027381279,22.28519266335189,-97.8460502738128,True,True,True,CIUDAD MADERO
UNIDAD CIUDAD MADERO 1A.,05/04/2022,2022.0,LESIONES,CULPOSO,CIUDAD MADERO,22.27694872338035,-97.8371036052704,22.27694872338035,-97.8371036052704,True,True,True,CIUDAD MADERO
ATENCION INMEDIATA DE CIUDAD MADERO,05/04/2022,2022.0,LESIONES,CULPOSO,CIUDAD MADERO,22.334575434683302,-97.8684425354004,22.334575434683305,-97.8684425354004,True,False,True,CIUDAD MADERO
UNIDAD CIUDAD MADERO 1A.,05/05/2020,2020.0,HOMICIDIO,CULPOSO,CIUDAD MADERO,22.304726770907575,-97.84778669239945,22.30472677090757,-97.84778669239944,True,True,True,CIUDAD MADERO
UNIDAD CIUDAD MADERO 3,05/05/2023,2023.0,LESIONES,CULPOSO,CIUDAD MADERO,22.27586966314414,-97.83213615417482,22.27586966314414,-97.83213615417482,True,True,True,CIUDAD MADERO
ATENCION INMEDIATA DE CIUDAD MADERO,05/05/2023,2023.0,LESIONES,CULPOSO,CIUDAD MADERO,22.24769701425048,-97.83675042659257,22.24769701425048,-97.83675042659256,True,True,True,CIUDAD MADERO
UNIDAD CIUDAD MADERO 1A.,05/06/2019,2019.0,HOMICIDIO,CULPOSO,CIUDAD MADERO,22.268824541719244,-97.7973183989525,22.268824541719244,-97.7973183989525,True,True,True,CIUDAD MADERO
UNIDAD CIUDAD MADERO 1A.,05/06/2021,2021.0,HOMICIDIO,CULPOSO,CIUDAD MADERO,22.287043335017838,-97.85031616687775,22.28704333501784,-97.85031616687776,True,True,True,CIUDAD MADERO
UNIDAD CIUDAD MADERO 1A.,05/07/2019,2019.0,HOMICIDIO,CULPOSO,CIUDAD MADERO,22.24424187025297,-97.83976435661317,22.24424187025297,-97.83976435661316,True,True,True,CIUDAD MADERO
UNIDAD CIUDAD MADERO 1A.,05/07/2020,2020.0,LESIONES,CULPOSO,CIUDAD MADERO,22.27019183338425,-97.84575988320753,22.27019183338425,-97.84575988320752,True,True,True,CIUDAD MADERO
UNIDAD CIUDAD MADERO 1A.,05/10/2023,2023.0,LESIONES,CULPOSO,CIUDAD MADERO,22.25472609777726,-97.82521069049837,22.25472609777726,-97.82521069049837,True,True,True,CIUDAD MADERO
UNIDAD CIUDAD MADERO 1A.,05/10/2023,2023.0,LESIONES,CULPOSO,CIUDAD MADERO,22.25932344432102,-97.85315930843355,22.25932344432102,-97.85315930843356,True,True,True,CIUDAD MADERO
UNIDAD CIUDAD MADERO 1A.,06/04/2022,2022.0,LESIONES,CULPOSO,CIUDAD MADERO,22.252657330634065,-97.83535220770072,22.252657330634065,-97.83535220770072,True,True,True,CIUDAD MADERO
UNIDAD CIUDAD MADERO 1A.,06/08/2021,2021.0,HOMICIDIO,CULPOSO,CIUDAD MADERO,22.247161371712696,-97.85587906837465,22.247161371712696,-97.85587906837463,True,True,True,CIUDAD MADERO
UNIDAD CIUDAD MADERO 1A.,06/08/2022,2022.0,LESIONES,CULPOSO,CIUDAD MADERO,22.31717565838281,-97.82636180031308,22.31717565838281,-97.82636180031308,True,True,True,CIUDAD MADERO
ATENCION INMEDIATA DE CIUDAD MADERO,06/12/2021,2021.0,LESIONES,CULPOSO,CIUDAD MADERO,22.247269077735254,-97.83714856860082,22.24726907773525,-97.83714856860082,True,True,True,CIUDAD MADERO
UNIDAD CIUDAD MADERO 1A.,07/01/2019,2019.0,HOMICIDIO,CULPOSO,CIUDAD MADERO,22.31201395744083,-97.82310247421266,22.31201395744083,-97.82310247421266,True,True,True,CIUDAD MADERO
UNIDAD CIUDAD MADERO 1A.,07/01/2019,2019.0,HOMICIDIO,CULPOSO,CIUDAD MADERO,22.252928821908576,-97.82699167728425,22.252928821908576,-97.82699167728424,True,True,True,CIUDAD MADERO
UNIDAD CIUDAD MADERO 3,07/03/2019,2019.0,LESIONES,CULPOSO,CIUDAD MADERO,22.2549997514378,-97.8340415061084,22.2549997514378,-97.8340415061084,True,True,True,CIUDAD MADERO
UNIDAD CIUDAD MADERO 1A.,07/03/2020,2020.0,LESIONES,CULPOSO,CIUDAD MADERO,22.238859500605436,-97.84311175346375,22.23885950060544,-97.84311175346376,True,True,True,CIUDAD MADERO
UNIDAD CIUDAD MADERO 1A.,07/04/2023,2023.0,LESIONES,CULPOSO,CIUDAD MADERO,22.253017258847137,-97.84671664237977,22.253017258847137,-97.84671664237976,True,True,True,CIUDAD MADERO
UNIDAD CIUDAD MADERO 3,07/05/2019,2019.0,LESIONES,CULPOSO,CIUDAD MADERO,22.251282953744237,-97.8508012300803,22.25128295374424,-97.8508012300803,True,True,True,CIUDAD MADERO
UNIDAD CIUDAD MADERO 1A.,07/08/2021,2021.0,LESIONES,CULPOSO,CIUDAD MADERO,22.321982285236835,-97.82919913530351,22.321982285236835,-97.82919913530353,True,True,True,CIUDAD MADERO
UNIDAD CIUDAD MADERO 1A.,07/09/2021,2021.0,LESIONES,CULPOSO,CIUDAD MADERO,22.247199230494388,-97.85585224628448,22.247199230494388,-97.85585224628448,True,True,True,CIUDAD MADERO
UNIDAD CIUDAD MADERO 1A.,07/10/2021,2021.0,LESIONES,CULPOSO,CIUDAD MADERO,22.250892274429308,-97.83354967832567,22.250892274429308,-97.83354967832568,True,True,True,CIUDAD MADERO
UNIDAD CIUDAD MADERO 1A.,07/10/2022,2022.0,LESIONES,CULPOSO,CIUDAD MADERO,22.264476661941202,-97.8277748823166,22.2644766619412,-97.8277748823166,True,True,True,CIUDAD MADERO
UNIDAD CIUDAD MADERO 1A.,07/11/2022,2022.0,LESIONES,CULPOSO,CIUDAD MADERO,22.283161689718224,-97.8195995092392,22.283161689718224,-97.8195995092392,True,True,True,CIUDAD MADERO
UNIDAD CIUDAD MADERO 1A.,07/11/2023,2023.0,LESIONES,CULPOSO,CIUDAD MADERO,22.257853898558945,-97.8320986032486,22.257853898558945,-97.8320986032486,True,True,True,CIUDAD MADERO
UNIDAD CIUDAD MADERO 3,07/11/2023,2023.0,LESIONES,CULPOSO,CIUDAD MADERO,22.2766686254349,-97.83663807675606,22.2766686254349,-97.83663807675606,True,True,True,CIUDAD MADERO
UNIDAD CIUDAD MADERO 1A.,07/12/2021,2021.0,LESIONES,CULPOSO,CIUDAD MADERO,22.25244412443234,-97.83148169517519,22.25244412443234,-97.8314816951752,True,True,True,CIUDAD MADERO
UNIDAD CIUDAD MADERO 1A.,08/01/2019,2019.0,LESIONES,CULPOSO,CIUDAD MADERO,22.25699996623248,-97.82661616802217,22.25699996623248,-97.82661616802216,True,True,True,CIUDAD MADERO
UNIDAD CIUDAD MADERO 1A.,08/01/2021,2021.0,LESIONES,CULPOSO,CIUDAD MADERO,22.28376727319004,-97.8245133161545,22.28376727319004,-97.8245133161545,True,True,True,CIUDAD MADERO
UNIDAD CIUDAD MADERO 1A.,08/02/2019,2019.0,HOMICIDIO,CULPOSO,CIUDAD MADERO,22.275618356948577,-97.80607581138612,22.275618356948577,-97.80607581138612,True,True,True,CIUDAD MADERO
UNIDAD CIUDAD MADERO 1A.,08/03/2021,2021.0,LESIONES,CULPOSO,CIUDAD MADERO,22.249194249684784,-97.8355720639229,22.249194249684784,-97.8355720639229,True,True,True,CIUDAD MADERO
ATENCION INMEDIATA DE CIUDAD MADERO,08/05/2019,2019.0,LESIONES,CULPOSO,CIUDAD MADERO,22.245439717286068,-97.83788681030273,22.245439717286068,-97.83788681030272,True,True,True,CIUDAD MADERO
UNIDAD CIUDAD MADERO 1A.,08/06/2020,2020.0,HOMICIDIO,CULPOSO,CIUDAD MADERO,22.247141511364095,-97.85579323768617,22.24714151136409,-97.85579323768616,True,True,True,CIUDAD MADERO
UNIDAD CIUDAD MADERO 1A.,08/07/2023,2023.0,LESIONES,CULPOSO,CIUDAD MADERO,22.26142751159629,-97.83433288335802,22.26142751159629,-97.83433288335802,True,True,True,CIUDAD MADERO
UNIDAD CIUDAD MADERO 1A.,08/07/2023,2023.0,HOMICIDIO,CULPOSO,CIUDAD MADERO,22.28306148277401,-97.81974703073503,22.28306148277401,-97.81974703073504,True,True,True,CIUDAD MADERO
UNIDAD CIUDAD MADERO 1A.,08/08/2022,2022.0,LESIONES,CULPOSO,CIUDAD MADERO,22.25322801575628,-97.83675821963148,22.25322801575628,-97.83675821963148,True,True,True,CIUDAD MADERO
UNIDAD CIUDAD MADERO 1A.,08/11/2019,2019.0,LESIONES,CULPOSO,CIUDAD MADERO,22.29332720236891,-97.84229099750519,22.29332720236891,-97.8422909975052,True,True,True,CIUDAD MADERO
UNIDAD CIUDAD MADERO 1A.,09/01/2019,2019.0,LESIONES,CULPOSO,CIUDAD MADERO,22.259930992727952,-97.84027934074403,22.259930992727952,-97.84027934074405,True,True,True,CIUDAD MADERO
UNIDAD CIUDAD MADERO 1A.,09/05/2022,2022.0,LESIONES,CULPOSO,CIUDAD MADERO,22.28109730842784,-97.84538408472599,22.28109730842784,-97.845384084726,True,True,True,CIUDAD MADERO
UNIDAD CIUDAD MADERO 1A.,09/10/2022,2022.0,HOMICIDIO,CULPOSO,CIUDAD MADERO,22.285566014367877,-97.82525897026063,22.28556601436788,-97.82525897026063,True,True,True,CIUDAD MADERO
UNIDAD CIUDAD MADERO 1A.,09/10/2023,2023.0,LESIONES,CULPOSO,CIUDAD MADERO,22.294351855517853,-97.85065857969812,22.294351855517853,-97.85065857969812,True,True,True,CIUDAD MADERO
UNIDAD CIUDAD MADERO 1A.,09/11/2022,2022.0,LESIONES,CULPOSO,CIUDAD MADERO,22.284521766960573,-97.82837569713594,22.284521766960573,-97.82837569713594,True,True,True,CIUDAD MADERO
UNIDAD CIUDAD MADERO 1A.,09/11/2023,2023.0,LESIONES,CULPOSO,CIUDAD MADERO,22.247181232058463,-97.85575032234193,22.247181232058463,-97.85575032234192,True,True,True,CIUDAD MADERO
ATENCION INMEDIATA DE CIUDAD MADERO,09/11/2023,2023.0,LESIONES,CULPOSO,CIUDAD MADERO,22.247102537985537,-97.83664244788564,22.247102537985537,-97.83664244788564,True,True,True,CIUDAD MADERO
UNIDAD CIUDAD MADERO 1A.,10/01/2020,2020.0,LESIONES,CULPOSO,CIUDAD MADERO,22.252025210409233,-97.85410344600677,22.25202521040924,-97.85410344600676,True,True,True,CIUDAD MADERO
UNIDAD CIUDAD MADERO 1A.,10/03/2023,2023.0,HOMICIDIO,CULPOSO,CIUDAD MADERO,22.281079769727075,-97.79867963716893,22.281079769727075,-97.79867963716892,True,True,True,CIUDAD MADERO
UNIDAD CIUDAD MADERO 1A.,10/05/2020,2020.0,LESIONES,CULPOSO,CIUDAD MADERO,22.25041843077935,-97.84412026405336,22.25041843077935,-97.84412026405336,True,True,True,CIUDAD MADERO
ATENCION INMEDIATA DE CIUDAD MADERO,10/05/2022,2022.0,LESIONES,CULPOSO,CIUDAD MADERO,22.24633219335437,-97.83679080891348,22.24633219335437,-97.83679080891348,True,True,True,CIUDAD MADERO
ATENCION INMEDIATA DE CIUDAD MADERO,10/07/2022,2022.0,LESIONES,CULPOSO,CIUDAD MADERO,22.247700496551662,-97.83692495506808,22.247700496551666,-97.83692495506808,True,True,True,CIUDAD MADERO
UNIDAD CIUDAD MADERO 1A.,10/07/2023,2023.0,LESIONES,CULPOSO,CIUDAD MADERO,22.258807119189523,-97.85162508487701,22.258807119189523,-97.851625084877,True,True,True,CIUDAD MADERO
ATENCION INMEDIATA DE CIUDAD MADERO,10/07/2023,2023.0,LESIONES,CULPOSO,CIUDAD MADERO,22.246637381024076,-97.83750431325667,22.24663738102408,-97.83750431325667,True,True,True,CIUDAD MADERO
UNIDAD CIUDAD MADERO 1A.,10/10/2020,2020.0,LESIONES,CULPOSO,CIUDAD MADERO,22.29247907049405,-97.82095670700075,22.29247907049405,-97.82095670700076,True,True,True,CIUDAD MADERO
UNIDAD CIUDAD MADERO 1A.,10/11/2023,2023.0,LESIONES,CULPOSO,CIUDAD MADERO,22.2446263616474,-97.85239487886432,22.2446263616474,-97.85239487886432,True,True,True,CIUDAD MADERO
UNIDAD CIUDAD MADERO 1A.,10/12/2022,2022.0,LESIONES,CULPOSO,CIUDAD MADERO,22.25857874400469,-97.85342752933502,22.25857874400469,-97.85342752933502,True,True,True,CIUDAD MADERO
UNIDAD CIUDAD MADERO 2A.,11/01/2020,2020.0,LESIONES,CULPOSO,CIUDAD MADERO,22.247189495377086,-97.85581965476008,22.24718949537709,-97.85581965476008,True,True,True,CIUDAD MADERO
UNIDAD CIUDAD MADERO 2A.,11/01/2023,2023.0,HOMICIDIO,CULPOSO,CIUDAD MADERO,22.247164445949526,-97.85587325846177,22.24716444594953,-97.85587325846176,True,True,True,CIUDAD MADERO
UNIDAD CIUDAD MADERO 2A.,11/02/2021,2021.0,LESIONES,CULPOSO,CIUDAD MADERO,22.258649310275505,-97.8323343902792,22.258649310275505,-97.8323343902792,True,True,True,CIUDAD MADERO
UNIDAD CIUDAD MADERO 2A.,11/02/2022,2022.0,LESIONES,CULPOSO,CIUDAD MADERO,22.245635422516788,-97.83774179395816,22.245635422516788,-97.83774179395816,True,True,True,CIUDAD MADERO
ATENCION INMEDIATA DE CIUDAD MADERO,11/03/2020,2020.0,LESIONES,CULPOSO,CIUDAD MADERO,22.24435731087934,-97.84458160400392,22.24435731087934,-97.84458160400392,True,True,True,CIUDAD MADERO
UNIDAD CIUDAD MADERO 2A.,11/04/2020,2020.0,HOMICIDIO,CULPOSO,CIUDAD MADERO,22.328431201579665,-97.84958717675688,22.328431201579665,-97.84958717675688,True,False,True,CIUDAD MADERO
ATENCION INMEDIATA DE CIUDAD MADERO,11/05/2023,2023.0,LESIONES,CULPOSO,CIUDAD MADERO,22.24792736586101,-97.83580780524392,22.24792736586101,-97.83580780524392,True,True,True,CIUDAD MADERO
UNIDAD CIUDAD MADERO 1A.,11/06/2019,2019.0,LESIONES,CULPOSO,CIUDAD MADERO,22.278001093832238,-97.82972216606142,22.27800109383224,-97.82972216606142,True,True,True,CIUDAD MADERO
UNIDAD CIUDAD MADERO 1A.,11/06/2021,2021.0,LESIONES,CULPOSO,CIUDAD MADERO,22.252084789368965,-97.85400688648225,22.252084789368965,-97.85400688648224,True,True,True,CIUDAD MADERO
UNIDAD CIUDAD MADERO 2A.,11/06/2022,2022.0,HOMICIDIO,CULPOSO,CIUDAD MADERO,22.274713130309628,-97.84557124634058,22.274713130309628,-97.84557124634058,True,True,True,CIUDAD MADERO
UNIDAD CIUDAD MADERO 2A.,11/07/2022,2022.0,LESIONES,CULPOSO,CIUDAD MADERO,22.269606885700483,-97.85367377463415,22.269606885700483,-97.85367377463416,True,True,True,CIUDAD MADERO
UNIDAD CIUDAD MADERO 2A.,11/07/2023,2023.0,LESIONES,CULPOSO,CIUDAD MADERO,22.280997208964298,-97.8092494116856,22.280997208964298,-97.8092494116856,True,True,True,CIUDAD MADERO
UNIDAD CIUDAD MADERO 2A.,11/08/2022,2022.0,HOMICIDIO,CULPOSO,CIUDAD MADERO,22.320691268412247,-97.84508287338508,22.320691268412247,-97.84508287338508,True,True,True,CIUDAD MADERO
UNIDAD CIUDAD MADERO 2A.,11/08/2023,2023.0,LESIONES,CULPOSO,CIUDAD MADERO,22.264056847781706,-97.85573425229262,22.264056847781703,-97.85573425229262,True,True,True,CIUDAD MADERO
UNIDAD CIUDAD MADERO 2A.,11/10/2023,2023.0,LESIONES,CULPOSO,CIUDAD MADERO,22.246982424878343,-97.85587893582615,22.246982424878343,-97.85587893582615,True,True,True,CIUDAD MADERO
ATENCION INMEDIATA DE CIUDAD MADERO,11/12/2019,2019.0,LESIONES,CULPOSO,CIUDAD MADERO,22.245980917353073,-97.83883094787599,22.24598091735308,-97.838830947876,True,True,True,CIUDAD MADERO
UNIDAD CIUDAD MADERO 2A.,11/12/2021,2021.0,LESIONES,CULPOSO,CIUDAD MADERO,22.274942994477367,-97.7941314032081,22.274942994477367,-97.7941314032081,True,True,True,CIUDAD MADERO
UNIDAD CIUDAD MADERO 2A.,12/02/2019,2019.0,LESIONES,CULPOSO,CIUDAD MADERO,22.2680766,97.8495878,22.2680766,-97.8495878,True,True,True,CIUDAD MADERO
UNIDAD CIUDAD MADERO 2A.,12/03/2019,2019.0,LESIONES,CULPOSO,CIUDAD MADERO,22.2683039,97.8600531,22.2683039,-97.8600531,True,True,True,CIUDAD MADERO
UNIDAD CIUDAD MADERO 2A.,12/04/2022,2022.0,LESIONES,CULPOSO,CIUDAD MADERO,22.272537079085772,-97.83658335449215,22.27253707908577,-97.83658335449216,True,True,True,CIUDAD MADERO
UNIDAD CIUDAD MADERO 2A.,12/05/2020,2020.0,LESIONES,CULPOSO,CIUDAD MADERO,22.25132649224322,-97.84709495304114,22.25132649224322,-97.84709495304114,True,True,True,CIUDAD MADERO
UNIDAD CIUDAD MADERO 2A.,12/07/2022,2022.0,LESIONES,CULPOSO,CIUDAD MADERO,22.293424401242763,-97.84524912986538,22.293424401242763,-97.84524912986538,True,True,True,CIUDAD MADERO
UNIDAD CIUDAD MADERO 2A.,12/08/2022,2022.0,LESIONES,CULPOSO,CIUDAD MADERO,22.252624830349532,-97.85876014410796,22.25262483034953,-97.85876014410796,True,True,True,CIUDAD MADERO
UNIDAD CIUDAD MADERO 2A.,12/09/2022,2022.0,LESIONES,CULPOSO,CIUDAD MADERO,22.257912167315958,-97.85372787260091,22.25791216731596,-97.85372787260091,True,True,True,CIUDAD MADERO
UNIDAD CIUDAD MADERO 2A.,12/10/2023,2023.0,LESIONES,CULPOSO,CIUDAD MADERO,22.278779825874757,-97.82721409705914,22.27877982587476,-97.82721409705914,True,True,True,CIUDAD MADERO
ATENCION INMEDIATA DE CIUDAD MADERO,12/12/2022,2022.0,LESIONES,CULPOSO,CIUDAD MADERO,22.2748456,97.8379058,22.2748456,-97.8379058,True,True,True,CIUDAD MADERO
UNIDAD CIUDAD MADERO 2A.,12/12/2023,2023.0,LESIONES,CULPOSO,CIUDAD MADERO,22.258828881660087,-97.84125086261679,22.258828881660087,-97.8412508626168,True,True,True,CIUDAD MADERO
UNIDAD CIUDAD MADERO 2A.,13/01/2020,2020.0,LESIONES,CULPOSO,CIUDAD MADERO,22.24668101377654,-97.85522951764592,22.24668101377654,-97.85522951764592,True,True,True,CIUDAD MADERO
UNIDAD CIUDAD MADERO 2A.,13/01/2020,2020.0,LESIONES,CULPOSO,CIUDAD MADERO,22.277776362418287,-97.82921209659284,22.277776362418287,-97.82921209659284,True,True,True,CIUDAD MADERO
UNIDAD CIUDAD MADERO 2A.,13/01/2020,2020.0,HOMICIDIO,CULPOSO,CIUDAD MADERO,22.246996542217726,-97.85587841599566,22.24699654221773,-97.85587841599566,True,True,True,CIUDAD MADERO
UNIDAD CIUDAD MADERO 2A.,13/02/2023,2023.0,LESIONES,CULPOSO,CIUDAD MADERO,22.292573771251696,-97.82330044827133,22.292573771251696,-97.82330044827133,True,True,True,CIUDAD MADERO
UNIDAD CIUDAD MADERO 2A.,13/03/2022,2022.0,LESIONES,CULPOSO,CIUDAD MADERO,22.27360210556123,-97.853780532512,22.27360210556123,-97.853780532512,True,True,True,CIUDAD MADERO
UNIDAD CIUDAD MADERO 2A.,13/03/2023,2023.0,HOMICIDIO,CULPOSO,CIUDAD MADERO,22.246966850558618,-97.8558472132963,22.24696685055861,-97.8558472132963,True,True,True,CIUDAD MADERO
UNIDAD CIUDAD MADERO 2A.,13/04/2019,2019.0,LESIONES,CULPOSO,CIUDAD MADERO,22.279491396661133,-97.82851418963574,22.279491396661133,-97.82851418963574,True,True,True,CIUDAD MADERO
UNIDAD CIUDAD MADERO 2A.,13/04/2022,2022.0,LESIONES,CULPOSO,CIUDAD MADERO,22.25850185397882,-97.85345891882365,22.25850185397882,-97.85345891882363,True,True,True,CIUDAD MADERO
UNIDAD CIUDAD MADERO 2A.,13/04/2023,2023.0,LESIONES,CULPOSO,CIUDAD MADERO,22.245695369493564,-97.8330638531304,22.245695369493564,-97.8330638531304,True,True,True,CIUDAD MADERO
ATENCION INMEDIATA DE CIUDAD MADERO,13/05/2023,2023.0,LESIONES,CULPOSO,CIUDAD MADERO,22.247885143192526,-97.83585216069207,22.247885143192526,-97.83585216069208,True,True,True,CIUDAD MADERO
UNIDAD CIUDAD MADERO 2A.,13/06/2022,2022.0,LESIONES,CULPOSO,CIUDAD MADERO,22.2901287143551,-97.85125212029466,22.2901287143551,-97.85125212029466,True,True,True,CIUDAD MADERO
UNIDAD CIUDAD MADERO 2A.,13/07/2023,2023.0,LESIONES,CULPOSO,CIUDAD MADERO,22.252285801076123,-97.84814612758154,22.252285801076123,-97.84814612758154,True,True,True,CIUDAD MADERO
ATENCION INMEDIATA DE CIUDAD MADERO,13/07/2023,2023.0,LESIONES,CULPOSO,CIUDAD MADERO,22.247392102353402,-97.83692016948129,22.2473921023534,-97.83692016948127,True,True,True,CIUDAD MADERO
UNIDAD CIUDAD MADERO 2A.,13/08/2021,2021.0,LESIONES,CULPOSO,CIUDAD MADERO,22.276837595314955,-97.83658024843811,22.276837595314955,-97.83658024843812,True,True,True,CIUDAD MADERO
UNIDAD CIUDAD MADERO 2A.,13/08/2023,2023.0,LESIONES,CULPOSO,CIUDAD MADERO,22.27709411776024,-97.83143224982501,22.27709411776024,-97.831432249825,True,True,True,CIUDAD MADERO
UNIDAD CIUDAD MADERO 2A.,13/08/2023,2023.0,LESIONES,CULPOSO,CIUDAD MADERO,22.246833712423143,-97.8354275227844,22.246833712423143,-97.8354275227844,True,True,True,CIUDAD MADERO
UNIDAD CIUDAD MADERO 2A.,13/08/2023,2023.0,LESIONES,CULPOSO,CIUDAD MADERO,22.256892305467243,-97.82564786808295,22.256892305467243,-97.82564786808295,True,True,True,CIUDAD MADERO
UNIDAD CIUDAD MADERO 1A.,13/09/2019,2019.0,LESIONES,CULPOSO,CIUDAD MADERO,22.27681180604824,-97.83668972462758,22.27681180604824,-97.83668972462758,True,True,True,CIUDAD MADERO
UNIDAD CIUDAD MADERO 2A.,13/09/2023,2023.0,HOMICIDIO,CULPOSO,CIUDAD MADERO,22.28191967466508,-97.79927784431398,22.28191967466508,-97.79927784431398,True,True,True,CIUDAD MADERO
UNIDAD CIUDAD MADERO 2A.,13/10/2019,2019.0,LESIONES,CULPOSO,CIUDAD MADERO,22.25172591383699,-97.84961040811497,22.25172591383699,-97.84961040811496,True,True,True,CIUDAD MADERO
UNIDAD CIUDAD MADERO 2A.,13/10/2019,2019.0,LESIONES,CULPOSO,CIUDAD MADERO,22.247203121567924,-97.85587342037617,22.247203121567924,-97.85587342037616,True,True,True,CIUDAD MADERO
UNIDAD CIUDAD MADERO 2A.,13/11/2021,2021.0,LESIONES,CULPOSO,CIUDAD MADERO,22.260956870852528,-97.8400660165829,22.260956870852528,-97.8400660165829,True,True,True,CIUDAD MADERO
UNIDAD CIUDAD MADERO 2A.,13/11/2023,2023.0,LESIONES,CULPOSO,CIUDAD MADERO,22.255142758696056,-97.85637511288243,22.255142758696056,-97.85637511288245,True,True,True,CIUDAD MADERO
UNIDAD CIUDAD MADERO 2A.,13/12/2020,2020.0,HOMICIDIO,CULPOSO,CIUDAD MADERO,22.27734412216524,-97.84015423657425,22.27734412216524,-97.84015423657424,True,True,True,CIUDAD MADERO
UNIDAD CIUDAD MADERO 2A.,13/12/2023,2023.0,LESIONES,CULPOSO,CIUDAD MADERO,22.25289058481639,-97.8558708394788,22.25289058481639,-97.8558708394788,True,True,True,CIUDAD MADERO
UNIDAD CIUDAD MADERO 2A.,14/01/2019,2019.0,LESIONES,CULPOSO,CIUDAD MADERO,22.2692479,97.85703,22.2692479,-97.85703,True,True,True,CIUDAD MADERO
UNIDAD CIUDAD MADERO 2A.,14/01/2020,2020.0,HOMICIDIO,CULPOSO,CIUDAD MADERO,22.245368991645382,-97.8553236997313,22.245368991645385,-97.8553236997313,True,True,True,CIUDAD MADERO
ATENCION INMEDIATA DE CIUDAD MADERO,14/01/2022,2022.0,LESIONES,CULPOSO,CIUDAD MADERO,22.271317538224576,-97.84088551998138,22.271317538224576,-97.84088551998138,True,True,True,CIUDAD MADERO
ATENCION INMEDIATA DE CIUDAD MADERO,14/01/2022,2022.0,LESIONES,CULPOSO,CIUDAD MADERO,22.264575951361728,-97.83420145511627,22.264575951361728,-97.83420145511629,True,True,True,CIUDAD MADERO
ATENCION INMEDIATA DE CIUDAD MADERO,14/02/2022,2022.0,LESIONES,CULPOSO,CIUDAD MADERO,22.28911017142909,-97.8465778713177,22.28911017142909,-97.8465778713177,True,True,True,CIUDAD MADERO
UNIDAD CIUDAD MADERO 2A.,14/03/2021,2021.0,HOMICIDIO,CULPOSO,CIUDAD MADERO,22.275952270755468,-97.84583625953115,22.275952270755468,-97.84583625953115,True,True,True,CIUDAD MADERO
UNIDAD CIUDAD MADERO 2A.,14/03/2022,2022.0,LESIONES,CULPOSO,CIUDAD MADERO,22.253056654404023,-97.83220635581773,22.253056654404023,-97.83220635581772,True,True,True,CIUDAD MADERO
UNIDAD CIUDAD MADERO 2A.,14/04/2021,2021.0,LESIONES,CULPOSO,CIUDAD MADERO,22.237888501460052,-97.83921477421754,22.23788850146005,-97.83921477421754,True,True,True,CIUDAD MADERO
ATENCION INMEDIATA DE CIUDAD MADERO,14/04/2023,2023.0,LESIONES,CULPOSO,CIUDAD MADERO,22.24633580310488,-97.83611628825135,22.24633580310488,-97.83611628825136,True,True,True,CIUDAD MADERO
UNIDAD CIUDAD MADERO 2A.,14/05/2020,2020.0,LESIONES,CULPOSO,CIUDAD MADERO,22.244263270670128,-97.84124004430171,22.244263270670128,-97.84124004430171,True,True,True,CIUDAD MADERO
UNIDAD CIUDAD MADERO 2A.,14/06/2020,2020.0,LESIONES,CULPOSO,CIUDAD MADERO,22.266023281546428,-97.84861000475522,22.266023281546428,-97.84861000475522,True,True,True,CIUDAD MADERO
UNIDAD CIUDAD MADERO 2A.,14/06/2021,2021.0,LESIONES,CULPOSO,CIUDAD MADERO,22.24937847735235,-97.83382242945778,22.24937847735235,-97.83382242945778,True,True,True,CIUDAD MADERO
UNIDAD CIUDAD MADERO 2A.,14/08/2022,2022.0,HOMICIDIO,CULPOSO,CIUDAD MADERO,22.290514157238555,-97.84648316757935,22.290514157238555,-97.84648316757936,True,True,True,CIUDAD MADERO
UNIDAD CIUDAD MADERO 2A.,14/08/2022,2022.0,LESIONES,CULPOSO,CIUDAD MADERO,22.25856292577754,-97.83759415327208,22.25856292577754,-97.83759415327208,True,True,True,CIUDAD MADERO
UNIDAD CIUDAD MADERO 2A.,14/08/2023,2023.0,LESIONES,CULPOSO,CIUDAD MADERO,22.257492497269148,-97.83170383479552,22.257492497269148,-97.83170383479552,True,True,True,CIUDAD MADERO
UNIDAD CIUDAD MADERO 2A.,14/08/2023,2023.0,LESIONES,CULPOSO,CIUDAD MADERO,22.248743137577634,-97.82791113479146,22.24874313757764,-97.82791113479146,True,True,True,CIUDAD MADERO
UNIDAD CIUDAD MADERO 2A.,14/09/2020,2020.0,LESIONES,CULPOSO,CIUDAD MADERO,22.284598890431603,-97.84299754948525,22.284598890431603,-97.84299754948525,True,True,True,CIUDAD MADERO
UNIDAD CIUDAD MADERO 2A.,14/09/2023,2023.0,LESIONES,CULPOSO,CIUDAD MADERO,22.253376783869513,-97.85368797619235,22.25337678386952,-97.85368797619236,True,True,True,CIUDAD MADERO
UNIDAD CIUDAD MADERO 2A.,14/10/2019,2019.0,LESIONES,CULPOSO,CIUDAD MADERO,22.282698199794197,-97.79972270379065,22.2826981997942,-97.79972270379064,True,True,True,CIUDAD MADERO
ATENCION INMEDIATA DE CIUDAD MADERO,14/10/2020,2020.0,LESIONES,CULPOSO,CIUDAD MADERO,22.24457453842712,-97.83831864595415,22.24457453842712,-97.83831864595416,True,True,True,CIUDAD MADERO
UNIDAD CIUDAD MADERO 2A.,14/12/2021,2021.0,LESIONES,CULPOSO,CIUDAD MADERO,22.26452401546765,-97.7867401431964,22.26452401546765,-97.7867401431964,True,True,True,CIUDAD MADERO
UNIDAD CIUDAD MADERO 2A.,14/12/2021,2021.0,LESIONES,CULPOSO,CIUDAD MADERO,22.25991886312526,-97.83876157238839,22.25991886312526,-97.8387615723884,True,True,True,CIUDAD MADERO
UNIDAD CIUDAD MADERO 2A.,15/01/2022,2022.0,LESIONES,CULPOSO,CIUDAD MADERO,22.24599337188994,-97.8374394714176,22.24599337188994,-97.8374394714176,True,True,True,CIUDAD MADERO
UNIDAD CIUDAD MADERO 2A.,15/02/2019,2019.0,LESIONES,CULPOSO,CIUDAD MADERO,22.2682782,97.8576984,22.2682782,-97.8576984,True,True,True,CIUDAD MADERO
ATENCION INMEDIATA DE CIUDAD MADERO,15/02/2022,2022.0,LESIONES,CULPOSO,CIUDAD MADERO,22.251365121000443,-97.82707764899708,22.251365121000443,-97.82707764899708,True,True,True,CIUDAD MADERO
UNIDAD CIUDAD MADERO 2A.,15/02/2023,2023.0,LESIONES,CULPOSO,CIUDAD MADERO,22.244601185514785,-97.83722895101639,22.244601185514785,-97.8372289510164,True,True,True,CIUDAD MADERO
UNIDAD CIUDAD MADERO 2A.,15/05/2019,2019.0,HOMICIDIO,CULPOSO,CIUDAD MADERO,22.247077285445847,-97.8557926577426,22.247077285445847,-97.8557926577426,True,True,True,CIUDAD MADERO
UNIDAD CIUDAD MADERO 2A.,15/06/2021,2021.0,LESIONES,CULPOSO,CIUDAD MADERO,22.2626756030768,-97.84401752604762,22.2626756030768,-97.84401752604762,True,True,True,CIUDAD MADERO
ATENCION INMEDIATA DE CIUDAD MADERO,15/06/2022,2022.0,LESIONES,CULPOSO,CIUDAD MADERO,22.25186156921154,-97.84110701286471,22.25186156921154,-97.84110701286473,True,True,True,CIUDAD MADERO
UNIDAD CIUDAD MADERO 2A.,15/06/2023,2023.0,HOMICIDIO,CULPOSO,CIUDAD MADERO,22.266378188001383,-97.85433678955418,22.266378188001383,-97.85433678955418,True,True,True,CIUDAD MADERO
ATENCION INMEDIATA DE CIUDAD MADERO,15/06/2023,2023.0,LESIONES,CULPOSO,CIUDAD MADERO,22.245519422841163,-97.83621500994307,22.245519422841163,-97.83621500994307,True,True,True,CIUDAD MADERO
UNIDAD CIUDAD MADERO 2A.,15/08/2019,2019.0,LESIONES,CULPOSO,CIUDAD MADERO,22.26095184187632,-97.83366501331331,22.26095184187632,-97.83366501331332,True,True,True,CIUDAD MADERO
UNIDAD CIUDAD MADERO 2A.,15/08/2020,2020.0,HOMICIDIO,CULPOSO,CIUDAD MADERO,22.239362612411085,-97.84124803139117,22.239362612411085,-97.84124803139116,True,True,True,CIUDAD MADERO
UNIDAD CIUDAD MADERO 2A.,15/08/2021,2021.0,LESIONES,CULPOSO,CIUDAD MADERO,22.26607521304872,-97.84865319728853,22.26607521304872,-97.84865319728851,True,True,True,CIUDAD MADERO
UNIDAD CIUDAD MADERO 2A.,15/08/2023,2023.0,LESIONES,CULPOSO,CIUDAD MADERO,22.26116676310325,-97.82807277038181,22.26116676310325,-97.8280727703818,True,True,True,CIUDAD MADERO
UNIDAD CIUDAD MADERO 2A.,15/09/2023,2023.0,LESIONES,CULPOSO,CIUDAD MADERO,22.28477832900827,-97.84366457590176,22.28477832900827,-97.84366457590176,True,True,True,CIUDAD MADERO
UNIDAD CIUDAD MADERO 2A.,15/10/2019,2019.0,LESIONES,CULPOSO,CIUDAD MADERO,22.274950155523086,-97.79448640970135,22.274950155523086,-97.79448640970136,True,True,True,CIUDAD MADERO
UNIDAD CIUDAD MADERO 2A.,15/10/2023,2023.0,LESIONES,CULPOSO,CIUDAD MADERO,22.25179106313149,-97.84789199509402,22.25179106313149,-97.84789199509402,True,True,True,CIUDAD MADERO
UNIDAD CIUDAD MADERO 2A.,15/11/2022,2022.0,LESIONES,CULPOSO,CIUDAD MADERO,22.272143361697058,-97.83727692794018,22.27214336169705,-97.83727692794018,True,True,True,CIUDAD MADERO
UNIDAD CIUDAD MADERO 2A.,15/12/2019,2019.0,LESIONES,CULPOSO,CIUDAD MADERO,22.24677699205058,-97.83533587815234,22.24677699205058,-97.83533587815234,True,True,True,CIUDAD MADERO
UNIDAD CIUDAD MADERO 2A.,15/12/2021,2021.0,LESIONES,CULPOSO,CIUDAD MADERO,22.26426304174221,-97.85164452691055,22.26426304174221,-97.85164452691056,True,True,True,CIUDAD MADERO
UNIDAD CIUDAD MADERO 2A.,15/12/2021,2021.0,LESIONES,CULPOSO,CIUDAD MADERO,22.27735325694698,-97.83388947711148,22.27735325694698,-97.83388947711148,True,True,True,CIUDAD MADERO
UNIDAD CIUDAD MADERO 2A.,16/01/2021,2021.0,HOMICIDIO,CULPOSO,CIUDAD MADERO,22.275078194458214,-97.79388604227714,22.275078194458214,-97.79388604227714,True,True,True,CIUDAD MADERO
UNIDAD CIUDAD MADERO 2A.,16/02/2022,2022.0,LESIONES,CULPOSO,CIUDAD MADERO,22.2581253,97.8504289,22.2581253,-97.8504289,True,True,True,CIUDAD MADERO
UNIDAD CIUDAD MADERO 2A.,16/03/2023,2023.0,LESIONES,CULPOSO,CIUDAD MADERO,22.3169064,97.8299399,22.3169064,-97.8299399,True,True,True,CIUDAD MADERO
UNIDAD CIUDAD MADERO 2A.,16/04/2019,2019.0,LESIONES,CULPOSO,CIUDAD MADERO,22.268158637197512,-97.83605646125433,22.268158637197512,-97.83605646125432,True,True,True,CIUDAD MADERO
UNIDAD CIUDAD MADERO 2A.,16/04/2022,2022.0,LESIONES,CULPOSO,CIUDAD MADERO,22.240024367361897,-97.84110813788838,22.240024367361897,-97.84110813788838,True,True,True,CIUDAD MADERO
UNIDAD TAMPICO 4,16/06/2022,2022.0,HOMICIDIO,CULPOSO,CIUDAD MADERO,22.24202,-97.85447,22.24202,-97.85447,True,False,True,CIUDAD MADERO
UNIDAD CIUDAD MADERO 2A.,16/07/2021,2021.0,LESIONES,CULPOSO,CIUDAD MADERO,22.2705286,97.8573452,22.2705286,-97.8573452,True,True,True,CIUDAD MADERO
UNIDAD CIUDAD MADERO 2A.,16/08/2019,2019.0,LESIONES,CULPOSO,CIUDAD MADERO,22.2606665,97.8583795,22.2606665,-97.8583795,True,False,True,CIUDAD MADERO
UNIDAD CIUDAD MADERO 2A.,16/09/2021,2021.0,LESIONES,CULPOSO,CIUDAD MADERO,22.244571950597578,-97.83796970514322,22.24457195059757,-97.83796970514322,True,True,True,CIUDAD MADERO
UNIDAD TAMPICO 2A.,16/11/2021,2021.0,HOMICIDIO,CULPOSO,CIUDAD MADERO,22.24237784347701,-97.85675765489258,22.24237784347701,-97.85675765489258,True,False,True,CIUDAD MADERO
UNIDAD CIUDAD MADERO 2A.,16/11/2022,2022.0,LESIONES,CULPOSO,CIUDAD MADERO,22.2549526,97.8549346,22.2549526,-97.8549346,True,True,True,CIUDAD MADERO
UNIDAD CIUDAD MADERO 2A.,16/12/2022,2022.0,LESIONES,CULPOSO,CIUDAD MADERO,22.2439972,97.8414751,22.2439972,-97.8414751,True,True,True,CIUDAD MADERO
ATENCION INMEDIATA DE CIUDAD MADERO,17/02/2022,2022.0,LESIONES,CULPOSO,CIUDAD MADERO,22.252527341210016,-97.83408992341555,22.252527341210016,-97.83408992341556,True,True,True,CIUDAD MADERO
UNIDAD CIUDAD MADERO 2A.,17/03/2021,2021.0,LESIONES,CULPOSO,CIUDAD MADERO,22.2475507,97.849047,22.2475507,-97.849047,True,True,True,CIUDAD MADERO
UNIDAD CIUDAD MADERO 2A.,17/05/2019,2019.0,LESIONES,CULPOSO,CIUDAD MADERO,22.2676814,97.8595203,22.2676814,-97.8595203,True,True,True,CIUDAD MADERO
UNIDAD CIUDAD MADERO 2A.,17/05/2020,2020.0,LESIONES,CULPOSO,CIUDAD MADERO,22.25278805521707,-97.83651754128967,22.25278805521707,-97.83651754128968,True,True,True,CIUDAD MADERO
UNIDAD CIUDAD MADERO 2A.,17/05/2020,2020.0,HOMICIDIO,CULPOSO,CIUDAD MADERO,22.284339708774162,-97.80134401605295,22.28433970877416,-97.80134401605297,True,True,True,CIUDAD MADERO
UNIDAD CIUDAD MADERO 2A.,17/05/2022,2022.0,LESIONES,CULPOSO,CIUDAD MADERO,22.2517213,97.8469953,22.2517213,-97.8469953,True,True,True,CIUDAD MADERO
UNIDAD CIUDAD MADERO 2A.,17/05/2022,2022.0,LESIONES,CULPOSO,CIUDAD MADERO,22.2526428,97.8354516,22.2526428,-97.8354516,True,True,True,CIUDAD MADERO
UNIDAD CIUDAD MADERO 2A.,17/06/2019,2019.0,LESIONES,CULPOSO,CIUDAD MADERO,22.2517811,97.8489125,22.2517811,-97.8489125,True,True,True,CIUDAD MADERO
UNIDAD CIUDAD MADERO 2A.,17/07/2022,2022.0,LESIONES,CULPOSO,CIUDAD MADERO,22.2669338,97.8449738,22.2669338,-97.8449738,True,True,True,CIUDAD MADERO
UNIDAD CIUDAD MADERO 2A.,17/07/2022,2022.0,LESIONES,CULPOSO,CIUDAD MADERO,22.2953116,97.8225932,22.2953116,-97.8225932,True,True,True,CIUDAD MADERO
UNIDAD CIUDAD MADERO 2A.,17/07/2023,2023.0,LESIONES,CULPOSO,CIUDAD MADERO,22.3172169,97.8288793,22.3172169,-97.8288793,True,True,True,CIUDAD MADERO
UNIDAD CIUDAD MADERO 2A.,17/07/2023,2023.0,LESIONES,CULPOSO,CIUDAD MADERO,22.2498299,97.8470386,22.2498299,-97.8470386,True,True,True,CIUDAD MADERO
UNIDAD CIUDAD MADERO 2A.,17/08/2019,2019.0,LESIONES,CULPOSO,CIUDAD MADERO,22.2751927,97.7967417,22.2751927,-97.7967417,True,True,True,CIUDAD MADERO
UNIDAD CIUDAD MADERO 2A.,17/08/2019,2019.0,LESIONES,CULPOSO,CIUDAD MADERO,22.2470049,97.8318804,22.2470049,-97.8318804,True,True,True,CIUDAD MADERO
UNIDAD CIUDAD MADERO 2A.,17/08/2022,2022.0,LESIONES,CULPOSO,CIUDAD MADERO,22.2788727,97.8486789,22.2788727,-97.8486789,True,True,True,CIUDAD MADERO
UNIDAD CIUDAD MADERO 2A.,17/09/2023,2023.0,LESIONES,CULPOSO,CIUDAD MADERO,22.312248239147248,-97.82137038476206,22.312248239147248,-97.82137038476206,True,True,True,CIUDAD MADERO
UNIDAD CIUDAD MADERO 2A.,17/11/2023,2023.0,LESIONES,CULPOSO,CIUDAD MADERO,22.2748481,97.8366183,22.2748481,-97.8366183,True,True,True,CIUDAD MADERO
UNIDAD CIUDAD MADERO 2A.,17/12/2019,2019.0,LESIONES,CULPOSO,CIUDAD MADERO,22.2860634,97.8506795,22.2860634,-97.8506795,True,True,True,CIUDAD MADERO
UNIDAD CIUDAD MADERO 2A.,18/01/2019,2019.0,LESIONES,CULPOSO,CIUDAD MADERO,22.272231,97.8084011,22.272231,-97.8084011,True,True,True,CIUDAD MADERO
ATENCION INMEDIATA DE CIUDAD MADERO,18/02/2021,2021.0,LESIONES,CULPOSO,CIUDAD MADERO,22.246437708442958,-97.83721956953696,22.24643770844296,-97.83721956953696,True,True,True,CIUDAD MADERO
UNIDAD CIUDAD MADERO 2A.,18/04/2019,2019.0,HOMICIDIO,CULPOSO,CIUDAD MADERO,22.2828942,97.8463004,22.2828942,-97.8463004,True,True,True,CIUDAD MADERO
UNIDAD CIUDAD MADERO 2A.,18/04/2022,2022.0,LESIONES,CULPOSO,CIUDAD MADERO,22.2777199,97.8550458,22.2777199,-97.8550458,True,True,True,CIUDAD MADERO
UNIDAD CIUDAD MADERO 2A.,18/04/2022,2022.0,LESIONES,CULPOSO,CIUDAD MADERO,22.2470937,97.8384573,22.2470937,-97.8384573,True,True,True,CIUDAD MADERO
UNIDAD CIUDAD MADERO 2A.,18/04/2023,2023.0,LESIONES,CULPOSO,CIUDAD MADERO,22.254727,97.8315081,22.254727,-97.8315081,True,True,True,CIUDAD MADERO
UNIDAD CIUDAD MADERO 2A.,18/05/2021,2021.0,LESIONES,CULPOSO,CIUDAD MADERO,22.2651176,97.8567887,22.2651176,-97.8567887,True,True,True,CIUDAD MADERO
ATENCION INMEDIATA DE CIUDAD MADERO,18/05/2021,2021.0,LESIONES,CULPOSO,CIUDAD MADERO,22.247164267912265,-97.83685054523886,22.247164267912265,-97.83685054523886,True,True,True,CIUDAD MADERO
UNIDAD CIUDAD MADERO 2A.,18/05/2022,2022.0,HOMICIDIO,CULPOSO,CIUDAD MADERO,22.3059809,97.8451864,22.3059809,-97.8451864,True,True,True,CIUDAD MADERO
ATENCION INMEDIATA DE CIUDAD MADERO,18/07/2022,2022.0,LESIONES,CULPOSO,CIUDAD MADERO,22.247952059553047,-97.83628229188528,22.247952059553047,-97.83628229188528,True,True,True,CIUDAD MADERO
UNIDAD CIUDAD MADERO 2A.,18/08/2021,2021.0,LESIONES,CULPOSO,CIUDAD MADERO,22.2567635,97.8371457,22.2567635,-97.8371457,True,True,True,CIUDAD MADERO
UNIDAD CIUDAD MADERO 2A.,18/08/2022,2022.0,LESIONES,CULPOSO,CIUDAD MADERO,22.2643091,97.8440364,22.2643091,-97.8440364,True,True,True,CIUDAD MADERO
ATENCION INMEDIATA DE CIUDAD MADERO,18/08/2022,2022.0,LESIONES,CULPOSO,CIUDAD MADERO,22.253442024380377,-97.85353364254537,22.253442024380377,-97.85353364254536,True,True,True,CIUDAD MADERO
UNIDAD CIUDAD MADERO 2A.,18/08/2023,2023.0,LESIONES,CULPOSO,CIUDAD MADERO,22.2518379,97.8429795,22.2518379,-97.8429795,True,True,True,CIUDAD MADERO
UNIDAD CIUDAD MADERO 2A.,18/09/2023,2023.0,LESIONES,CULPOSO,CIUDAD MADERO,22.2516951,97.8443681,22.2516951,-97.8443681,True,True,True,CIUDAD MADERO
UNIDAD CIUDAD MADERO 2A.,18/09/2023,2023.0,LESIONES,CULPOSO,CIUDAD MADERO,22.2568239,97.8268924,22.2568239,-97.8268924,True,True,True,CIUDAD MADERO
UNIDAD TAMPICO 3A.,18/09/2023,2023.0,HOMICIDIO,CULPOSO,CIUDAD MADERO,22.226704962192077,-97.8626273623695,22.22670496219208,-97.8626273623695,True,False,True,CIUDAD MADERO
UNIDAD CIUDAD MADERO 2A.,18/10/2022,2022.0,LESIONES,CULPOSO,CIUDAD MADERO,22.3171602,97.8275817,22.3171602,-97.8275817,True,True,True,CIUDAD MADERO
UNIDAD CIUDAD MADERO 2A.,18/11/2023,2023.0,LESIONES,CULPOSO,CIUDAD MADERO,22.281131717165216,-97.83845659815549,22.281131717165216,-97.83845659815547,True,True,True,CIUDAD MADERO
UNIDAD CIUDAD MADERO 2A.,18/12/2022,2022.0,LESIONES,CULPOSO,CIUDAD MADERO,22.2349309,97.8493307,22.2349309,-97.8493307,True,False,True,CIUDAD MADERO
UNIDAD CIUDAD MADERO 2A.,19/01/2023,2023.0,HOMICIDIO,CULPOSO,CIUDAD MADERO,22.2652441,97.8259172,22.2652441,-97.8259172,True,True,True,CIUDAD MADERO
UNIDAD CIUDAD MADERO 2A.,19/04/2019,2019.0,LESIONES,CULPOSO,CIUDAD MADERO,22.2768258,97.8437996,22.2768258,-97.8437996,True,True,True,CIUDAD MADERO
UNIDAD CIUDAD MADERO 2A.,19/04/2019,2019.0,LESIONES,CULPOSO,CIUDAD MADERO,22.267717488154936,-97.84414621242766,22.267717488154936,-97.84414621242766,True,True,True,CIUDAD MADERO
UNIDAD CIUDAD MADERO 2A.,19/04/2022,2022.0,LESIONES,CULPOSO,CIUDAD MADERO,22.2498327,97.8572352,22.2498327,-97.8572352,True,True,True,CIUDAD MADERO
UNIDAD CIUDAD MADERO 2A.,19/05/2019,2019.0,HOMICIDIO,CULPOSO,CIUDAD MADERO,22.2784514,97.7992428,22.2784514,-97.7992428,True,True,True,CIUDAD MADERO
UNIDAD CIUDAD MADERO 2A.,19/07/2023,2023.0,LESIONES,CULPOSO,CIUDAD MADERO,22.2472748,97.8476118,22.2472748,-97.8476118,True,True,True,CIUDAD MADERO
UNIDAD CIUDAD MADERO 2A.,19/09/2020,2020.0,HOMICIDIO,CULPOSO,CIUDAD MADERO,22.2698858,97.849807,22.2698858,-97.849807,True,True,True,CIUDAD MADERO
ATENCION INMEDIATA DE CIUDAD MADERO,19/09/2020,2020.0,LESIONES,CULPOSO,CIUDAD MADERO,22.247038485760605,-97.83675799514558,22.247038485760605,-97.83675799514558,True,True,True,CIUDAD MADERO
UNIDAD CIUDAD MADERO 2A.,19/09/2023,2023.0,LESIONES,CULPOSO,CIUDAD MADERO,22.2542085,97.8246958,22.2542085,-97.8246958,True,True,True,CIUDAD MADERO
UNIDAD CIUDAD MADERO 2A.,19/10/2022,2022.0,LESIONES,CULPOSO,CIUDAD MADERO,22.2526428,97.8354516,22.2526428,-97.8354516,True,True,True,CIUDAD MADERO
UNIDAD CIUDAD MADERO 2A.,19/10/2022,2022.0,LESIONES,CULPOSO,CIUDAD MADERO,22.2769032,97.8392218,22.2769032,-97.8392218,True,True,True,CIUDAD MADERO
UNIDAD 1 ADOLESCENTES TAMPICO,19/11/2023,2023.0,LESIONES,CULPOSO,CIUDAD MADERO,22.277926397377176,-97.8334122382414,22.277926397377176,-97.8334122382414,True,True,True,CIUDAD MADERO
UNIDAD CIUDAD MADERO 2A.,19/12/2023,2023.0,LESIONES,CULPOSO,CIUDAD MADERO,22.272825225935232,-97.84934445855257,22.272825225935232,-97.84934445855257,True,True,True,CIUDAD MADERO
UNIDAD 1 ADOLESCENTES TAMPICO,19/12/2023,2023.0,LESIONES,CULPOSO,CIUDAD MADERO,22.28079,97.81576,22.28079,-97.81576,True,True,True,CIUDAD MADERO
UNIDAD CIUDAD MADERO 2A.,20/01/2019,2019.0,HOMICIDIO,CULPOSO,CIUDAD MADERO,22.2840001,97.8568183,22.2840001,-97.8568183,True,False,True,CIUDAD MADERO
UNIDAD CIUDAD MADERO 2A.,20/02/2021,2021.0,HOMICIDIO,CULPOSO,CIUDAD MADERO,22.2540183,97.8424735,22.2540183,-97.8424735,True,True,True,CIUDAD MADERO
UNIDAD CIUDAD MADERO 2A.,20/03/2021,2021.0,LESIONES,CULPOSO,CIUDAD MADERO,22.2681343,97.8409858,22.2681343,-97.8409858,True,True,True,CIUDAD MADERO
UNIDAD CIUDAD MADERO 2A.,20/04/2019,2019.0,HOMICIDIO,CULPOSO,CIUDAD MADERO,22.3024838,97.828347,22.3024838,-97.828347,True,True,True,CIUDAD MADERO
UNIDAD CIUDAD MADERO 2A.,20/04/2019,2019.0,LESIONES,CULPOSO,CIUDAD MADERO,22.2554244,97.8338622,22.2554244,-97.8338622,True,True,True,CIUDAD MADERO
UNIDAD CIUDAD MADERO 2A.,20/05/2021,2021.0,LESIONES,CULPOSO,CIUDAD MADERO,22.283076283053326,-97.84467216187483,22.28307628305333,-97.84467216187484,True,True,True,CIUDAD MADERO
UNIDAD CIUDAD MADERO 2A.,20/05/2022,2022.0,LESIONES,CULPOSO,CIUDAD MADERO,22.2535361,97.8562562,22.2535361,-97.8562562,True,True,True,CIUDAD MADERO
UNIDAD CIUDAD MADERO 2A.,20/06/2021,2021.0,LESIONES,CULPOSO,CIUDAD MADERO,22.2581253,97.8504289,22.2581253,-97.8504289,True,True,True,CIUDAD MADERO
UNIDAD CIUDAD MADERO 2A.,20/08/2019,2019.0,HOMICIDIO,CULPOSO,CIUDAD MADERO,22.2602984,97.8421721,22.2602984,-97.8421721,True,True,True,CIUDAD MADERO
UNIDAD CIUDAD MADERO 2A.,20/09/2019,2019.0,LESIONES,CULPOSO,CIUDAD MADERO,22.2494089,97.8462905,22.2494089,-97.8462905,True,True,True,CIUDAD MADERO
ATENCION INMEDIATA DE CIUDAD MADERO,20/09/2022,2022.0,LESIONES,CULPOSO,CIUDAD MADERO,22.328670550608447,-97.8669834136963,22.328670550608447,-97.8669834136963,True,False,True,CIUDAD MADERO
UNIDAD CIUDAD MADERO 2A.,20/09/2023,2023.0,LESIONES,CULPOSO,CIUDAD MADERO,22.2530332,97.8504347,22.2530332,-97.8504347,True,True,True,CIUDAD MADERO
UNIDAD CIUDAD MADERO 2A.,20/09/2023,2023.0,LESIONES,CULPOSO,CIUDAD MADERO,22.253282066021374,-97.8542871455305,22.253282066021374,-97.8542871455305,True,True,True,CIUDAD MADERO
UNIDAD CIUDAD MADERO 2A.,20/12/2022,2022.0,LESIONES,CULPOSO,CIUDAD MADERO,22.2535646,97.8561425,22.2535646,-97.8561425,True,True,True,CIUDAD MADERO
UNIDAD CIUDAD MADERO 2A.,20/12/2022,2022.0,LESIONES,CULPOSO,CIUDAD MADERO,22.279243,97.837437,22.279243,-97.837437,True,True,True,CIUDAD MADERO
UNIDAD CIUDAD MADERO 3,21/01/2020,2020.0,LESIONES,CULPOSO,CIUDAD MADERO,22.27669315191692,-97.84189676068215,22.27669315191692,-97.84189676068216,True,True,True,CIUDAD MADERO
UNIDAD CIUDAD MADERO 2A.,21/02/2019,2019.0,LESIONES,CULPOSO,CIUDAD MADERO,22.3038475,97.8268332,22.3038475,-97.8268332,True,True,True,CIUDAD MADERO
UNIDAD CIUDAD MADERO 3,21/03/2023,2023.0,LESIONES,CULPOSO,CIUDAD MADERO,22.249016439981833,-97.83289253711702,22.24901643998184,-97.83289253711702,True,True,True,CIUDAD MADERO
UNIDAD CIUDAD MADERO 3,21/04/2023,2023.0,LESIONES,CULPOSO,CIUDAD MADERO,22.28372756287881,-97.82811820507051,22.28372756287881,-97.82811820507052,True,True,True,CIUDAD MADERO
ATENCION INMEDIATA DE CIUDAD MADERO,21/04/2023,2023.0,LESIONES,CULPOSO,CIUDAD MADERO,22.247384390671705,-97.83607659658624,22.247384390671705,-97.83607659658624,True,True,True,CIUDAD MADERO
ATENCION INMEDIATA DE CIUDAD MADERO,21/04/2023,2023.0,LESIONES,CULPOSO,CIUDAD MADERO,22.24634455401484,-97.83680891944248,22.24634455401484,-97.83680891944248,True,True,True,CIUDAD MADERO
UNIDAD CIUDAD MADERO 3,21/05/2022,2022.0,LESIONES,CULPOSO,CIUDAD MADERO,22.285806528071674,-97.8254487558629,22.285806528071674,-97.8254487558629,True,True,True,CIUDAD MADERO
UNIDAD CIUDAD MADERO 3,21/05/2023,2023.0,LESIONES,CULPOSO,CIUDAD MADERO,22.246843605797377,-97.839013338089,22.246843605797377,-97.839013338089,True,True,True,CIUDAD MADERO
UNIDAD CIUDAD MADERO 3,21/06/2021,2021.0,LESIONES,CULPOSO,CIUDAD MADERO,22.270493505621864,-97.84130450572279,22.270493505621864,-97.8413045057228,True,True,True,CIUDAD MADERO
UNIDAD CIUDAD MADERO 2A.,21/06/2023,2023.0,LESIONES,CULPOSO,CIUDAD MADERO,22.306314,97.8520591,22.306314,-97.8520591,True,False,True,CIUDAD MADERO
UNIDAD CIUDAD MADERO 3,21/06/2023,2023.0,LESIONES,CULPOSO,CIUDAD MADERO,22.282764584378363,-97.83043563365938,22.282764584378363,-97.83043563365938,True,True,True,CIUDAD MADERO
UNIDAD CIUDAD MADERO 3,21/07/2023,2023.0,LESIONES,CULPOSO,CIUDAD MADERO,22.27961159000217,-97.8243711590767,22.27961159000217,-97.8243711590767,True,True,True,CIUDAD MADERO
UNIDAD CIUDAD MADERO 2A.,21/08/2021,2021.0,LESIONES,CULPOSO,CIUDAD MADERO,22.260933,97.8284556,22.260933,-97.8284556,True,True,True,CIUDAD MADERO
UNIDAD CIUDAD MADERO 3,21/08/2021,2021.0,HOMICIDIO,CULPOSO,CIUDAD MADERO,22.247188704345263,-97.85597793705027,22.247188704345263,-97.85597793705028,True,True,True,CIUDAD MADERO
UNIDAD CIUDAD MADERO 3,21/09/2023,2023.0,LESIONES,CULPOSO,CIUDAD MADERO,22.247523462962295,-97.83664638206673,22.24752346296229,-97.83664638206672,True,True,True,CIUDAD MADERO
UNIDAD CIUDAD MADERO 3,21/10/2021,2021.0,HOMICIDIO,CULPOSO,CIUDAD MADERO,22.25234206120966,-97.83638713201098,22.25234206120966,-97.83638713201098,True,True,True,CIUDAD MADERO
UNIDAD CIUDAD MADERO 3,21/10/2022,2022.0,LESIONES,CULPOSO,CIUDAD MADERO,22.272568518611962,-97.83627212047577,22.27256851861196,-97.83627212047575,True,True,True,CIUDAD MADERO
UNIDAD CIUDAD MADERO 3,21/11/2021,2021.0,LESIONES,CULPOSO,CIUDAD MADERO,22.26469707611945,-97.83262298845084,22.26469707611945,-97.83262298845084,True,True,True,CIUDAD MADERO
UNIDAD CIUDAD MADERO 3,21/11/2023,2023.0,LESIONES,CULPOSO,CIUDAD MADERO,22.253386649855887,-97.85063187713965,22.253386649855887,-97.85063187713963,True,True,True,CIUDAD MADERO
UNIDAD CIUDAD MADERO 3,21/12/2019,2019.0,LESIONES,CULPOSO,CIUDAD MADERO,22.282735111671464,-97.82814269091112,22.282735111671464,-97.82814269091112,True,True,True,CIUDAD MADERO
UNIDAD CIUDAD MADERO 3,22/02/2022,2022.0,LESIONES,CULPOSO,CIUDAD MADERO,22.239293855931418,-97.8417247357319,22.23929385593141,-97.8417247357319,True,True,True,CIUDAD MADERO
UNIDAD CIUDAD MADERO 3,22/03/2019,2019.0,HOMICIDIO,CULPOSO,CIUDAD MADERO,22.247258404775632,-97.85590801481108,22.247258404775632,-97.85590801481108,True,True,True,CIUDAD MADERO
UNIDAD CIUDAD MADERO 3,22/03/2019,2019.0,LESIONES,CULPOSO,CIUDAD MADERO,22.289811490308715,-97.85140290453003,22.289811490308715,-97.85140290453003,True,True,True,CIUDAD MADERO
UNIDAD CIUDAD MADERO 2A.,22/04/2019,2019.0,LESIONES,CULPOSO,CIUDAD MADERO,22.262294138574454,-97.82405734062196,22.26229413857445,-97.82405734062196,True,True,True,CIUDAD MADERO
UNIDAD CIUDAD MADERO 3,22/04/2022,2022.0,HOMICIDIO,CULPOSO,CIUDAD MADERO,22.247160012722542,-97.85589459448175,22.247160012722546,-97.85589459448175,True,True,True,CIUDAD MADERO
UNIDAD CIUDAD MADERO 3,22/04/2022,2022.0,LESIONES,CULPOSO,CIUDAD MADERO,22.244499269531318,-97.83953322648318,22.24449926953132,-97.83953322648318,True,True,True,CIUDAD MADERO
UNIDAD CIUDAD MADERO 3,22/06/2019,2019.0,LESIONES,CULPOSO,CIUDAD MADERO,22.27044374576001,-97.84823491557478,22.27044374576001,-97.84823491557478,True,True,True,CIUDAD MADERO
ATENCION INMEDIATA DE CIUDAD MADERO,22/06/2023,2023.0,LESIONES,CULPOSO,CIUDAD MADERO,22.246337772059686,-97.83717311534843,22.24633777205969,-97.83717311534843,True,True,True,CIUDAD MADERO
UNIDAD CIUDAD MADERO 3,22/07/2020,2020.0,LESIONES,CULPOSO,CIUDAD MADERO,22.296704788408444,-97.82104123732063,22.296704788408444,-97.82104123732064,True,True,True,CIUDAD MADERO
UNIDAD CIUDAD MADERO 3,22/08/2021,2021.0,LESIONES,CULPOSO,CIUDAD MADERO,22.275576887650907,-97.8456804702091,22.275576887650907,-97.8456804702091,True,True,True,CIUDAD MADERO
UNIDAD CIUDAD MADERO 3,22/09/2021,2021.0,HOMICIDIO,CULPOSO,CIUDAD MADERO,22.24712508104235,-97.85572577341456,22.24712508104235,-97.85572577341456,True,True,True,CIUDAD MADERO
UNIDAD CIUDAD MADERO 3,22/09/2022,2022.0,LESIONES,CULPOSO,CIUDAD MADERO,22.266245688708583,-97.85462079083958,22.266245688708583,-97.85462079083958,True,True,True,CIUDAD MADERO
ATENCION INMEDIATA DE CIUDAD MADERO,22/09/2022,2022.0,LESIONES,CULPOSO,CIUDAD MADERO,22.326765055679953,-97.86904335021974,22.32676505567996,-97.86904335021974,True,False,True,CIUDAD MADERO
UNIDAD CIUDAD MADERO 3,22/10/2021,2021.0,HOMICIDIO,CULPOSO,CIUDAD MADERO,22.280991757203243,-97.84839250211233,22.280991757203243,-97.84839250211232,True,True,True,CIUDAD MADERO
UNIDAD CIUDAD MADERO 3,22/10/2022,2022.0,LESIONES,CULPOSO,CIUDAD MADERO,22.27478438944947,-97.82779097557068,22.27478438944947,-97.82779097557068,True,True,True,CIUDAD MADERO
UNIDAD CIUDAD MADERO 3,22/11/2019,2019.0,HOMICIDIO,CULPOSO,CIUDAD MADERO,22.247227774659375,-97.85600478832015,22.24722777465937,-97.85600478832016,True,True,True,CIUDAD MADERO
UNIDAD CIUDAD MADERO 3,22/11/2023,2023.0,LESIONES,CULPOSO,CIUDAD MADERO,22.27066751426081,-97.84895210444174,22.27066751426081,-97.84895210444174,True,True,True,CIUDAD MADERO
UNIDAD CIUDAD MADERO 3,22/12/2020,2020.0,LESIONES,CULPOSO,CIUDAD MADERO,22.28413502653574,-97.84320204877463,22.28413502653574,-97.84320204877464,True,True,True,CIUDAD MADERO
UNIDAD CIUDAD MADERO 3,23/01/2022,2022.0,LESIONES,CULPOSO,CIUDAD MADERO,22.28034512511422,-97.83746355938544,22.28034512511422,-97.83746355938544,True,True,True,CIUDAD MADERO
UNIDAD CIUDAD MADERO 3,23/03/2019,2019.0,LESIONES,CULPOSO,CIUDAD MADERO,22.288071645100093,-97.81322703860438,22.288071645100093,-97.81322703860438,True,True,True,CIUDAD MADERO
ATENCION INMEDIATA DE CIUDAD MADERO,23/03/2020,2020.0,LESIONES,CULPOSO,CIUDAD MADERO,22.24435731087934,-97.84526824951173,22.24435731087934,-97.84526824951172,True,True,True,CIUDAD MADERO
UNIDAD CIUDAD MADERO 3,23/06/2023,2023.0,LESIONES,CULPOSO,CIUDAD MADERO,22.283627356340165,-97.85039395093919,22.283627356340165,-97.8503939509392,True,True,True,CIUDAD MADERO
UNIDAD CIUDAD MADERO 3,23/07/2022,2022.0,LESIONES,CULPOSO,CIUDAD MADERO,22.25535308504597,-97.82820400746395,22.25535308504597,-97.82820400746397,True,True,True,CIUDAD MADERO
UNIDAD TAMPICO 2A.,23/08/2022,2022.0,LESIONES,CULPOSO,CIUDAD MADERO,22.214375125643603,-97.85409752386326,22.214375125643603,-97.85409752386326,True,False,True,CIUDAD MADERO
UNIDAD CIUDAD MADERO 3,23/09/2019,2019.0,LESIONES,CULPOSO,CIUDAD MADERO,22.27028291932102,-97.79009460202792,22.27028291932102,-97.79009460202792,True,True,True,CIUDAD MADERO
UNIDAD CIUDAD MADERO 3,23/10/2021,2021.0,LESIONES,CULPOSO,CIUDAD MADERO,22.244832416420444,-97.83728707105989,22.244832416420444,-97.83728707105988,True,True,True,CIUDAD MADERO
UNIDAD CIUDAD MADERO 3,23/12/2020,2020.0,LESIONES,CULPOSO,CIUDAD MADERO,22.24725136388194,-97.85601873834136,22.24725136388194,-97.85601873834136,True,True,True,CIUDAD MADERO
UNIDAD CIUDAD MADERO 3,23/12/2021,2021.0,LESIONES,CULPOSO,CIUDAD MADERO,22.251416872531173,-97.82597878625351,22.251416872531173,-97.82597878625351,True,True,True,CIUDAD MADERO
UNIDAD CIUDAD MADERO 3,23/12/2021,2021.0,LESIONES,CULPOSO,CIUDAD MADERO,22.28083899124964,-97.84127244176939,22.28083899124964,-97.8412724417694,True,True,True,CIUDAD MADERO
UNIDAD CIUDAD MADERO 3,24/01/2022,2022.0,LESIONES,CULPOSO,CIUDAD MADERO,22.254551405994977,-97.85320196009978,22.254551405994977,-97.85320196009978,True,True,True,CIUDAD MADERO
UNIDAD CIUDAD MADERO 3,24/02/2020,2020.0,LESIONES,CULPOSO,CIUDAD MADERO,22.256037427464417,-97.82367574027914,22.256037427464417,-97.82367574027914,True,True,True,CIUDAD MADERO
UNIDAD CIUDAD MADERO 3,24/03/2019,2019.0,LESIONES,CULPOSO,CIUDAD MADERO,22.27112939130233,-97.79098442239118,22.27112939130233,-97.79098442239118,True,True,True,CIUDAD MADERO
UNIDAD CIUDAD MADERO 3,24/05/2020,2020.0,LESIONES,CULPOSO,CIUDAD MADERO,22.28827438776709,-97.83107910987152,22.28827438776709,-97.83107910987152,True,True,True,CIUDAD MADERO
UNIDAD CIUDAD MADERO 3,24/05/2021,2021.0,HOMICIDIO,CULPOSO,CIUDAD MADERO,22.247190713437266,-97.855852603612,22.247190713437263,-97.855852603612,True,True,True,CIUDAD MADERO
UNIDAD CIUDAD MADERO 3,24/05/2022,2022.0,LESIONES,CULPOSO,CIUDAD MADERO,22.247049947528804,-97.855838381451,22.247049947528804,-97.855838381451,True,True,True,CIUDAD MADERO
UNIDAD CIUDAD MADERO 3,24/08/2021,2021.0,HOMICIDIO,CULPOSO,CIUDAD MADERO,22.26614875663958,-97.85423757761677,22.26614875663958,-97.85423757761676,True,True,True,CIUDAD MADERO
ATENCION INMEDIATA DE CIUDAD MADERO,24/09/2019,2019.0,LESIONES,CULPOSO,CIUDAD MADERO,22.248036465526653,-97.83709321216978,22.248036465526653,-97.83709321216978,True,True,True,CIUDAD MADERO
UNIDAD CIUDAD MADERO 3,24/10/2020,2020.0,LESIONES,CULPOSO,CIUDAD MADERO,22.24153929726667,-97.84798811732979,22.24153929726667,-97.8479881173298,True,True,True,CIUDAD MADERO
UNIDAD CIUDAD MADERO 3,24/11/2022,2022.0,LESIONES,CULPOSO,CIUDAD MADERO,22.295373989548267,-97.84903407096863,22.295373989548267,-97.84903407096864,True,True,True,CIUDAD MADERO
UNIDAD CIUDAD MADERO 3,24/12/2019,2019.0,LESIONES,CULPOSO,CIUDAD MADERO,22.25623201418768,-97.83519582950107,22.25623201418768,-97.83519582950107,True,True,True,CIUDAD MADERO
UNIDAD CIUDAD MADERO 3,24/12/2022,2022.0,LESIONES,CULPOSO,CIUDAD MADERO,22.246036464718696,-97.839193046093,22.246036464718696,-97.839193046093,True,True,True,CIUDAD MADERO
UNIDAD CIUDAD MADERO 3,25/01/2019,2019.0,HOMICIDIO,CULPOSO,CIUDAD MADERO,22.2500187746741,-97.84130073077769,22.2500187746741,-97.84130073077768,True,True,True,CIUDAD MADERO
ATENCION INMEDIATA DE CIUDAD MADERO,25/01/2020,2020.0,LESIONES,CULPOSO,CIUDAD MADERO,22.244486405660684,-97.83651351928711,22.244486405660684,-97.83651351928712,True,True,True,CIUDAD MADERO
UNIDAD CIUDAD MADERO 3,25/01/2022,2022.0,LESIONES,CULPOSO,CIUDAD MADERO,22.273508706065055,-97.85379135938727,22.27350870606505,-97.85379135938727,True,True,True,CIUDAD MADERO
ATENCION INMEDIATA DE CIUDAD MADERO,25/02/2019,2019.0,LESIONES,CULPOSO,CIUDAD MADERO,22.24741086710193,-97.83715724945068,22.24741086710193,-97.83715724945068,True,True,True,CIUDAD MADERO
UNIDAD CIUDAD MADERO 3,25/02/2022,2022.0,HOMICIDIO,CULPOSO,CIUDAD MADERO,22.270854582451804,-97.85839718324124,22.270854582451804,-97.85839718324124,True,True,True,CIUDAD MADERO
UNIDAD CIUDAD MADERO 3,25/02/2023,2023.0,LESIONES,CULPOSO,CIUDAD MADERO,22.237020435541584,-97.83970534801485,22.237020435541584,-97.83970534801485,True,True,True,CIUDAD MADERO
ATENCION INMEDIATA DE CIUDAD MADERO,25/04/2020,2020.0,LESIONES,CULPOSO,CIUDAD MADERO,22.24694416399115,-97.83835278300074,22.24694416399115,-97.83835278300074,True,True,True,CIUDAD MADERO
UNIDAD CIUDAD MADERO 3,25/04/2023,2023.0,LESIONES,CULPOSO,CIUDAD MADERO,22.295501176001103,-97.84784853458405,22.295501176001103,-97.84784853458405,True,True,True,CIUDAD MADERO
ATENCION INMEDIATA DE CIUDAD MADERO,25/04/2023,2023.0,LESIONES,CULPOSO,CIUDAD MADERO,22.246643506647906,-97.835877791695,22.246643506647903,-97.835877791695,True,True,True,CIUDAD MADERO
UNIDAD CIUDAD MADERO 3,25/05/2021,2021.0,LESIONES,CULPOSO,CIUDAD MADERO,22.24715893603914,-97.85579046935302,22.24715893603914,-97.85579046935302,True,True,True,CIUDAD MADERO
UNIDAD CIUDAD MADERO 3,25/06/2022,2022.0,LESIONES,CULPOSO,CIUDAD MADERO,22.266154942209997,-97.81624014332701,22.26615494221,-97.816240143327,True,True,True,CIUDAD MADERO
UNIDAD CIUDAD MADERO 3,25/07/2022,2022.0,LESIONES,CULPOSO,CIUDAD MADERO,22.242168577646364,-97.84914940595628,22.242168577646364,-97.84914940595628,True,True,True,CIUDAD MADERO
UNIDAD CIUDAD MADERO 3,25/08/2023,2023.0,LESIONES,CULPOSO,CIUDAD MADERO,22.25767986914272,-97.83342098775103,22.25767986914272,-97.83342098775104,True,True,True,CIUDAD MADERO
UNIDAD CIUDAD MADERO 3,25/11/2021,2021.0,LESIONES,CULPOSO,CIUDAD MADERO,22.255103615421213,-97.85291286901096,22.255103615421213,-97.85291286901096,True,True,True,CIUDAD MADERO
UNIDAD CIUDAD MADERO 3,25/12/2020,2020.0,LESIONES,CULPOSO,CIUDAD MADERO,22.27880403825691,-97.83620822300065,22.27880403825691,-97.83620822300064,True,True,True,CIUDAD MADERO
UNIDAD CIUDAD MADERO 3,26/01/2019,2019.0,LESIONES,CULPOSO,CIUDAD MADERO,22.276814497531216,-97.83675393270902,22.276814497531216,-97.83675393270902,True,True,True,CIUDAD MADERO
UNIDAD CIUDAD MADERO 3,26/01/2023,2023.0,LESIONES,CULPOSO,CIUDAD MADERO,22.282750313384224,-97.7997136116028,22.282750313384224,-97.7997136116028,True,True,True,CIUDAD MADERO
UNIDAD CIUDAD MADERO 3,26/02/2023,2023.0,HOMICIDIO,CULPOSO,CIUDAD MADERO,22.281697978671847,-97.79939174652101,22.281697978671847,-97.799391746521,True,True,True,CIUDAD MADERO
UNIDAD CIUDAD MADERO 3,26/03/2020,2020.0,LESIONES,CULPOSO,CIUDAD MADERO,22.2679425761783,-97.85104569943479,22.2679425761783,-97.8510456994348,True,True,True,CIUDAD MADERO
UNIDAD CIUDAD MADERO 3,26/04/2022,2022.0,LESIONES,CULPOSO,CIUDAD MADERO,22.246991316947604,-97.85579879168432,22.246991316947604,-97.85579879168432,True,True,True,CIUDAD MADERO
UNIDAD CIUDAD MADERO 3,26/04/2022,2022.0,LESIONES,CULPOSO,CIUDAD MADERO,22.282582086242158,-97.84173760136116,22.28258208624216,-97.84173760136116,True,True,True,CIUDAD MADERO
UNIDAD CIUDAD MADERO 3,26/06/2023,2023.0,LESIONES,CULPOSO,CIUDAD MADERO,22.282203671164233,-97.82913208007812,22.28220367116424,-97.82913208007812,True,True,True,CIUDAD MADERO
UNIDAD CIUDAD MADERO 2A.,26/08/2019,2019.0,LESIONES,CULPOSO,CIUDAD MADERO,22.251476547667572,-97.84760334339869,22.25147654766757,-97.84760334339867,True,True,True,CIUDAD MADERO
UNIDAD CIUDAD MADERO 3,26/09/2021,2021.0,HOMICIDIO,CULPOSO,CIUDAD MADERO,22.254538809875346,-97.83239805055793,22.254538809875346,-97.83239805055791,True,True,True,CIUDAD MADERO
ATENCION INMEDIATA DE CIUDAD MADERO,26/09/2022,2022.0,LESIONES,CULPOSO,CIUDAD MADERO,22.251805064558596,-97.83093567616417,22.2518050645586,-97.83093567616416,True,True,True,CIUDAD MADERO
UNIDAD CIUDAD MADERO 3,26/09/2023,2023.0,LESIONES,CULPOSO,CIUDAD MADERO,22.24006061471715,-97.83997848841018,22.24006061471715,-97.83997848841018,True,True,True,CIUDAD MADERO
UNIDAD CIUDAD MADERO 3,26/10/2020,2020.0,HOMICIDIO,CULPOSO,CIUDAD MADERO,22.247235002018723,-97.85591863081895,22.247235002018723,-97.85591863081896,True,True,True,CIUDAD MADERO
UNIDAD CIUDAD MADERO 3,26/10/2023,2023.0,LESIONES,CULPOSO,CIUDAD MADERO,22.26560121316221,-97.85687678475117,22.26560121316221,-97.85687678475117,True,True,True,CIUDAD MADERO
UNIDAD CIUDAD MADERO 3,26/11/2021,2021.0,LESIONES,CULPOSO,CIUDAD MADERO,22.27574444232319,-97.83443298503524,22.27574444232319,-97.83443298503524,True,True,True,CIUDAD MADERO
UNIDAD CIUDAD MADERO 3,26/11/2022,2022.0,LESIONES,CULPOSO,CIUDAD MADERO,22.244896104962006,-97.84044536624369,22.24489610496201,-97.84044536624369,True,True,True,CIUDAD MADERO
UNIDAD CIUDAD MADERO 3,26/11/2022,2022.0,LESIONES,CULPOSO,CIUDAD MADERO,22.278609877534993,-97.85211332980528,22.278609877535,-97.85211332980528,True,True,True,CIUDAD MADERO
UNIDAD CIUDAD MADERO 3,26/12/2019,2019.0,LESIONES,CULPOSO,CIUDAD MADERO,22.273826313506717,-97.84577615628002,22.27382631350672,-97.84577615628002,True,True,True,CIUDAD MADERO
UNIDAD CIUDAD MADERO 2A.,27/02/2019,2019.0,LESIONES,CULPOSO,CIUDAD MADERO,22.256000911214834,-97.85248475220337,22.25600091121484,-97.85248475220337,True,True,True,CIUDAD MADERO
UNIDAD CIUDAD MADERO 3,27/02/2019,2019.0,HOMICIDIO,CULPOSO,CIUDAD MADERO,22.247621677610226,-97.85486867826523,22.247621677610223,-97.85486867826523,True,True,True,CIUDAD MADERO
UNIDAD CIUDAD MADERO 3,27/02/2023,2023.0,LESIONES,CULPOSO,CIUDAD MADERO,22.29763044615524,-97.82236218452455,22.29763044615524,-97.82236218452456,True,True,True,CIUDAD MADERO
UNIDAD CIUDAD MADERO 3,27/03/2022,2022.0,LESIONES,CULPOSO,CIUDAD MADERO,22.266404999090906,-97.83693669287932,22.266404999090906,-97.83693669287932,True,True,True,CIUDAD MADERO
UNIDAD CIUDAD MADERO 3,27/03/2023,2023.0,HOMICIDIO,CULPOSO,CIUDAD MADERO,22.24677874918895,-97.85576105117799,22.24677874918895,-97.855761051178,True,True,True,CIUDAD MADERO
UNIDAD CIUDAD MADERO 3,27/04/2020,2020.0,LESIONES,CULPOSO,CIUDAD MADERO,22.268529059363743,-97.83501552472808,22.268529059363743,-97.83501552472808,True,True,True,CIUDAD MADERO
UNIDAD CIUDAD MADERO 3,27/04/2021,2021.0,LESIONES,CULPOSO,CIUDAD MADERO,22.2568022081705,-97.83447949727694,22.2568022081705,-97.83447949727694,True,True,True,CIUDAD MADERO
ATENCION INMEDIATA DE CIUDAD MADERO,27/04/2021,2021.0,LESIONES,CULPOSO,CIUDAD MADERO,22.25136797832763,-97.83253964498056,22.25136797832763,-97.83253964498056,True,True,True,CIUDAD MADERO
UNIDAD CIUDAD MADERO 3,27/04/2022,2022.0,HOMICIDIO,CULPOSO,CIUDAD MADERO,22.24545579971401,-97.85469965708151,22.24545579971401,-97.85469965708153,True,True,True,CIUDAD MADERO
UNIDAD CIUDAD MADERO 3,27/05/2020,2020.0,LESIONES,CULPOSO,CIUDAD MADERO,22.262546349706014,-97.84382186918653,22.26254634970601,-97.84382186918651,True,True,True,CIUDAD MADERO
UNIDAD CIUDAD MADERO 3,27/05/2021,2021.0,LESIONES,CULPOSO,CIUDAD MADERO,22.25677239837539,-97.83980108166567,22.25677239837539,-97.83980108166568,True,True,True,CIUDAD MADERO
UNIDAD CIUDAD MADERO 3,27/05/2022,2022.0,LESIONES,CULPOSO,CIUDAD MADERO,22.27171045519003,-97.84981252433977,22.27171045519003,-97.84981252433975,True,True,True,CIUDAD MADERO
UNIDAD CIUDAD MADERO 3,27/05/2022,2022.0,LESIONES,CULPOSO,CIUDAD MADERO,22.294224949455096,-97.84002651842647,22.294224949455096,-97.84002651842648,True,True,True,CIUDAD MADERO
UNIDAD CIUDAD MADERO 3,27/06/2019,2019.0,HOMICIDIO,CULPOSO,CIUDAD MADERO,22.263367408156864,-97.82403365421754,22.263367408156864,-97.82403365421754,True,True,True,CIUDAD MADERO
UNIDAD CIUDAD MADERO 3,27/06/2022,2022.0,LESIONES,CULPOSO,CIUDAD MADERO,22.26079525014979,-97.83497512648569,22.26079525014979,-97.83497512648567,True,True,True,CIUDAD MADERO
UNIDAD CIUDAD MADERO 3,27/06/2022,2022.0,LESIONES,CULPOSO,CIUDAD MADERO,22.23981243668915,-97.83797544733694,22.23981243668915,-97.83797544733694,True,True,True,CIUDAD MADERO
UNIDAD CIUDAD MADERO 3,27/07/2022,2022.0,LESIONES,CULPOSO,CIUDAD MADERO,22.25339599202343,-97.85404772602507,22.25339599202343,-97.85404772602509,True,True,True,CIUDAD MADERO
UNIDAD CIUDAD MADERO 3,27/07/2023,2023.0,LESIONES,CULPOSO,CIUDAD MADERO,22.24923381341841,-97.83135047030815,22.24923381341841,-97.83135047030817,True,True,True,CIUDAD MADERO
UNIDAD CIUDAD MADERO 3,27/08/2020,2020.0,LESIONES,CULPOSO,CIUDAD MADERO,22.241132151055687,-97.84741029095551,22.241132151055687,-97.84741029095552,True,True,True,CIUDAD MADERO
UNIDAD CIUDAD MADERO 3,27/08/2021,2021.0,LESIONES,CULPOSO,CIUDAD MADERO,22.247208602737715,-97.84200108637862,22.247208602737715,-97.84200108637862,True,True,True,CIUDAD MADERO
UNIDAD CIUDAD MADERO 3,27/08/2023,2023.0,LESIONES,CULPOSO,CIUDAD MADERO,22.285296825457028,-97.80213727466419,22.285296825457028,-97.8021372746642,True,True,True,CIUDAD MADERO
UNIDAD CIUDAD MADERO 3,27/11/2021,2021.0,LESIONES,CULPOSO,CIUDAD MADERO,22.260455147296355,-97.84827075952789,22.260455147296355,-97.84827075952788,True,True,True,CIUDAD MADERO
ATENCION INMEDIATA DE CIUDAD MADERO,27/12/2021,2021.0,LESIONES,CULPOSO,CIUDAD MADERO,22.247215608652464,-97.83691917186742,22.247215608652464,-97.83691917186742,True,True,True,CIUDAD MADERO
UNIDAD CIUDAD MADERO 3,28/01/2021,2021.0,LESIONES,CULPOSO,CIUDAD MADERO,22.258938825037248,-97.8267552761113,22.258938825037248,-97.8267552761113,True,True,True,CIUDAD MADERO
ATENCION INMEDIATA DE CIUDAD MADERO,28/01/2021,2021.0,LESIONES,CULPOSO,CIUDAD MADERO,22.248885487490814,-97.83577220741748,22.248885487490814,-97.83577220741748,True,True,True,CIUDAD MADERO
UNIDAD CIUDAD MADERO 3,28/01/2023,2023.0,LESIONES,CULPOSO,CIUDAD MADERO,22.294619655641622,-97.85384252817887,22.294619655641625,-97.85384252817887,True,False,True,CIUDAD MADERO
UNIDAD CIUDAD MADERO 3,28/03/2019,2019.0,HOMICIDIO,CULPOSO,CIUDAD MADERO,22.278723351726768,-97.84355988904552,22.278723351726768,-97.84355988904552,True,True,True,CIUDAD MADERO
UNIDAD TAMPICO 1A.,28/03/2022,2022.0,LESIONES,CULPOSO,CIUDAD MADERO,22.24534103493836,-97.85524959459003,22.24534103493836,-97.85524959459003,True,True,True,CIUDAD MADERO
UNIDAD CIUDAD MADERO 3,28/03/2022,2022.0,LESIONES,CULPOSO,CIUDAD MADERO,22.2512477552424,-97.83426206953648,22.2512477552424,-97.83426206953648,True,True,True,CIUDAD MADERO
UNIDAD CIUDAD MADERO 3,28/04/2022,2022.0,LESIONES,CULPOSO,CIUDAD MADERO,22.272786180823235,-97.83083953388983,22.272786180823235,-97.83083953388984,True,True,True,CIUDAD MADERO
UNIDAD CIUDAD MADERO 3,28/04/2023,2023.0,LESIONES,CULPOSO,CIUDAD MADERO,22.243956992171153,-97.8544306755066,22.24395699217116,-97.8544306755066,True,True,True,CIUDAD MADERO
UNIDAD CIUDAD MADERO 3,28/05/2021,2021.0,LESIONES,CULPOSO,CIUDAD MADERO,22.27242214191593,-97.84947191003238,22.27242214191593,-97.84947191003238,True,True,True,CIUDAD MADERO
UNIDAD CIUDAD MADERO 3,28/06/2019,2019.0,HOMICIDIO,CULPOSO,CIUDAD MADERO,22.2557656028133,-97.87349681005075,22.2557656028133,-97.87349681005075,True,False,True,CIUDAD MADERO
UNIDAD CIUDAD MADERO 3,28/06/2023,2023.0,LESIONES,CULPOSO,CIUDAD MADERO,22.261060475169725,-97.8292191792292,22.261060475169725,-97.8292191792292,True,True,True,CIUDAD MADERO
UNIDAD CIUDAD MADERO 3,28/07/2019,2019.0,LESIONES,CULPOSO,CIUDAD MADERO,22.26347812793307,-97.85388591420232,22.26347812793307,-97.85388591420232,True,True,True,CIUDAD MADERO
UNIDAD CIUDAD MADERO 3,28/07/2020,2020.0,LESIONES,CULPOSO,CIUDAD MADERO,22.29960117092419,-97.84687777998684,22.29960117092419,-97.84687777998684,True,True,True,CIUDAD MADERO
UNIDAD CIUDAD MADERO 3,28/09/2021,2021.0,LESIONES,CULPOSO,CIUDAD MADERO,22.249056707478474,-97.83546709099167,22.24905670747848,-97.83546709099168,True,True,True,CIUDAD MADERO
UNIDAD CIUDAD MADERO 3,28/09/2021,2021.0,LESIONES,CULPOSO,CIUDAD MADERO,22.26349413532651,-97.825230034499,22.26349413532651,-97.825230034499,True,True,True,CIUDAD MADERO
UNIDAD CIUDAD MADERO 3,28/09/2021,2021.0,LESIONES,CULPOSO,CIUDAD MADERO,22.283867238236102,-97.83476903967856,22.283867238236105,-97.83476903967856,True,True,True,CIUDAD MADERO
UNIDAD CIUDAD MADERO 3,28/09/2023,2023.0,LESIONES,CULPOSO,CIUDAD MADERO,22.280875395883502,-97.83392762283268,22.280875395883506,-97.83392762283268,True,True,True,CIUDAD MADERO
UNIDAD CIUDAD MADERO 3,28/10/2020,2020.0,LESIONES,CULPOSO,CIUDAD MADERO,22.266403403873692,-97.82323676133993,22.26640340387369,-97.82323676133991,True,True,True,CIUDAD MADERO
UNIDAD CIUDAD MADERO 3,28/12/2020,2020.0,LESIONES,CULPOSO,CIUDAD MADERO,22.298590493135013,-97.8411023966864,22.298590493135013,-97.8411023966864,True,True,True,CIUDAD MADERO
UNIDAD CIUDAD MADERO 3,28/12/2022,2022.0,HOMICIDIO,CULPOSO,CIUDAD MADERO,22.248922104550406,-97.85379767417909,22.24892210455041,-97.85379767417908,True,True,True,CIUDAD MADERO
UNIDAD CIUDAD MADERO 3,28/12/2023,2023.0,LESIONES,CULPOSO,CIUDAD MADERO,22.277104870945422,-97.79542159580247,22.277104870945426,-97.79542159580248,True,True,True,CIUDAD MADERO
ATENCION INMEDIATA DE CIUDAD MADERO,29/01/2020,2020.0,LESIONES,CULPOSO,CIUDAD MADERO,22.24666046149822,-97.83544422325416,22.24666046149822,-97.83544422325416,True,True,True,CIUDAD MADERO
UNIDAD CIUDAD MADERO 3,29/01/2021,2021.0,LESIONES,CULPOSO,CIUDAD MADERO,22.258043082263608,-97.82437647919485,22.258043082263608,-97.82437647919484,True,True,True,CIUDAD MADERO
UNIDAD CIUDAD MADERO 3,29/03/2019,2019.0,HOMICIDIO,CULPOSO,CIUDAD MADERO,22.280942568606754,-97.83293875384794,22.28094256860676,-97.83293875384794,True,True,True,CIUDAD MADERO
UNIDAD 1 ADOLESCENTES TAMPICO,29/03/2023,2023.0,LESIONES,CULPOSO,CIUDAD MADERO,22.297610779988823,-97.84810701925014,22.297610779988823,-97.84810701925014,True,True,True,CIUDAD MADERO
UNIDAD CIUDAD MADERO 3,29/04/2021,2021.0,LESIONES,CULPOSO,CIUDAD MADERO,22.327144765284498,-97.85751458467841,22.327144765284498,-97.8575145846784,True,False,True,CIUDAD MADERO
UNIDAD CIUDAD MADERO 3,29/05/2022,2022.0,LESIONES,CULPOSO,CIUDAD MADERO,22.2753355804244,-97.85087119434183,22.2753355804244,-97.85087119434183,True,True,True,CIUDAD MADERO
UNIDAD CIUDAD MADERO 3,29/05/2023,2023.0,LESIONES,CULPOSO,CIUDAD MADERO,22.246906910783302,-97.83908843994142,22.246906910783306,-97.83908843994142,True,True,True,CIUDAD MADERO
UNIDAD CIUDAD MADERO 3,29/07/2019,2019.0,HOMICIDIO,CULPOSO,CIUDAD MADERO,22.276664223765664,-97.87135528759272,22.276664223765664,-97.87135528759272,True,False,True,CIUDAD MADERO
UNIDAD CIUDAD MADERO 3,29/07/2022,2022.0,HOMICIDIO,CULPOSO,CIUDAD MADERO,22.275285048366957,-97.84507211487427,22.27528504836696,-97.84507211487428,True,True,True,CIUDAD MADERO
UNIDAD CIUDAD MADERO 3,29/07/2022,2022.0,LESIONES,CULPOSO,CIUDAD MADERO,22.256854641383068,-97.82665326162365,22.256854641383068,-97.82665326162363,True,True,True,CIUDAD MADERO
UNIDAD CIUDAD MADERO 3,29/08/2022,2022.0,LESIONES,CULPOSO,CIUDAD MADERO,22.248898727962718,-97.84892589248987,22.24889872796272,-97.84892589248987,True,True,True,CIUDAD MADERO
UNIDAD CIUDAD MADERO 3,29/10/2021,2021.0,LESIONES,CULPOSO,CIUDAD MADERO,22.289430146414773,-97.85181610867154,22.289430146414773,-97.85181610867154,True,True,True,CIUDAD MADERO
UNIDAD CIUDAD MADERO 3,29/10/2021,2021.0,LESIONES,CULPOSO,CIUDAD MADERO,22.26616326859028,-97.85448714142818,22.26616326859028,-97.85448714142818,True,True,True,CIUDAD MADERO
UNIDAD CIUDAD MADERO 3,29/11/2021,2021.0,HOMICIDIO,CULPOSO,CIUDAD MADERO,22.319722847167487,-97.8254508056485,22.319722847167487,-97.8254508056485,True,True,True,CIUDAD MADERO
UNIDAD CIUDAD MADERO 3,29/12/2020,2020.0,LESIONES,CULPOSO,CIUDAD MADERO,22.24695098774393,-97.83807168182712,22.24695098774393,-97.83807168182712,True,True,True,CIUDAD MADERO
UNIDAD CIUDAD MADERO 3,29/12/2022,2022.0,HOMICIDIO,CULPOSO,CIUDAD MADERO,22.247190752504263,-97.85548545223357,22.247190752504263,-97.85548545223357,True,True,True,CIUDAD MADERO
UNIDAD CIUDAD MADERO 3,30/03/2019,2019.0,LESIONES,CULPOSO,CIUDAD MADERO,22.24900798785481,-97.83286327911311,22.24900798785481,-97.83286327911313,True,True,True,CIUDAD MADERO
UNIDAD CIUDAD MADERO 3,30/06/2022,2022.0,HOMICIDIO,CULPOSO,CIUDAD MADERO,22.26614180237588,-97.85444030292317,22.26614180237588,-97.85444030292317,True,True,True,CIUDAD MADERO
UNIDAD CIUDAD MADERO 3,30/07/2019,2019.0,LESIONES,CULPOSO,CIUDAD MADERO,22.251068364508704,-97.84873036209692,22.251068364508704,-97.84873036209692,True,True,True,CIUDAD MADERO
UNIDAD CIUDAD MADERO 3,30/07/2020,2020.0,LESIONES,CULPOSO,CIUDAD MADERO,22.245650720047443,-97.82922560245997,22.245650720047443,-97.82922560245996,True,True,True,CIUDAD MADERO
UNIDAD CIUDAD MADERO 3,30/08/2021,2021.0,LESIONES,CULPOSO,CIUDAD MADERO,22.298301388342278,-97.82125036970422,22.29830138834228,-97.82125036970422,True,True,True,CIUDAD MADERO
UNIDAD CIUDAD MADERO 3,30/08/2023,2023.0,LESIONES,CULPOSO,CIUDAD MADERO,22.252977247265513,-97.84644489009354,22.25297724726552,-97.84644489009354,True,True,True,CIUDAD MADERO
UNIDAD CIUDAD MADERO 3,30/09/2021,2021.0,LESIONES,CULPOSO,CIUDAD MADERO,22.248597201207374,-97.83602007417966,22.24859720120737,-97.83602007417966,True,True,True,CIUDAD MADERO
ATENCION INMEDIATA DE CIUDAD MADERO,30/10/2020,2020.0,LESIONES,CULPOSO,CIUDAD MADERO,22.320997762050542,-97.82767564058305,22.320997762050546,-97.82767564058304,True,True,True,CIUDAD MADERO
ATENCION INMEDIATA DE CIUDAD MADERO,30/10/2020,2020.0,LESIONES,CULPOSO,CIUDAD MADERO,22.247554854288502,-97.83578647287536,22.247554854288506,-97.83578647287536,True,True,True,CIUDAD MADERO
UNIDAD CIUDAD MADERO 3,31/01/2022,2022.0,LESIONES,CULPOSO,CIUDAD MADERO,22.297609309219236,-97.84858816733896,22.29760930921924,-97.84858816733896,True,True,True,CIUDAD MADERO
UNIDAD CIUDAD MADERO 3,31/03/2023,2023.0,LESIONES,CULPOSO,CIUDAD MADERO,22.325334366682075,-97.84473180770875,22.325334366682075,-97.84473180770875,True,True,True,CIUDAD MADERO
UNIDAD CIUDAD MADERO 3,31/08/2021,2021.0,LESIONES,CULPOSO,CIUDAD MADERO,22.24752828160537,-97.8366468505517,22.24752828160537,-97.8366468505517,True,True,True,CIUDAD MADERO
UNIDAD CIUDAD MADERO 3,31/08/2021,2021.0,HOMICIDIO,CULPOSO,CIUDAD MADERO,22.254121124260188,-97.85167780397259,22.254121124260188,-97.8516778039726,True,True,True,CIUDAD MADERO
UNIDAD CIUDAD MADERO 3,31/08/2022,2022.0,LESIONES,CULPOSO,CIUDAD MADERO,22.254682862424747,-97.83468170787296,22.254682862424747,-97.83468170787296,True,True,True,CIUDAD MADERO
UNIDAD CIUDAD MADERO 3,31/10/2022,2022.0,LESIONES,CULPOSO,CIUDAD MADERO,22.31536639446544,-97.84473333211032,22.31536639446544,-97.84473333211032,True,True,True,CIUDAD MADERO
UNIDAD CIUDAD MADERO 3,31/10/2022,2022.0,LESIONES,CULPOSO,CIUDAD MADERO,22.251891674871846,-97.8536996578973,22.25189167487185,-97.8536996578973,True,True,True,CIUDAD MADERO
UNIDAD CIUDAD MADERO 3,31/12/2023,2023.0,HOMICIDIO,CULPOSO,CIUDAD MADERO,22.2680278664629,-97.8512737653924,22.2680278664629,-97.8512737653924,True,True,True,CIUDAD MADERO
UNIDAD REYNOSA 1A.,01/01/2021,2021.0,HOMICIDIO,CULPOSO,REYNOSA,26.036306032484973,98.34662762667053,26.036306032484973,-98.34662762667053,True,True,True,REYNOSA
UNIDAD REYNOSA 1A.,01/01/2023,2023.0,HOMICIDIO,CULPOSO,REYNOSA,26.07831,-98.30316,26.07831,-98.30316,True,True,True,REYNOSA
UNIDAD REYNOSA 1A.,01/01/2023,2023.0,HOMICIDIO,CULPOSO,REYNOSA,26.08253,-98.30237,26.08253,-98.30237,True,True,True,REYNOSA
UNIDAD REYNOSA 3A.,01/02/2019,2019.0,LESIONES,CULPOSO,REYNOSA,26.0315365,98.31448,26.0315365,-98.31448,True,True,True,REYNOSA
UNIDAD REYNOSA 1A.,01/02/2020,2020.0,LESIONES,CULPOSO,REYNOSA,26.030729987312533,98.39908718571856,26.030729987312533,-98.39908718571856,True,True,True,REYNOSA
UNIDAD REYNOSA 2A.,01/02/2021,2021.0,HOMICIDIO,CULPOSO,REYNOSA,26.07423484686004,-98.28304047469592,26.07423484686004,-98.28304047469592,True,True,True,REYNOSA
UNIDAD REYNOSA 1A.,01/02/2022,2022.0,HOMICIDIO,CULPOSO,REYNOSA,26.099645073598495,-98.31108696063251,26.09964507359849,-98.31108696063252,True,True,True,REYNOSA
UNIDAD REYNOSA 1A.,01/02/2022,2022.0,HOMICIDIO,CULPOSO,REYNOSA,26.0095863106933,-98.24843028979554,26.0095863106933,-98.24843028979554,True,True,True,REYNOSA
UNIDAD REYNOSA 2A.,01/03/2020,2020.0,LESIONES,CULPOSO,REYNOSA,26.074309809482916,-98.37219343340169,26.07430980948292,-98.37219343340168,True,True,True,REYNOSA
UNIDAD REYNOSA 2A.,01/03/2021,2021.0,HOMICIDIO,CULPOSO,REYNOSA,26.082604782981516,-98.30237127445129,26.08260478298152,-98.30237127445127,True,True,True,REYNOSA
UNIDAD REYNOSA 2A.,01/04/2019,2019.0,LESIONES,CULPOSO,REYNOSA,26.07763,-98.30775,26.07763,-98.30775,True,True,True,REYNOSA
UNIDAD REYNOSA 2A.,01/04/2022,2022.0,LESIONES,CULPOSO,REYNOSA,26.055901,-98.296873,26.055901,-98.296873,True,True,True,REYNOSA
UNIDAD REYNOSA 2A.,01/04/2023,2023.0,HOMICIDIO,CULPOSO,REYNOSA,25.782388594826475,-99.28883557488463,25.782388594826475,-99.28883557488464,True,False,False,REYNOSA
UNIDAD REYNOSA 3A.,01/05/2019,2019.0,LESIONES,CULPOSO,REYNOSA,26.0845575,98.28546,26.0845575,-98.28546,True,True,True,REYNOSA
UNIDAD REYNOSA 2A.,01/05/2022,2022.0,LESIONES,CULPOSO,REYNOSA,26.044826229788725,-98.31035956000824,26.044826229788725,-98.31035956000824,True,True,True,REYNOSA
UNIDAD REYNOSA 2A.,01/05/2022,2022.0,HOMICIDIO,CULPOSO,REYNOSA,26.0553914,-98.3018252,26.0553914,-98.3018252,True,True,True,REYNOSA
UNIDAD REYNOSA 3A.,01/06/2019,2019.0,LESIONES,CULPOSO,REYNOSA,26.0823687,98.30495,26.0823687,-98.30495,True,True,True,REYNOSA
UNIDAD REYNOSA 3A.,01/06/2019,2019.0,LESIONES,CULPOSO,REYNOSA,26.0823687,98.30495,26.0823687,-98.30495,True,True,True,REYNOSA
UNIDAD REYNOSA 3A.,01/06/2023,2023.0,LESIONES,CULPOSO,REYNOSA,26.0856547,98.34379,26.0856547,-98.34379,True,True,True,REYNOSA
UNIDAD REYNOSA 2A.,01/07/2020,2020.0,HOMICIDIO,CULPOSO,REYNOSA,26.0666998,-98.32238,26.0666998,-98.32238,True,True,True,REYNOSA
UNIDAD REYNOSA 3A.,01/07/2023,2023.0,HOMICIDIO,CULPOSO,REYNOSA,26.0699227,98.36280,26.0699227,-98.3628,True,True,True,REYNOSA
UNIDAD REYNOSA 2A.,01/08/2019,2019.0,LESIONES,CULPOSO,REYNOSA,26.055189515700217,-98.28480780432407,26.055189515700217,-98.28480780432407,True,True,True,REYNOSA
UNIDAD REYNOSA 2A.,01/08/2020,2020.0,LESIONES,CULPOSO,REYNOSA,26.039794,-98.337871,26.039794,-98.337871,True,True,True,REYNOSA
UNIDAD REYNOSA 3A.,01/08/2022,2022.0,HOMICIDIO,CULPOSO,REYNOSA,26.0914521,98.36162,26.0914521,-98.36162,True,False,True,REYNOSA
UNIDAD REYNOSA 2A.,01/08/2023,2023.0,HOMICIDIO,CULPOSO,REYNOSA,26.14844,98.34450,26.14844,-98.3445,True,False,True,REYNOSA
UNIDAD REYNOSA 3A.,01/09/2019,2019.0,HOMICIDIO,CULPOSO,REYNOSA,26.035722138925397,-98.21533420566693,26.0357221389254,-98.21533420566692,True,True,True,REYNOSA
UNIDAD REYNOSA 2A.,01/09/2021,2021.0,LESIONES,CULPOSO,REYNOSA,25.9694614,-98.2653242,25.9694614,-98.2653242,True,True,True,REYNOSA
UNIDAD REYNOSA 3A.,01/10/2023,2023.0,LESIONES,CULPOSO,REYNOSA,26.090915,-98.28180,26.090915,-98.2818,True,True,True,REYNOSA
UNIDAD REYNOSA 3A.,01/10/2023,2023.0,HOMICIDIO,CULPOSO,REYNOSA,26.059457,-98.30615,26.059457,-98.30615,True,True,True,REYNOSA
UNIDAD REYNOSA 2A.,01/11/2020,2020.0,HOMICIDIO,CULPOSO,REYNOSA,26.051609,-98.29927,26.051609,-98.29927,True,True,True,REYNOSA
UNIDAD REYNOSA 2A.,01/11/2020,2020.0,HOMICIDIO,CULPOSO,REYNOSA,26.055054,-98.40808,26.055054,-98.40808,True,True,True,REYNOSA
UNIDAD REYNOSA 2A.,02/01/2023,2023.0,HOMICIDIO,CULPOSO,REYNOSA,26.14623238509371,-98.34612402467606,26.14623238509371,-98.34612402467606,True,False,True,REYNOSA
UNIDAD REYNOSA 2A.,02/02/2021,2021.0,LESIONES,CULPOSO,REYNOSA,26.06626437081445,98.34111425538757,26.06626437081445,-98.34111425538757,True,True,True,REYNOSA
UNIDAD REYNOSA 2A.,02/02/2021,2021.0,HOMICIDIO,CULPOSO,REYNOSA,26.089695951169528,-98.29851292856333,26.089695951169528,-98.29851292856333,True,True,True,REYNOSA
UNIDAD REYNOSA 2A.,02/02/2021,2021.0,HOMICIDIO,CULPOSO,REYNOSA,25.943346,-98.262988,25.943346,-98.262988,True,True,False,REYNOSA
UNIDAD REYNOSA 2A.,02/02/2021,2021.0,HOMICIDIO,CULPOSO,REYNOSA,26.08251805694215,-98.30233908794433,26.08251805694215,-98.30233908794432,True,True,True,REYNOSA
UNIDAD REYNOSA 2A.,02/03/2020,2020.0,LESIONES,CULPOSO,REYNOSA,26.08202660807697,-98.3021137827388,26.08202660807697,-98.3021137827388,True,True,True,REYNOSA
UNIDAD REYNOSA 2A.,02/03/2020,2020.0,LESIONES,CULPOSO,REYNOSA,26.019877444755263,98.39133293555935,26.019877444755263,-98.39133293555936,True,True,True,REYNOSA
UNIDAD REYNOSA 2A.,02/03/2022,2022.0,LESIONES,CULPOSO,REYNOSA,26.06089389413799,98.35621789543248,26.06089389413799,-98.35621789543248,True,True,True,REYNOSA
UNIDAD REYNOSA 2A.,02/04/2022,2022.0,HOMICIDIO,CULPOSO,REYNOSA,26.072639863210668,98.3490281272696,26.072639863210668,-98.3490281272696,True,True,True,REYNOSA
UNIDAD REYNOSA 2A.,02/04/2022,2022.0,HOMICIDIO,CULPOSO,REYNOSA,26.07301088878929,98.34875185975142,26.07301088878929,-98.34875185975142,True,True,True,REYNOSA
UNIDAD REYNOSA 2A.,02/04/2023,2023.0,HOMICIDIO,CULPOSO,REYNOSA,25.98345,-98.274487,25.98345,-98.274487,True,True,True,REYNOSA
UNIDAD REYNOSA 2A.,02/05/2021,2021.0,HOMICIDIO,CULPOSO,REYNOSA,26.055589084623538,98.29696503246664,26.05558908462353,-98.29696503246664,True,True,True,REYNOSA
UNIDAD REYNOSA 2A.,02/05/2022,2022.0,HOMICIDIO,CULPOSO,REYNOSA,26.068215478805534,-98.33618842977046,26.06821547880553,-98.33618842977046,True,True,True,REYNOSA
UNIDAD REYNOSA 2A.,02/07/2019,2019.0,LESIONES,CULPOSO,REYNOSA,25.99209153561771,-98.27322144360677,25.99209153561771,-98.27322144360676,True,True,True,REYNOSA
UNIDAD REYNOSA 2A.,02/08/2022,2022.0,HOMICIDIO,CULPOSO,REYNOSA,26.0080851,-98.2815241,26.0080851,-98.2815241,True,True,True,REYNOSA
UNIDAD REYNOSA 2A.,02/08/2022,2022.0,LESIONES,CULPOSO,REYNOSA,26.0666998,-98.32238,26.0666998,-98.32238,True,True,True,REYNOSA
UNIDAD REYNOSA 3A.,02/09/2019,2019.0,LESIONES,CULPOSO,REYNOSA,26.043005114357385,-98.31153811912888,26.043005114357385,-98.31153811912888,True,True,True,REYNOSA
UNIDAD REYNOSA 3A.,02/09/2019,2019.0,HOMICIDIO,CULPOSO,REYNOSA,26.205940348263155,-98.50385475849195,26.205940348263155,-98.50385475849195,True,False,False,REYNOSA
UNIDAD REYNOSA 1A.,02/09/2019,2019.0,HOMICIDIO,CULPOSO,REYNOSA,26.08259514665679,-98.30238200296229,26.08259514665679,-98.30238200296228,True,True,True,REYNOSA
UNIDAD REYNOSA 2A.,02/10/2022,2022.0,HOMICIDIO,CULPOSO,REYNOSA,26.042080987703994,-98.39844812741237,26.042080987704,-98.39844812741237,True,False,True,REYNOSA
UNIDAD REYNOSA 1A.,02/11/2019,2019.0,HOMICIDIO,CULPOSO,REYNOSA,26.03200,-98.27744,26.032,-98.27744,True,True,True,REYNOSA
UNIDAD REYNOSA 2A.,02/11/2020,2020.0,HOMICIDIO,CULPOSO,REYNOSA,26.085651,-98.30121,26.085651,-98.30121,True,True,True,REYNOSA
UNIDAD REYNOSA 2A.,02/11/2020,2020.0,LESIONES,CULPOSO,REYNOSA,26.00921896251042,-98.1874844845811,26.00921896251042,-98.1874844845811,True,True,False,REYNOSA
ATENCION INMEDIATA EN REYNOSA,02/12/2019,2019.0,LESIONES,CULPOSO,REYNOSA,26.039108437159854,-98.35101485252382,26.03910843715985,-98.35101485252382,True,True,True,REYNOSA
UNIDAD REYNOSA 1A.,03/01/2021,2021.0,LESIONES,CULPOSO,REYNOSA,26.7759009,98.2546612,26.7759009,-98.2546612,True,False,False,REYNOSA
UNIDAD REYNOSA 2A.,03/01/2023,2023.0,LESIONES,CULPOSO,REYNOSA,26.055429007877574,-98.32827478837022,26.05542900787757,-98.32827478837022,True,True,True,REYNOSA
UNIDAD REYNOSA 3A.,03/03/2020,2020.0,HOMICIDIO,CULPOSO,REYNOSA,26.0508681,98.36524,26.0508681,-98.36524,True,True,True,REYNOSA
UNIDAD REYNOSA 3A.,03/03/2020,2020.0,HOMICIDIO,CULPOSO,REYNOSA,26.0412422,98.30155,26.0412422,-98.30155,True,True,True,REYNOSA
UNIDAD REYNOSA 3A.,03/03/2020,2020.0,HOMICIDIO,CULPOSO,REYNOSA,26.045677,98.316408,26.045677,-98.316408,True,True,True,REYNOSA
UNIDAD REYNOSA 2A.,03/03/2020,2020.0,LESIONES,CULPOSO,REYNOSA,26.082489148153137,98.3024249189729,26.082489148153137,-98.3024249189729,True,True,True,REYNOSA
UNIDAD REYNOSA 2A.,03/04/2022,2022.0,HOMICIDIO,CULPOSO,REYNOSA,26.056062030117165,98.30220801897359,26.056062030117165,-98.3022080189736,True,True,True,REYNOSA
UNIDAD REYNOSA 3A.,03/05/2022,2022.0,LESIONES,CULPOSO,REYNOSA,26.0553914,98.30182,26.0553914,-98.30182,True,True,True,REYNOSA
UNIDAD REYNOSA 3A.,03/05/2022,2022.0,HOMICIDIO,CULPOSO,REYNOSA,26.0002905,98.27820,26.0002905,-98.2782,True,True,True,REYNOSA
UNIDAD REYNOSA 3A.,03/07/2022,2022.0,LESIONES,CULPOSO,REYNOSA,26.0553867,98.29952,26.0553867,-98.29952,True,True,True,REYNOSA
UNIDAD REYNOSA 2A.,03/07/2023,2023.0,LESIONES,CULPOSO,REYNOSA,26.052207,-98.34843,26.052207,-98.34843,True,True,True,REYNOSA
UNIDAD REYNOSA 2A.,03/08/2021,2021.0,HOMICIDIO,CULPOSO,REYNOSA,26.0432044,-98.30700,26.0432044,-98.307,True,True,True,REYNOSA
UNIDAD REYNOSA 2A.,03/08/2023,2023.0,HOMICIDIO,CULPOSO,REYNOSA,26.125517,98.351204,26.125517,-98.351204,True,False,True,REYNOSA
UNIDAD REYNOSA 1A.,03/09/2019,2019.0,HOMICIDIO,CULPOSO,REYNOSA,26.051192817061512,-98.37974644006557,26.051192817061512,-98.37974644006556,True,True,True,REYNOSA
UNIDAD REYNOSA 3A.,03/09/2023,2023.0,HOMICIDIO,CULPOSO,REYNOSA,26.02556488040003,-98.24968167876621,26.02556488040003,-98.2496816787662,True,True,True,REYNOSA
UNIDAD REYNOSA 1A.,03/10/2023,2023.0,LESIONES,CULPOSO,REYNOSA,26.08962,-98.33256,26.08962,-98.33256,True,True,True,REYNOSA
UNIDAD REYNOSA 1A.,03/10/2023,2023.0,LESIONES,CULPOSO,REYNOSA,26.07070,-98.41485,26.0707,-98.41485,True,True,True,REYNOSA
UNIDAD REYNOSA 1A.,03/11/2019,2019.0,HOMICIDIO,CULPOSO,REYNOSA,26.05552,-98.29697,26.05552,-98.29697,True,True,True,REYNOSA
UNIDAD REYNOSA 2A.,04/01/2020,2020.0,HOMICIDIO,CULPOSO,REYNOSA,26.110692987543313,98.32991908828697,26.11069298754332,-98.32991908828696,True,True,True,REYNOSA
ATENCION INMEDIATA EN REYNOSA,04/01/2021,2021.0,LESIONES,CULPOSO,REYNOSA,26.037076707182212,-98.298260218658,26.03707670718221,-98.298260218658,True,True,True,REYNOSA
ATENCION INMEDIATA EN REYNOSA,04/01/2022,2022.0,LESIONES,CULPOSO,REYNOSA,26.058570785716494,-98.32038402557374,26.05857078571649,-98.32038402557374,True,True,True,REYNOSA
UNIDAD REYNOSA 2A.,04/02/2023,2023.0,LESIONES,CULPOSO,REYNOSA,26.002852217048776,-98.27619618975667,26.002852217048776,-98.27619618975667,True,True,True,REYNOSA
UNIDAD REYNOSA 2A.,04/02/2023,2023.0,HOMICIDIO,CULPOSO,REYNOSA,26.003610721692546,-98.29751572828444,26.003610721692542,-98.29751572828444,True,False,True,REYNOSA
UNIDAD REYNOSA 3A.,04/03/2019,2019.0,LESIONES,CULPOSO,REYNOSA,26.0885174,98.28766,26.0885174,-98.28766,True,True,True,REYNOSA
UNIDAD REYNOSA 3A.,04/04/2019,2019.0,LESIONES,CULPOSO,REYNOSA,26.047707,-98.42454,26.047707,-98.42454,True,False,True,REYNOSA
UNIDAD REYNOSA 3A.,04/05/2019,2019.0,LESIONES,CULPOSO,REYNOSA,26.035264,-98.25915,26.035264,-98.25915,True,True,True,REYNOSA
UNIDAD REYNOSA 3A.,04/05/2019,2019.0,HOMICIDIO,CULPOSO,REYNOSA,26.056810,-98.39483,26.05681,-98.39483,True,False,True,REYNOSA
UNIDAD REYNOSA 3A.,04/05/2022,2022.0,HOMICIDIO,CULPOSO,REYNOSA,26.0504614,98.38198,26.0504614,-98.38198,True,True,True,REYNOSA
ATENCION INMEDIATA EN REYNOSA,04/05/2022,2022.0,LESIONES,CULPOSO,REYNOSA,26.066400120938575,-98.33556671651444,26.06640012093857,-98.33556671651444,True,True,True,REYNOSA
UNIDAD REYNOSA 3A.,04/05/2023,2023.0,LESIONES,CULPOSO,REYNOSA,26.033854,98.312008,26.033854,-98.312008,True,True,True,REYNOSA
UNIDAD REYNOSA 2A.,04/06/2019,2019.0,LESIONES,CULPOSO,REYNOSA,26.09135053870393,-98.29115867614746,26.09135053870393,-98.29115867614746,True,True,True,REYNOSA
UNIDAD REYNOSA 3A.,04/06/2022,2022.0,HOMICIDIO,CULPOSO,REYNOSA,26.0777129,98.32706,26.0777129,-98.32706,True,True,True,REYNOSA
UNIDAD REYNOSA 3A.,04/06/2023,2023.0,HOMICIDIO,CULPOSO,REYNOSA,26.0212207,98.2766128,26.0212207,-98.2766128,True,True,True,REYNOSA
UNIDAD REYNOSA 3A.,04/07/2021,2021.0,LESIONES,CULPOSO,REYNOSA,25.9690507,98.26903,25.9690507,-98.26903,True,True,True,REYNOSA
UNIDAD REYNOSA 3A.,04/07/2021,2021.0,HOMICIDIO,CULPOSO,REYNOSA,26.0100902,98.38790,26.0100902,-98.3879,True,True,True,REYNOSA
UNIDAD REYNOSA 2A.,04/08/2021,2021.0,HOMICIDIO,CULPOSO,REYNOSA,26.0545569,-98.30463,26.0545569,-98.30463,True,True,True,REYNOSA
UNIDAD REYNOSA 2A.,04/08/2022,2022.0,LESIONES,CULPOSO,REYNOSA,26.085892,-98.2898631,26.085892,-98.2898631,True,True,True,REYNOSA
UNIDAD REYNOSA 2A.,04/08/2023,2023.0,LESIONES,CULPOSO,REYNOSA,26.110012399300167,-98.34489627056949,26.110012399300167,-98.34489627056948,True,False,True,REYNOSA
UNIDAD REYNOSA 2A.,04/08/2023,2023.0,LESIONES,CULPOSO,REYNOSA,26.012437,-98.25362,26.012437,-98.25362,True,True,True,REYNOSA
UNIDAD REYNOSA 2A.,04/09/2020,2020.0,HOMICIDIO,CULPOSO,REYNOSA,26.0848266,-98.3038251,26.0848266,-98.3038251,True,True,True,REYNOSA
UNIDAD REYNOSA 3A.,04/09/2022,2022.0,HOMICIDIO,CULPOSO,REYNOSA,26.0553963,-98.3021041,26.0553963,-98.3021041,True,True,True,REYNOSA
UNIDAD REYNOSA 2A.,04/09/2022,2022.0,LESIONES,CULPOSO,REYNOSA,26.0558433,-98.34649,26.0558433,-98.34649,True,True,True,REYNOSA
UNIDAD REYNOSA 2A.,04/09/2022,2022.0,HOMICIDIO,CULPOSO,REYNOSA,25.9716046,-98.31716,25.9716046,-98.31716,True,False,True,REYNOSA
UNIDAD REYNOSA 3A.,04/09/2023,2023.0,LESIONES,CULPOSO,REYNOSA,26.02404,98.24292,26.02404,-98.24292,True,True,True,REYNOSA
UNIDAD REYNOSA 1A.,04/09/2023,2023.0,LESIONES,CULPOSO,REYNOSA,26.06139,-98.26302,26.06139,-98.26302,True,True,True,REYNOSA
UNIDAD REYNOSA 2A.,04/10/2021,2021.0,HOMICIDIO,CULPOSO,REYNOSA,25.746258218829073,-98.38018305406987,25.74625821882908,-98.38018305406987,True,False,False,REYNOSA
UNIDAD REYNOSA 2A.,04/12/2019,2019.0,LESIONES,CULPOSO,REYNOSA,25.996411210146594,98.25483564257111,25.9964112101466,-98.25483564257112,True,True,True,REYNOSA
UNIDAD REYNOSA 2A.,04/12/2023,2023.0,LESIONES,CULPOSO,REYNOSA,26.0927062,-98.2745789,26.0927062,-98.2745789,True,True,True,REYNOSA
UNIDAD REYNOSA 2A.,05/01/2019,2019.0,HOMICIDIO,CULPOSO,REYNOSA,26.04715,-98.29862,26.04715,-98.29862,True,True,True,REYNOSA
UNIDAD REYNOSA 2A.,05/01/2020,2020.0,LESIONES,CULPOSO,REYNOSA,26.036084133272283,98.26949338415287,26.036084133272283,-98.26949338415288,True,True,True,REYNOSA
UNIDAD REYNOSA 3A.,05/02/2020,2020.0,LESIONES,CULPOSO,REYNOSA,26.0495957,98.32144,26.0495957,-98.32144,True,True,True,REYNOSA
UNIDAD REYNOSA 2A.,05/02/2023,2023.0,HOMICIDIO,CULPOSO,REYNOSA,26.173965250233042,-98.43661950016576,26.17396525023304,-98.43661950016576,True,False,True,REYNOSA
UNIDAD REYNOSA 2A.,05/02/2023,2023.0,LESIONES,CULPOSO,REYNOSA,26.046991581714767,-98.33529335972914,26.046991581714767,-98.33529335972914,True,True,True,REYNOSA
UNIDAD REYNOSA 2A.,05/03/2022,2022.0,HOMICIDIO,CULPOSO,REYNOSA,26.095841222380717,98.28176220112545,26.09584122238072,-98.28176220112545,True,True,True,REYNOSA
UNIDAD REYNOSA 3A.,05/04/2019,2019.0,LESIONES,CULPOSO,REYNOSA,26.0553914,98.30182,26.0553914,-98.30182,True,True,True,REYNOSA
UNIDAD REYNOSA 3A.,05/04/2020,2020.0,HOMICIDIO,CULPOSO,REYNOSA,26.0290328,98.28110,26.0290328,-98.2811,True,True,True,REYNOSA
UNIDAD REYNOSA 2A.,05/04/2021,2021.0,LESIONES,CULPOSO,REYNOSA,26.020362551871138,98.39550040792959,26.020362551871138,-98.3955004079296,True,True,True,REYNOSA
UNIDAD REYNOSA 2A.,05/04/2021,2021.0,LESIONES,CULPOSO,REYNOSA,26.055618000053084,-98.29694357445193,26.055618000053084,-98.29694357445192,True,True,True,REYNOSA
UNIDAD REYNOSA 3A.,05/04/2022,2022.0,LESIONES,CULPOSO,REYNOSA,26.0553867,-98.29952,26.0553867,-98.29952,True,True,True,REYNOSA
UNIDAD REYNOSA 3A.,05/04/2022,2022.0,LESIONES,CULPOSO,REYNOSA,26.0553867,-98.29952,26.0553867,-98.29952,True,True,True,REYNOSA
UNIDAD REYNOSA 3A.,05/05/2019,2019.0,LESIONES,CULPOSO,REYNOSA,26.08043,-98.308377,26.08043,-98.308377,True,True,True,REYNOSA
UNIDAD REYNOSA 3A.,05/05/2019,2019.0,LESIONES,CULPOSO,REYNOSA,26.057232,-98.31987,26.057232,-98.31987,True,True,True,REYNOSA
UNIDAD REYNOSA 3A.,05/05/2019,2019.0,LESIONES,CULPOSO,REYNOSA,26.045573,-98.41882,26.045573,-98.41882,True,False,True,REYNOSA
ATENCION INMEDIATA EN REYNOSA,05/05/2022,2022.0,LESIONES,CULPOSO,REYNOSA,26.049650472472337,-98.37615275323664,26.049650472472337,-98.37615275323664,True,True,True,REYNOSA
UNIDAD REYNOSA 3A.,05/05/2023,2023.0,HOMICIDIO,CULPOSO,REYNOSA,26.0390928,98.31293,26.0390928,-98.31293,True,True,True,REYNOSA
ATENCION INMEDIATA EN REYNOSA,05/06/2019,2019.0,LESIONES,CULPOSO,REYNOSA,26.026402490672726,-98.27829480171204,26.026402490672726,-98.27829480171204,True,True,True,REYNOSA
UNIDAD REYNOSA 3A.,05/06/2021,2021.0,HOMICIDIO,CULPOSO,REYNOSA,26.076563,-98.31847,26.076563,-98.31847,True,True,True,REYNOSA
UNIDAD REYNOSA 3A.,05/06/2022,2022.0,LESIONES,CULPOSO,REYNOSA,25.9369998,98.27112,25.9369998,-98.27112,True,False,False,REYNOSA
UNIDAD REYNOSA 2A.,05/07/2023,2023.0,LESIONES,CULPOSO,REYNOSA,26.057806,-98.27887,26.057806,-98.27887,True,True,True,REYNOSA
UNIDAD REYNOSA 2A.,05/07/2023,2023.0,HOMICIDIO,CULPOSO,REYNOSA,26.085562,-98.28208,26.085562,-98.28208,True,True,True,REYNOSA
UNIDAD REYNOSA 1A.,05/08/2019,2019.0,LESIONES,CULPOSO,REYNOSA,26.036901591211294,-98.28206527036639,26.036901591211294,-98.2820652703664,True,True,True,REYNOSA
ATENCION INMEDIATA EN REYNOSA,05/08/2020,2020.0,LESIONES,CULPOSO,REYNOSA,26.058846588757767,-98.28203594741204,26.058846588757767,-98.28203594741204,True,True,True,REYNOSA
UNIDAD REYNOSA 2A.,05/09/2020,2020.0,HOMICIDIO,CULPOSO,REYNOSA,26.0848266,-98.3038251,26.0848266,-98.3038251,True,True,True,REYNOSA
UNIDAD REYNOSA 2A.,05/09/2021,2021.0,LESIONES,CULPOSO,REYNOSA,26.5558,98.29698,26.5558,-98.29698,True,False,False,REYNOSA
UNIDAD REYNOSA 2A.,05/09/2022,2022.0,LESIONES,CULPOSO,REYNOSA,25.9952366,-98.32048,25.9952366,-98.32048,True,False,True,REYNOSA
ATENCION INMEDIATA EN REYNOSA,05/09/2023,2023.0,LESIONES,CULPOSO,REYNOSA,26.09492886893375,-98.28187823295595,26.09492886893375,-98.28187823295596,True,True,True,REYNOSA
UNIDAD REYNOSA 2A.,05/10/2020,2020.0,LESIONES,CULPOSO,REYNOSA,26.060045,-98.33797,26.060045,-98.33797,True,True,True,REYNOSA
UNIDAD REYNOSA 2A.,05/10/2020,2020.0,HOMICIDIO,CULPOSO,REYNOSA,26.04066320548954,-98.28685225785594,26.04066320548954,-98.28685225785594,True,True,True,REYNOSA
UNIDAD REYNOSA 1A.,05/10/2023,2023.0,LESIONES,CULPOSO,REYNOSA,26.08602,-98.27099,26.08602,-98.27099,True,True,True,REYNOSA
UNIDAD REYNOSA 2A.,05/12/2023,2023.0,LESIONES,CULPOSO,REYNOSA,26.009584,-98.247137,26.009584,-98.247137,True,True,True,REYNOSA
UNIDAD REYNOSA 2A.,05/12/2023,2023.0,HOMICIDIO,CULPOSO,REYNOSA,26.0553915,-98.2995292,26.0553915,-98.2995292,True,True,True,REYNOSA
UNIDAD REYNOSA 3A.,06/01/2019,2019.0,HOMICIDIO,CULPOSO,REYNOSA,26.0339962,98.38798,26.0339962,-98.38798,True,True,True,REYNOSA
UNIDAD REYNOSA 3A.,06/01/2020,2020.0,LESIONES,CULPOSO,REYNOSA,26.0454446,98.23838,26.0454446,-98.23838,True,True,True,REYNOSA
UNIDAD REYNOSA 2A.,06/01/2023,2023.0,HOMICIDIO,CULPOSO,REYNOSA,25.658995893856574,-98.24401874255756,25.658995893856574,-98.24401874255756,True,False,False,REYNOSA
UNIDAD REYNOSA 2A.,06/02/2021,2021.0,LESIONES,CULPOSO,REYNOSA,26.028907364345045,98.38410623142984,26.028907364345045,-98.38410623142984,True,True,True,REYNOSA
UNIDAD REYNOSA 2A.,06/02/2022,2022.0,HOMICIDIO,CULPOSO,REYNOSA,24.590722060340113,-98.06196535419065,24.59072206034012,-98.06196535419063,True,False,False,REYNOSA
UNIDAD REYNOSA 3A.,06/03/2019,2019.0,LESIONES,CULPOSO,REYNOSA,26.0122226,98.30545,26.0122226,-98.30545,True,True,True,REYNOSA
UNIDAD REYNOSA 2A.,06/03/2023,2023.0,HOMICIDIO,CULPOSO,REYNOSA,26.0963139,-98.2880651,26.0963139,-98.2880651,True,True,True,REYNOSA
ATENCION INMEDIATA EN REYNOSA,06/04/2021,2021.0,LESIONES,CULPOSO,REYNOSA,26.030988551770513,-98.22787038021403,26.03098855177052,-98.22787038021404,True,True,True,REYNOSA
UNIDAD REYNOSA 3A.,06/05/2019,2019.0,HOMICIDIO,CULPOSO,REYNOSA,26.0725656,98.3175495,26.0725656,-98.3175495,True,True,True,REYNOSA
UNIDAD REYNOSA 3A.,06/05/2021,2021.0,HOMICIDIO,CULPOSO,REYNOSA,26.054663,-98.34194,26.054663,-98.34194,True,True,True,REYNOSA
UNIDAD REYNOSA 1A.,06/05/2022,2022.0,HOMICIDIO,CULPOSO,REYNOSA,26.17478846602037,-98.43789757082436,26.17478846602037,-98.43789757082436,True,False,True,REYNOSA
UNIDAD REYNOSA 2A.,06/07/2022,2022.0,HOMICIDIO,CULPOSO,REYNOSA,26.0888803,-98.2872438,26.0888803,-98.2872438,True,True,True,REYNOSA
UNIDAD REYNOSA 2A.,06/07/2023,2023.0,HOMICIDIO,CULPOSO,REYNOSA,26.025066,-98.24702,26.025066,-98.24702,True,True,True,REYNOSA
UNIDAD REYNOSA 2A.,06/08/2021,2021.0,HOMICIDIO,CULPOSO,REYNOSA,26.00005,98.20018,26.00005,-98.20018,True,True,True,REYNOSA
ATENCION INMEDIATA EN REYNOSA,06/09/2022,2022.0,LESIONES,CULPOSO,REYNOSA,26.062643758451074,-98.37435811758043,26.06264375845108,-98.37435811758044,True,True,True,REYNOSA
UNIDAD REYNOSA 1A.,06/10/2020,2020.0,HOMICIDIO,CULPOSO,REYNOSA,26.1492627,98.3525313,26.1492627,-98.3525313,True,False,True,REYNOSA
UNIDAD REYNOSA 1A.,06/10/2021,2021.0,HOMICIDIO,CULPOSO,REYNOSA,26.076400538497776,-98.32611317630096,26.076400538497776,-98.32611317630096,True,True,True,REYNOSA
UNIDAD REYNOSA 1A.,06/10/2022,2022.0,LESIONES,CULPOSO,REYNOSA,26.06558,-98.27848,26.06558,-98.27848,True,True,True,REYNOSA
UNIDAD REYNOSA 1A.,06/10/2023,2023.0,LESIONES,CULPOSO,REYNOSA,26.06125,-98.26321,26.06125,-98.26321,True,True,True,REYNOSA
UNIDAD REYNOSA 3A.,06/12/2021,2021.0,LESIONES,CULPOSO,REYNOSA,26.0726428,-98.30699,26.0726428,-98.30699,True,True,True,REYNOSA
UNIDAD REYNOSA 2A.,06/12/2021,2021.0,LESIONES,CULPOSO,REYNOSA,26.06593371624497,-98.31506478033516,26.06593371624497,-98.31506478033516,True,True,True,REYNOSA
UNIDAD REYNOSA 2A.,06/12/2022,2022.0,HOMICIDIO,CULPOSO,REYNOSA,26.0942347,-98.3170815,26.0942347,-98.3170815,True,True,True,REYNOSA
ATENCION INMEDIATA EN REYNOSA,06/12/2022,2022.0,LESIONES,CULPOSO,REYNOSA,26.06369096814819,-98.31343173980714,26.06369096814819,-98.31343173980714,True,True,True,REYNOSA
UNIDAD REYNOSA 1A.,07/01/2019,2019.0,HOMICIDIO,CULPOSO,REYNOSA,25.99780306368236,-98.20201667254342,25.99780306368236,-98.20201667254342,True,True,True,REYNOSA
UNIDAD REYNOSA 2A.,07/01/2019,2019.0,LESIONES,CULPOSO,REYNOSA,26.01716,-98.25961,26.01716,-98.25961,True,True,True,REYNOSA
UNIDAD REYNOSA 2A.,07/01/2023,2023.0,HOMICIDIO,CULPOSO,REYNOSA,26.055820,-98.296921,26.05582,-98.296921,True,True,True,REYNOSA
UNIDAD REYNOSA 1A.,07/02/2020,2020.0,LESIONES,CULPOSO,REYNOSA,26.027492,98.356367,26.027492,-98.356367,True,True,True,REYNOSA
UNIDAD REYNOSA 2A.,07/02/2021,2021.0,LESIONES,CULPOSO,REYNOSA,26.04148569864408,-98.21498004301944,26.04148569864408,-98.21498004301944,True,True,True,REYNOSA
UNIDAD REYNOSA 2A.,07/02/2021,2021.0,LESIONES,CULPOSO,REYNOSA,26.082508953677436,-98.30240587996883,26.08250895367744,-98.30240587996884,True,True,True,REYNOSA
UNIDAD REYNOSA 2A.,07/02/2022,2022.0,HOMICIDIO,CULPOSO,REYNOSA,26.050400906807905,-98.38164294660842,26.050400906807905,-98.38164294660842,True,True,True,REYNOSA
UNIDAD REYNOSA 2A.,07/02/2022,2022.0,HOMICIDIO,CULPOSO,REYNOSA,26.011228746020862,-98.27691333418527,26.011228746020866,-98.27691333418528,True,True,True,REYNOSA
UNIDAD REYNOSA 3A.,07/02/2023,2023.0,LESIONES,CULPOSO,REYNOSA,26.0784218,98.30599,26.0784218,-98.30599,True,True,True,REYNOSA
UNIDAD REYNOSA 3A.,07/03/2019,2019.0,HOMICIDIO,CULPOSO,REYNOSA,26.0823687,98.30495,26.0823687,-98.30495,True,True,True,REYNOSA
UNIDAD REYNOSA 3A.,07/03/2020,2020.0,HOMICIDIO,CULPOSO,REYNOSA,26.06933,-98.365495,26.06933,-98.365495,True,True,True,REYNOSA
UNIDAD REYNOSA 3A.,07/04/2021,2021.0,HOMICIDIO,CULPOSO,REYNOSA,25.4631069,98.84296,25.4631069,-98.84296,True,False,False,REYNOSA
ATENCION INMEDIATA EN REYNOSA,07/04/2022,2022.0,LESIONES,CULPOSO,REYNOSA,26.02241629065636,-98.23777277796329,26.02241629065636,-98.23777277796329,True,True,True,REYNOSA
UNIDAD REYNOSA 3A.,07/04/2023,2023.0,HOMICIDIO,CULPOSO,REYNOSA,26.0553915,98.2995292,26.0553915,-98.2995292,True,True,True,REYNOSA
UNIDAD REYNOSA 1A.,07/05/2019,2019.0,LESIONES,CULPOSO,REYNOSA,26.055340941677592,-98.29626613075055,26.055340941677592,-98.29626613075057,True,True,True,REYNOSA
UNIDAD REYNOSA 3A.,07/05/2022,2022.0,HOMICIDIO,CULPOSO,REYNOSA,25.88707,-98.265000,25.88707,-98.265,True,False,False,REYNOSA
UNIDAD REYNOSA 3A.,07/05/2023,2023.0,LESIONES,CULPOSO,REYNOSA,26.0538084,98.37338,26.0538084,-98.37338,True,True,True,REYNOSA
UNIDAD REYNOSA 3A.,07/05/2023,2023.0,LESIONES,CULPOSO,REYNOSA,26.0525196,98.35947,26.0525196,-98.35947,True,True,True,REYNOSA
UNIDAD REYNOSA 2A.,07/06/2019,2019.0,LESIONES,CULPOSO,REYNOSA,26.080712459776148,-98.2815456390381,26.080712459776148,-98.2815456390381,True,True,True,REYNOSA
UNIDAD REYNOSA 2A.,07/06/2019,2019.0,LESIONES,CULPOSO,REYNOSA,26.090888033642337,-98.28669548034668,26.090888033642337,-98.28669548034668,True,True,True,REYNOSA
UNIDAD REYNOSA 1A.,07/06/2021,2021.0,LESIONES,CULPOSO,REYNOSA,26.08256,98.30233,26.08256,-98.30233,True,True,True,REYNOSA
UNIDAD REYNOSA 3A.,07/06/2022,2022.0,LESIONES,CULPOSO,REYNOSA,26.0885125,98.28996,26.0885125,-98.28996,True,True,True,REYNOSA
UNIDAD REYNOSA 1A.,07/06/2022,2022.0,HOMICIDIO,CULPOSO,REYNOSA,26.0878452,-98.27062,26.0878452,-98.27062,True,True,True,REYNOSA
UNIDAD REYNOSA 1A.,07/06/2022,2022.0,LESIONES,CULPOSO,REYNOSA,26.0848266,-98.3038251,26.0848266,-98.3038251,True,True,True,REYNOSA
UNIDAD REYNOSA 2A.,07/07/2019,2019.0,LESIONES,CULPOSO,REYNOSA,26.003577745897964,-98.31398493187568,26.003577745897964,-98.31398493187568,True,False,True,REYNOSA
UNIDAD REYNOSA 2A.,07/07/2021,2021.0,HOMICIDIO,CULPOSO,REYNOSA,26.0553963,-98.3021041,26.0553963,-98.3021041,True,True,True,REYNOSA
UNIDAD REYNOSA 2A.,07/07/2022,2022.0,HOMICIDIO,CULPOSO,REYNOSA,26.0160965,-98.3021041,26.0160965,-98.3021041,True,True,True,REYNOSA
ATENCION INMEDIATA EN REYNOSA,07/07/2022,2022.0,LESIONES,CULPOSO,REYNOSA,26.04172862641902,-98.41096222400667,26.04172862641902,-98.41096222400668,True,True,True,REYNOSA
UNIDAD REYNOSA 2A.,07/08/2021,2021.0,LESIONES,CULPOSO,REYNOSA,26.0512481,-98.30641,26.0512481,-98.30641,True,True,True,REYNOSA
UNIDAD REYNOSA 2A.,07/08/2023,2023.0,HOMICIDIO,CULPOSO,REYNOSA,26.055720,-98.297411,26.05572,-98.297411,True,True,True,REYNOSA
UNIDAD REYNOSA 1A.,07/09/2019,2019.0,LESIONES,CULPOSO,REYNOSA,26.02676,-98.29673,26.02676,-98.29673,True,True,True,REYNOSA
UNIDAD REYNOSA 2A.,07/09/2021,2021.0,LESIONES,CULPOSO,REYNOSA,26.05558,98.29698,26.05558,-98.29698,True,True,True,REYNOSA
UNIDAD REYNOSA 2A.,07/11/2019,2019.0,HOMICIDIO,CULPOSO,REYNOSA,25.989015099719712,98.20643303944443,25.989015099719712,-98.20643303944443,True,False,True,REYNOSA
UNIDAD REYNOSA 2A.,07/11/2019,2019.0,HOMICIDIO,CULPOSO,REYNOSA,25.93724582956208,98.26849053062006,25.93724582956208,-98.26849053062006,True,False,False,REYNOSA
UNIDAD REYNOSA 1A.,07/11/2020,2020.0,HOMICIDIO,CULPOSO,REYNOSA,26.06324166885294,-98.32608279164387,26.06324166885294,-98.32608279164388,True,True,True,REYNOSA
UNIDAD REYNOSA 2A.,07/12/2022,2022.0,HOMICIDIO,CULPOSO,REYNOSA,26.012251,-98.195854,26.012251,-98.195854,True,True,False,REYNOSA
UNIDAD REYNOSA 2A.,08/01/2021,2021.0,LESIONES,CULPOSO,REYNOSA,26.055560169376275,-98.296632438218,26.055560169376275,-98.296632438218,True,True,True,REYNOSA
UNIDAD REYNOSA 2A.,08/01/2021,2021.0,HOMICIDIO,CULPOSO,REYNOSA,25.785471844722302,-99.28855929127002,25.785471844722306,-99.28855929127002,True,False,False,REYNOSA
UNIDAD REYNOSA 2A.,08/01/2023,2023.0,HOMICIDIO,CULPOSO,REYNOSA,26.017217434846835,-98.25949205748776,26.017217434846835,-98.25949205748776,True,True,True,REYNOSA
UNIDAD REYNOSA 3A.,08/02/2020,2020.0,HOMICIDIO,CULPOSO,REYNOSA,26.050874,-98.31839,26.050874,-98.31839,True,True,True,REYNOSA
UNIDAD REYNOSA 3A.,08/02/2023,2023.0,LESIONES,CULPOSO,REYNOSA,26.0388626,98.35563,26.0388626,-98.35563,True,True,True,REYNOSA
UNIDAD REYNOSA 3A.,08/02/2023,2023.0,LESIONES,CULPOSO,REYNOSA,26.0745184,98.28557,26.0745184,-98.28557,True,True,True,REYNOSA
ATENCION INMEDIATA EN REYNOSA,08/02/2023,2023.0,LESIONES,CULPOSO,REYNOSA,26.07910700550049,-98.3000716032263,26.07910700550049,-98.3000716032263,True,True,True,REYNOSA
UNIDAD REYNOSA 3A.,08/03/2021,2021.0,HOMICIDIO,CULPOSO,REYNOSA,26.092521,-98.31591,26.092521,-98.31591,True,True,True,REYNOSA
UNIDAD REYNOSA 3A.,08/03/2022,2022.0,LESIONES,CULPOSO,REYNOSA,25.9369998,98.27112,25.9369998,-98.27112,True,False,False,REYNOSA
UNIDAD REYNOSA 3A.,08/03/2023,2023.0,LESIONES,CULPOSO,REYNOSA,26.0559813,98.3319503,26.0559813,-98.3319503,True,True,True,REYNOSA
ATENCION INMEDIATA EN REYNOSA,08/03/2023,2023.0,LESIONES,CULPOSO,REYNOSA,26.02835775839179,-98.25642406940462,26.02835775839179,-98.25642406940462,True,True,True,REYNOSA
UNIDAD REYNOSA 1A.,08/05/2020,2020.0,LESIONES,CULPOSO,REYNOSA,26.054488492409906,-98.29219997236912,26.054488492409902,-98.29219997236912,True,True,True,REYNOSA
UNIDAD REYNOSA 1A.,08/05/2020,2020.0,HOMICIDIO,CULPOSO,REYNOSA,26.0553963,-98.3021041,26.0553963,-98.3021041,True,True,True,REYNOSA
UNIDAD REYNOSA 3A.,08/05/2021,2021.0,HOMICIDIO,CULPOSO,REYNOSA,26.0823687,98.30495,26.0823687,-98.30495,True,True,True,REYNOSA
UNIDAD REYNOSA 2A.,08/06/2019,2019.0,HOMICIDIO,CULPOSO,REYNOSA,26.05677705175766,-98.3637167151143,26.05677705175766,-98.3637167151143,True,True,True,REYNOSA
UNIDAD REYNOSA 1A.,08/06/2021,2021.0,HOMICIDIO,CULPOSO,REYNOSA,26.055951,-98.29695,26.055951,-98.29695,True,True,True,REYNOSA
UNIDAD REYNOSA 2A.,08/06/2023,2023.0,LESIONES,CULPOSO,REYNOSA,26.06915,98.27445,26.06915,-98.27445,True,True,True,REYNOSA
UNIDAD REYNOSA 2A.,08/07/2019,2019.0,HOMICIDIO,CULPOSO,REYNOSA,26.03464750629564,-98.29691186974127,26.03464750629564,-98.29691186974128,True,True,True,REYNOSA
UNIDAD REYNOSA 2A.,08/07/2021,2021.0,HOMICIDIO,CULPOSO,REYNOSA,26.105625910127866,-98.33122185234869,26.105625910127863,-98.33122185234868,True,True,True,REYNOSA
UNIDAD REYNOSA 2A.,08/07/2023,2023.0,LESIONES,CULPOSO,REYNOSA,26.06295608512985,-98.25757741928102,26.06295608512985,-98.25757741928102,True,True,True,REYNOSA
UNIDAD REYNOSA 1A.,08/09/2019,2019.0,LESIONES,CULPOSO,REYNOSA,26.04896,-98.28969,26.04896,-98.28969,True,True,True,REYNOSA
UNIDAD REYNOSA 1A.,08/10/2020,2020.0,LESIONES,CULPOSO,REYNOSA,26.077901977160824,98.31207946117897,26.077901977160824,-98.31207946117895,True,True,True,REYNOSA
UNIDAD REYNOSA 2A.,08/11/2019,2019.0,LESIONES,CULPOSO,REYNOSA,26.011964772896736,98.21312280447532,26.011964772896736,-98.21312280447532,True,True,True,REYNOSA
UNIDAD REYNOSA 2A.,08/11/2021,2021.0,LESIONES,CULPOSO,REYNOSA,26.110013583691785,-98.29460527104328,26.110013583691785,-98.29460527104328,True,True,True,REYNOSA
UNIDAD REYNOSA 2A.,08/11/2022,2022.0,LESIONES,CULPOSO,REYNOSA,26.008940592716485,98.15655463535033,26.008940592716485,-98.15655463535032,True,False,False,REYNOSA
UNIDAD 1 ADOLESCENTES REYNOSA,08/11/2023,2023.0,LESIONES,CULPOSO,REYNOSA,26.091021039093697,-98.33576856741978,26.091021039093697,-98.33576856741978,True,True,True,REYNOSA
UNIDAD REYNOSA 2A.,08/11/2023,2023.0,LESIONES,CULPOSO,REYNOSA,26.085024048273237,98.32522621550596,26.08502404827324,-98.32522621550596,True,True,True,REYNOSA
UNIDAD REYNOSA 2A.,08/12/2021,2021.0,HOMICIDIO,CULPOSO,REYNOSA,26.065759711772955,-98.34259930350888,26.065759711772955,-98.34259930350888,True,True,True,REYNOSA
UNIDAD REYNOSA 2A.,08/12/2022,2022.0,HOMICIDIO,CULPOSO,REYNOSA,26.04168,-98.21808,26.04168,-98.21808,True,True,True,REYNOSA
UNIDAD REYNOSA 2A.,08/12/2022,2022.0,HOMICIDIO,CULPOSO,REYNOSA,25.7787903,-98.419978,25.7787903,-98.419978,True,False,False,REYNOSA
UNIDAD REYNOSA 2A.,09/01/2021,2021.0,HOMICIDIO,CULPOSO,REYNOSA,26.014561,-98.354855,26.014561,-98.354855,True,False,True,REYNOSA
UNIDAD REYNOSA 3A.,09/01/2023,2023.0,LESIONES,CULPOSO,REYNOSA,26.0888359,98.28158,26.0888359,-98.28158,True,True,True,REYNOSA
UNIDAD REYNOSA 3A.,09/02/2019,2019.0,HOMICIDIO,CULPOSO,REYNOSA,26.0572729,98.43888,26.0572729,-98.43888,True,False,True,REYNOSA
UNIDAD REYNOSA 3A.,09/02/2020,2020.0,LESIONES,CULPOSO,REYNOSA,26.0551312,98.2989901,26.0551312,-98.2989901,True,True,True,REYNOSA
UNIDAD REYNOSA 3A.,09/02/2022,2022.0,HOMICIDIO,CULPOSO,REYNOSA,26.082363,-98.30495,26.082363,-98.30495,True,True,True,REYNOSA
UNIDAD REYNOSA 1A.,09/03/2020,2020.0,LESIONES,CULPOSO,REYNOSA,26.0799953,-98.37264,26.0799953,-98.37264,True,True,True,REYNOSA
UNIDAD REYNOSA 2A.,09/03/2020,2020.0,LESIONES,CULPOSO,REYNOSA,26.004218,-98.259203,26.004218,-98.259203,True,True,True,REYNOSA
UNIDAD REYNOSA 3A.,09/03/2023,2023.0,LESIONES,CULPOSO,REYNOSA,26.0542599,98.4060213,26.0542599,-98.4060213,True,True,True,REYNOSA
UNIDAD REYNOSA 3A.,09/03/2023,2023.0,LESIONES,CULPOSO,REYNOSA,26.0517269,98.3876845,26.0517269,-98.3876845,True,True,True,REYNOSA
UNIDAD REYNOSA 3A.,09/04/2021,2021.0,HOMICIDIO,CULPOSO,REYNOSA,26.077814,-98.28555,26.077814,-98.28555,True,True,True,REYNOSA
UNIDAD REYNOSA 3A.,09/05/2021,2021.0,HOMICIDIO,CULPOSO,REYNOSA,26.0526124,98.30626,26.0526124,-98.30626,True,True,True,REYNOSA
UNIDAD REYNOSA 3A.,09/05/2021,2021.0,HOMICIDIO,CULPOSO,REYNOSA,26.2092947,98.46345,26.2092947,-98.46345,True,False,False,REYNOSA
UNIDAD REYNOSA 1A.,09/06/2020,2020.0,LESIONES,CULPOSO,REYNOSA,26.0508275,-98.297791,26.0508275,-98.297791,True,True,True,REYNOSA
UNIDAD REYNOSA 2A.,09/06/2022,2022.0,HOMICIDIO,CULPOSO,REYNOSA,26.1895091,-98.48923,26.1895091,-98.48923,True,False,False,REYNOSA
UNIDAD REYNOSA 2A.,09/06/2023,2023.0,HOMICIDIO,CULPOSO,REYNOSA,26.080597,-98.27032,26.080597,-98.27032,True,True,True,REYNOSA
UNIDAD REYNOSA 2A.,09/07/2023,2023.0,HOMICIDIO,CULPOSO,REYNOSA,26.02529,98.25138,26.02529,-98.25138,True,True,True,REYNOSA
UNIDAD REYNOSA 1A.,09/08/2019,2019.0,LESIONES,CULPOSO,REYNOSA,26.06613,-98.28760,26.06613,-98.2876,True,True,True,REYNOSA
UNIDAD REYNOSA 1A.,09/08/2019,2019.0,LESIONES,CULPOSO,REYNOSA,26.05780,-98.29206,26.0578,-98.29206,True,True,True,REYNOSA
UNIDAD REYNOSA 2A.,09/08/2021,2021.0,LESIONES,CULPOSO,REYNOSA,26.04539,98.38507,26.04539,-98.38507,True,True,True,REYNOSA
UNIDAD REYNOSA 2A.,09/09/2019,2019.0,LESIONES,CULPOSO,REYNOSA,26.055598277022632,-98.29695335379427,26.055598277022632,-98.29695335379428,True,True,True,REYNOSA
UNIDAD REYNOSA 1A.,09/09/2023,2023.0,LESIONES,CULPOSO,REYNOSA,26.055560110501208,-98.2969221357487,26.055560110501208,-98.2969221357487,True,True,True,REYNOSA
UNIDAD REYNOSA 1A.,09/09/2023,2023.0,HOMICIDIO,CULPOSO,REYNOSA,26.093049511853255,-98.27847671545135,26.09304951185325,-98.27847671545136,True,True,True,REYNOSA
ATENCION INMEDIATA EN REYNOSA,09/10/2020,2020.0,LESIONES,CULPOSO,REYNOSA,26.067004937814147,-98.25966066191972,26.067004937814147,-98.25966066191972,True,True,True,REYNOSA
UNIDAD REYNOSA 2A.,09/10/2023,2023.0,HOMICIDIO,CULPOSO,REYNOSA,26.075829284307876,98.31591149139419,26.07582928430788,-98.3159114913942,True,True,True,REYNOSA
UNIDAD REYNOSA 2A.,09/11/2019,2019.0,LESIONES,CULPOSO,REYNOSA,26.085497182647,98.27424235505974,26.085497182647,-98.27424235505974,True,True,True,REYNOSA
UNIDAD REYNOSA 2A.,09/12/2021,2021.0,HOMICIDIO,CULPOSO,REYNOSA,26.020956884794078,98.28405986423675,26.02095688479408,-98.28405986423677,True,True,True,REYNOSA
UNIDAD REYNOSA 1A.,10/02/2020,2020.0,HOMICIDIO,CULPOSO,REYNOSA,26.08842130910373,-98.28240394592287,26.08842130910373,-98.28240394592288,True,True,True,REYNOSA
UNIDAD REYNOSA 3A.,10/02/2022,2022.0,LESIONES,CULPOSO,REYNOSA,26.063522,-98.34629,26.063522,-98.34629,True,True,True,REYNOSA
UNIDAD REYNOSA 2A.,10/03/2021,2021.0,HOMICIDIO,CULPOSO,REYNOSA,26.08947207658079,-98.27734360083488,26.08947207658079,-98.27734360083488,True,True,True,REYNOSA
UNIDAD REYNOSA 3A.,10/03/2021,2021.0,LESIONES,CULPOSO,REYNOSA,26.0111036,98.3350445,26.0111036,-98.3350445,True,False,True,REYNOSA
UNIDAD REYNOSA 3A.,10/04/2022,2022.0,HOMICIDIO,CULPOSO,REYNOSA,26.0823687,98.30495,26.0823687,-98.30495,True,True,True,REYNOSA
UNIDAD REYNOSA 3A.,10/04/2022,2022.0,LESIONES,CULPOSO,REYNOSA,26.0823687,98.30495,26.0823687,-98.30495,True,True,True,REYNOSA
UNIDAD REYNOSA 3A.,10/04/2023,2023.0,HOMICIDIO,CULPOSO,REYNOSA,25.799875,98.25693,25.799875,-98.25693,True,False,False,REYNOSA
UNIDAD REYNOSA 1A.,10/05/2019,2019.0,LESIONES,CULPOSO,REYNOSA,26.04081357301343,-98.36058165895636,26.04081357301343,-98.36058165895636,True,True,True,REYNOSA
UNIDAD REYNOSA 3A.,10/05/2021,2021.0,HOMICIDIO,CULPOSO,REYNOSA,26.0682383,98.33876,26.0682383,-98.33876,True,True,True,REYNOSA
UNIDAD REYNOSA 2A.,10/06/2019,2019.0,LESIONES,CULPOSO,REYNOSA,26.08672540581881,-98.30008506774904,26.08672540581881,-98.30008506774904,True,True,True,REYNOSA
ATENCION INMEDIATA EN REYNOSA,10/06/2020,2020.0,LESIONES,CULPOSO,REYNOSA,26.00464,-98.14518,26.00464,-98.14518,True,False,False,REYNOSA
ATENCION INMEDIATA EN REYNOSA,10/07/2020,2020.0,LESIONES,CULPOSO,REYNOSA,25.93902191995726,-98.25824364179427,25.93902191995726,-98.25824364179428,True,True,False,REYNOSA
UNIDAD REYNOSA 2A.,10/07/2021,2021.0,HOMICIDIO,CULPOSO,REYNOSA,26.052761,-98.32370,26.052761,-98.3237,True,True,True,REYNOSA
UNIDAD REYNOSA 2A.,10/07/2022,2022.0,LESIONES,CULPOSO,REYNOSA,26.0184755,-98.28622,26.0184755,-98.28622,True,True,True,REYNOSA
UNIDAD REYNOSA 2A.,10/07/2022,2022.0,HOMICIDIO,CULPOSO,REYNOSA,26.0508171,-98.38046,26.0508171,-98.38046,True,True,True,REYNOSA
UNIDAD REYNOSA 2A.,10/07/2022,2022.0,HOMICIDIO,CULPOSO,REYNOSA,26.0406484,-98.36964,26.0406484,-98.36964,True,True,True,REYNOSA
UNIDAD REYNOSA 2A.,10/07/2023,2023.0,LESIONES,CULPOSO,REYNOSA,26.05557,-98.29699,26.05557,-98.29699,True,True,True,REYNOSA
UNIDAD REYNOSA 2A.,10/07/2023,2023.0,LESIONES,CULPOSO,REYNOSA,26.00257,98.23818,26.00257,-98.23818,True,True,True,REYNOSA
ATENCION INMEDIATA EN REYNOSA,10/08/2023,2023.0,LESIONES,CULPOSO,REYNOSA,26.061506203520853,-98.32701682468084,26.061506203520853,-98.32701682468084,True,True,True,REYNOSA
UNIDAD REYNOSA 2A.,10/09/2019,2019.0,HOMICIDIO,CULPOSO,REYNOSA,26.088511233368973,-98.28026322310578,26.088511233368973,-98.28026322310578,True,True,True,REYNOSA
UNIDAD REYNOSA 1A.,10/09/2022,2022.0,HOMICIDIO,CULPOSO,REYNOSA,26.03746,-98.26968,26.03746,-98.26968,True,True,True,REYNOSA
UNIDAD REYNOSA 1A.,10/09/2023,2023.0,LESIONES,CULPOSO,REYNOSA,26.088131300022074,-98.27323154562094,26.08813130002208,-98.27323154562094,True,True,True,REYNOSA
UNIDAD REYNOSA 1A.,10/10/2020,2020.0,HOMICIDIO,CULPOSO,REYNOSA,26.06188651983704,-98.33048899691494,26.06188651983704,-98.33048899691494,True,True,True,REYNOSA
UNIDAD REYNOSA 1A.,10/10/2022,2022.0,LESIONES,CULPOSO,REYNOSA,26.04055,-98.35067,26.04055,-98.35067,True,True,True,REYNOSA
UNIDAD REYNOSA 2A.,10/10/2023,2023.0,LESIONES,CULPOSO,REYNOSA,26.021772807926325,98.2909025637753,26.021772807926325,-98.2909025637753,True,True,True,REYNOSA
UNIDAD REYNOSA 2A.,10/11/2020,2020.0,HOMICIDIO,CULPOSO,REYNOSA,26.066183,-98.338906,26.066183,-98.338906,True,True,True,REYNOSA
UNIDAD REYNOSA 2A.,10/11/2021,2021.0,HOMICIDIO,CULPOSO,REYNOSA,26.082385026836956,-98.25905383154891,26.08238502683696,-98.25905383154893,True,True,True,REYNOSA
UNIDAD REYNOSA 2A.,10/11/2021,2021.0,HOMICIDIO,CULPOSO,REYNOSA,26.031054893689358,-98.25632662466901,26.03105489368936,-98.256326624669,True,True,True,REYNOSA
UNIDAD REYNOSA 2A.,10/11/2022,2022.0,HOMICIDIO,CULPOSO,REYNOSA,26.204139436734028,98.50158960625632,26.204139436734028,-98.50158960625632,True,False,False,REYNOSA
UNIDAD REYNOSA 2A.,10/11/2023,2023.0,LESIONES,CULPOSO,REYNOSA,25.99388,-98.27529,25.99388,-98.27529,True,True,True,REYNOSA
UNIDAD REYNOSA 2A.,10/12/2023,2023.0,LESIONES,CULPOSO,REYNOSA,26.0553915,-98.2995292,26.0553915,-98.2995292,True,True,True,REYNOSA
UNIDAD REYNOSA 3A.,11/01/2022,2022.0,HOMICIDIO,CULPOSO,REYNOSA,26.0823687,98.30495,26.0823687,-98.30495,True,True,True,REYNOSA
UNIDAD REYNOSA 3A.,11/01/2023,2023.0,LESIONES,CULPOSO,REYNOSA,26.0318605,98.23893,26.0318605,-98.23893,True,True,True,REYNOSA
UNIDAD REYNOSA 1A.,11/02/2020,2020.0,LESIONES,CULPOSO,REYNOSA,26.0318645,-98.26264,26.0318645,-98.26264,True,True,True,REYNOSA
UNIDAD REYNOSA 3A.,11/02/2022,2022.0,HOMICIDIO,CULPOSO,REYNOSA,26.0823687,98.30495,26.0823687,-98.30495,True,True,True,REYNOSA
UNIDAD REYNOSA 1A.,11/03/2020,2020.0,HOMICIDIO,CULPOSO,REYNOSA,25.9952366,-98.32048,25.9952366,-98.32048,True,False,True,REYNOSA
UNIDAD REYNOSA 1A.,11/03/2020,2020.0,HOMICIDIO,CULPOSO,REYNOSA,26.0676875,-98.26928,26.0676875,-98.26928,True,True,True,REYNOSA
UNIDAD REYNOSA 3A.,11/03/2020,2020.0,HOMICIDIO,CULPOSO,REYNOSA,26.093707,-98.32614,26.093707,-98.32614,True,True,True,REYNOSA
UNIDAD REYNOSA 3A.,11/03/2020,2020.0,LESIONES,CULPOSO,REYNOSA,26.051113,-98.35827,26.051113,-98.35827,True,True,True,REYNOSA
UNIDAD REYNOSA 3A.,11/04/2021,2021.0,HOMICIDIO,CULPOSO,REYNOSA,26.02507,-98.24959,26.02507,-98.24959,True,True,True,REYNOSA
UNIDAD REYNOSA 1A.,11/04/2022,2022.0,LESIONES,CULPOSO,REYNOSA,25.9952366,-98.32048,25.9952366,-98.32048,True,False,True,REYNOSA
UNIDAD REYNOSA 1A.,11/04/2022,2022.0,HOMICIDIO,CULPOSO,REYNOSA,26.0508275,-98.297791,26.0508275,-98.297791,True,True,True,REYNOSA
UNIDAD REYNOSA 1A.,11/05/2019,2019.0,LESIONES,CULPOSO,REYNOSA,26.07485339472336,-98.26403617858888,26.07485339472336,-98.26403617858888,True,True,True,REYNOSA
UNIDAD REYNOSA 1A.,11/05/2020,2020.0,HOMICIDIO,CULPOSO,REYNOSA,25.59129,98.14107,25.59129,-98.14107,True,False,False,REYNOSA
UNIDAD REYNOSA 1A.,11/05/2021,2021.0,LESIONES,CULPOSO,REYNOSA,26.05095154007885,-98.28223228454591,26.05095154007885,-98.28223228454593,True,True,True,REYNOSA
UNIDAD REYNOSA 1A.,11/05/2022,2022.0,HOMICIDIO,CULPOSO,REYNOSA,26.057880741284674,-98.37410484590339,26.05788074128468,-98.3741048459034,True,True,True,REYNOSA
UNIDAD REYNOSA 1A.,11/05/2022,2022.0,LESIONES,CULPOSO,REYNOSA,26.09651211746855,-98.28846360431612,26.09651211746855,-98.28846360431612,True,True,True,REYNOSA
UNIDAD REYNOSA 2A.,11/06/2019,2019.0,LESIONES,CULPOSO,REYNOSA,26.03582747849735,-98.28652739609174,26.03582747849735,-98.28652739609174,True,True,True,REYNOSA
UNIDAD REYNOSA 1A.,11/06/2021,2021.0,LESIONES,CULPOSO,REYNOSA,26.037837047234017,-98.22367786840798,26.037837047234017,-98.22367786840798,True,True,True,REYNOSA
UNIDAD REYNOSA 2A.,11/06/2023,2023.0,LESIONES,CULPOSO,REYNOSA,26.034414,-98.35925,26.034414,-98.35925,True,True,True,REYNOSA
UNIDAD REYNOSA 2A.,11/06/2023,2023.0,HOMICIDIO,CULPOSO,REYNOSA,26.031414,-98.36026,26.031414,-98.36026,True,True,True,REYNOSA
UNIDAD REYNOSA 2A.,11/07/2022,2022.0,HOMICIDIO,CULPOSO,REYNOSA,26.0693004,-98.32129,26.0693004,-98.32129,True,True,True,REYNOSA
UNIDAD REYNOSA 1A.,11/08/2022,2022.0,HOMICIDIO,CULPOSO,REYNOSA,26.08016,-98.30498,26.08016,-98.30498,True,True,True,REYNOSA
UNIDAD REYNOSA 2A.,11/10/2019,2019.0,HOMICIDIO,CULPOSO,REYNOSA,25.937187940592217,-98.26854417479834,25.937187940592217,-98.26854417479834,True,False,False,REYNOSA
UNIDAD REYNOSA 2A.,11/11/2022,2022.0,HOMICIDIO,CULPOSO,REYNOSA,26.022069,-98.454846,26.022069,-98.454846,True,False,False,REYNOSA
UNIDAD REYNOSA 2A.,11/12/2020,2020.0,LESIONES,CULPOSO,REYNOSA,25.984787,-98.295665,25.984787,-98.295665,True,True,True,REYNOSA
UNIDAD REYNOSA 2A.,11/12/2022,2022.0,LESIONES,CULPOSO,REYNOSA,26.084015220897566,-98.3720900703974,26.08401522089757,-98.3720900703974,True,True,True,REYNOSA
UNIDAD REYNOSA 3A.,12/01/2020,2020.0,HOMICIDIO,CULPOSO,REYNOSA,26.0978136,98.3141483,26.0978136,-98.3141483,True,True,True,REYNOSA
UNIDAD REYNOSA 3A.,12/02/2021,2021.0,LESIONES,CULPOSO,REYNOSA,26.0146352,98.24807,26.0146352,-98.24807,True,True,True,REYNOSA
UNIDAD REYNOSA 3A.,12/02/2022,2022.0,HOMICIDIO,CULPOSO,REYNOSA,26.0553915,98.29952,26.0553915,-98.29952,True,True,True,REYNOSA
UNIDAD REYNOSA 3A.,12/02/2022,2022.0,LESIONES,CULPOSO,REYNOSA,26.0553915,98.29952,26.0553915,-98.29952,True,True,True,REYNOSA
ATENCION INMEDIATA EN REYNOSA,12/03/2020,2020.0,LESIONES,CULPOSO,REYNOSA,26.065848193987705,-98.3595662789786,26.065848193987705,-98.3595662789786,True,True,True,REYNOSA
UNIDAD REYNOSA 3A.,12/03/2023,2023.0,HOMICIDIO,CULPOSO,REYNOSA,26.0536512,98.26413,26.0536512,-98.26413,True,True,True,REYNOSA
UNIDAD REYNOSA 3A.,12/04/2021,2021.0,HOMICIDIO,CULPOSO,REYNOSA,26.052470,-98.37473,26.05247,-98.37473,True,True,True,REYNOSA
ATENCION INMEDIATA EN REYNOSA,12/05/2023,2023.0,LESIONES,CULPOSO,REYNOSA,26.04366,-98.23386,26.04366,-98.23386,True,True,True,REYNOSA
UNIDAD REYNOSA 2A.,12/06/2023,2023.0,LESIONES,CULPOSO,REYNOSA,26.055720,-98.297411,26.05572,-98.297411,True,True,True,REYNOSA
UNIDAD REYNOSA 1A.,12/07/2019,2019.0,LESIONES,CULPOSO,REYNOSA,26.097485044022374,-98.28541858416668,26.09748504402237,-98.28541858416668,True,True,True,REYNOSA
UNIDAD REYNOSA 2A.,12/07/2020,2020.0,HOMICIDIO,CULPOSO,REYNOSA,26.19648730056916,-98.50626866224967,26.19648730056916,-98.50626866224968,True,False,False,REYNOSA
UNIDAD REYNOSA 1A.,12/07/2021,2021.0,LESIONES,CULPOSO,REYNOSA,26.091670491526475,-98.30392204153857,26.091670491526475,-98.30392204153856,True,True,True,REYNOSA
UNIDAD REYNOSA 1A.,12/08/2022,2022.0,LESIONES,CULPOSO,REYNOSA,26.08132,-98.29996,26.08132,-98.29996,True,True,True,REYNOSA
ATENCION INMEDIATA EN REYNOSA,12/08/2022,2022.0,LESIONES,CULPOSO,REYNOSA,26.023431264933375,-98.30308377742769,26.02343126493337,-98.30308377742767,True,True,True,REYNOSA
UNIDAD REYNOSA 2A.,12/09/2019,2019.0,LESIONES,CULPOSO,REYNOSA,26.080409137433033,-98.36691376512994,26.08040913743304,-98.36691376512994,True,True,True,REYNOSA
UNIDAD REYNOSA 2A.,12/09/2019,2019.0,HOMICIDIO,CULPOSO,REYNOSA,26.08991455917718,-98.28674547465813,26.08991455917718,-98.28674547465812,True,True,True,REYNOSA
UNIDAD REYNOSA 1A.,12/09/2020,2020.0,HOMICIDIO,CULPOSO,REYNOSA,26.063865005009728,98.28545856454542,26.063865005009728,-98.28545856454542,True,True,True,REYNOSA
UNIDAD REYNOSA 1A.,12/09/2022,2022.0,HOMICIDIO,CULPOSO,REYNOSA,26.05233,-98.29739,26.05233,-98.29739,True,True,True,REYNOSA
ATENCION INMEDIATA EN REYNOSA,12/09/2023,2023.0,LESIONES,CULPOSO,REYNOSA,26.07951934952058,-98.2902842760086,26.07951934952058,-98.2902842760086,True,True,True,REYNOSA
UNIDAD REYNOSA 2A.,12/10/2021,2021.0,LESIONES,CULPOSO,REYNOSA,25.986143126765644,-98.29674103731466,25.986143126765644,-98.29674103731466,True,True,True,REYNOSA
UNIDAD REYNOSA 2A.,12/10/2021,2021.0,HOMICIDIO,CULPOSO,REYNOSA,26.08219096131895,-98.30216220203,26.08219096131895,-98.30216220203,True,True,True,REYNOSA
UNIDAD REYNOSA 2A.,12/11/2021,2021.0,LESIONES,CULPOSO,REYNOSA,26.082595146758237,-98.30238200350853,26.08259514675824,-98.30238200350853,True,True,True,REYNOSA
UNIDAD REYNOSA 2A.,12/12/2020,2020.0,LESIONES,CULPOSO,REYNOSA,26.05537,-98.29694,26.05537,-98.29694,True,True,True,REYNOSA
UNIDAD REYNOSA 2A.,12/12/2020,2020.0,HOMICIDIO,CULPOSO,REYNOSA,26.05537,-98.29694,26.05537,-98.29694,True,True,True,REYNOSA
UNIDAD REYNOSA 3A.,13/01/2022,2022.0,HOMICIDIO,CULPOSO,REYNOSA,25.9696296,98.27080,25.9696296,-98.2708,True,True,True,REYNOSA
UNIDAD REYNOSA 3A.,13/01/2023,2023.0,LESIONES,CULPOSO,REYNOSA,26.0250711,98.24959,26.0250711,-98.24959,True,True,True,REYNOSA
UNIDAD REYNOSA 3A.,13/02/2022,2022.0,HOMICIDIO,CULPOSO,REYNOSA,26.0596928,98.29355,26.0596928,-98.29355,True,True,True,REYNOSA
UNIDAD REYNOSA 1A.,13/02/2023,2023.0,LESIONES,CULPOSO,REYNOSA,26.06799501657577,-98.33719582092779,26.06799501657577,-98.3371958209278,True,True,True,REYNOSA
UNIDAD REYNOSA 1A.,13/02/2023,2023.0,HOMICIDIO,CULPOSO,REYNOSA,26.018317975097222,-98.22001228343164,26.018317975097226,-98.22001228343164,True,True,True,REYNOSA
UNIDAD REYNOSA 3A.,13/02/2023,2023.0,LESIONES,CULPOSO,REYNOSA,26.050633,98.423017,26.050633,-98.423017,True,False,True,REYNOSA
UNIDAD REYNOSA 3A.,13/02/2023,2023.0,LESIONES,CULPOSO,REYNOSA,26.0505569,98.3843921,26.0505569,-98.3843921,True,True,True,REYNOSA
UNIDAD REYNOSA 1A.,13/03/2019,2019.0,LESIONES,CULPOSO,REYNOSA,26.082523725382497,-98.30184806825706,26.082523725382497,-98.30184806825706,True,True,True,REYNOSA
UNIDAD REYNOSA 1A.,13/03/2020,2020.0,HOMICIDIO,CULPOSO,REYNOSA,26.0846562,-98.31385,26.0846562,-98.31385,True,True,True,REYNOSA
UNIDAD REYNOSA 3A.,13/03/2021,2021.0,LESIONES,CULPOSO,REYNOSA,26.0824324,98.34438,26.0824324,-98.34438,True,True,True,REYNOSA
UNIDAD REYNOSA 3A.,13/03/2021,2021.0,HOMICIDIO,CULPOSO,REYNOSA,26.0320038,98.26849,26.0320038,-98.26849,True,True,True,REYNOSA
UNIDAD REYNOSA 3A.,13/03/2021,2021.0,HOMICIDIO,CULPOSO,REYNOSA,26.0506605,98.28527,26.0506605,-98.28527,True,True,True,REYNOSA
UNIDAD REYNOSA 3A.,13/03/2021,2021.0,HOMICIDIO,CULPOSO,REYNOSA,26.0548008,98.26722,26.0548008,-98.26722,True,True,True,REYNOSA
UNIDAD REYNOSA 3A.,13/03/2023,2023.0,HOMICIDIO,CULPOSO,REYNOSA,26.0523773,98.31071,26.0523773,-98.31071,True,True,True,REYNOSA
UNIDAD REYNOSA 1A.,13/04/2019,2019.0,HOMICIDIO,CULPOSO,REYNOSA,26.086262882475566,-98.29442024230958,26.08626288247557,-98.29442024230958,True,True,True,REYNOSA
UNIDAD REYNOSA 1A.,13/04/2020,2020.0,HOMICIDIO,CULPOSO,REYNOSA,26.0553963,-98.3021041,26.0553963,-98.3021041,True,True,True,REYNOSA
UNIDAD REYNOSA 1A.,13/04/2020,2020.0,LESIONES,CULPOSO,REYNOSA,26.01544,-98.26447,26.01544,-98.26447,True,True,True,REYNOSA
UNIDAD REYNOSA 1A.,13/04/2020,2020.0,HOMICIDIO,CULPOSO,REYNOSA,25.97483,-98.58004,25.97483,-98.58004,True,False,False,REYNOSA
UNIDAD REYNOSA 1A.,13/04/2021,2021.0,LESIONES,CULPOSO,REYNOSA,26.094202,-98.30325,26.094202,-98.30325,True,True,True,REYNOSA
UNIDAD REYNOSA 1A.,13/04/2023,2023.0,HOMICIDIO,CULPOSO,REYNOSA,26.018360594032288,-98.27776355152946,26.018360594032288,-98.27776355152946,True,True,True,REYNOSA
UNIDAD REYNOSA 1A.,13/05/2022,2022.0,HOMICIDIO,CULPOSO,REYNOSA,26.0364603,-98.2899415,26.0364603,-98.2899415,True,True,True,REYNOSA
UNIDAD REYNOSA 1A.,13/05/2022,2022.0,LESIONES,CULPOSO,REYNOSA,26.0693004,-98.32129,26.0693004,-98.32129,True,True,True,REYNOSA
UNIDAD REYNOSA 2A.,13/05/2023,2023.0,HOMICIDIO,CULPOSO,REYNOSA,26.05025480051113,-98.37948580013811,26.05025480051113,-98.37948580013811,True,True,True,REYNOSA
UNIDAD REYNOSA 2A.,13/05/2023,2023.0,LESIONES,CULPOSO,REYNOSA,26.08248,98.30236,26.08248,-98.30236,True,True,True,REYNOSA
UNIDAD REYNOSA 1A.,13/06/2020,2020.0,HOMICIDIO,CULPOSO,REYNOSA,26.037859190087037,98.38663503006696,26.03785919008704,-98.38663503006696,True,True,True,REYNOSA
UNIDAD REYNOSA 2A.,13/06/2021,2021.0,HOMICIDIO,CULPOSO,REYNOSA,26.0632754,-98.31521,26.0632754,-98.31521,True,True,True,REYNOSA
UNIDAD REYNOSA 2A.,13/06/2022,2022.0,HOMICIDIO,CULPOSO,REYNOSA,26.0553963,-98.3021041,26.0553963,-98.3021041,True,True,True,REYNOSA
UNIDAD 1 ADOLESCENTES REYNOSA,13/07/2019,2019.0,LESIONES,CULPOSO,REYNOSA,26.052110000961143,-98.28358948230745,26.052110000961143,-98.28358948230743,True,True,True,REYNOSA
UNIDAD REYNOSA 1A.,13/08/2023,2023.0,LESIONES,CULPOSO,REYNOSA,26.08564,-98.29279,26.08564,-98.29279,True,True,True,REYNOSA
UNIDAD REYNOSA 2A.,13/09/2019,2019.0,HOMICIDIO,CULPOSO,REYNOSA,26.05555008478559,98.2972430321232,26.05555008478559,-98.2972430321232,True,True,True,REYNOSA
UNIDAD REYNOSA 1A.,13/09/2020,2020.0,LESIONES,CULPOSO,REYNOSA,26.02234808309803,98.34506537467472,26.02234808309803,-98.34506537467472,True,True,True,REYNOSA
ATENCION INMEDIATA EN REYNOSA,13/09/2022,2022.0,LESIONES,CULPOSO,REYNOSA,26.069804474013402,-98.30467432737352,26.0698044740134,-98.30467432737352,True,True,True,REYNOSA
UNIDAD REYNOSA 2A.,13/10/2019,2019.0,LESIONES,CULPOSO,REYNOSA,26.019346998568317,98.2253627478102,26.01934699856832,-98.2253627478102,True,True,True,REYNOSA
UNIDAD REYNOSA 2A.,13/10/2019,2019.0,HOMICIDIO,CULPOSO,REYNOSA,26.08913560638773,-98.27820159012668,26.08913560638773,-98.27820159012668,True,True,True,REYNOSA
UNIDAD REYNOSA 2A.,13/10/2020,2020.0,LESIONES,CULPOSO,REYNOSA,26.0823687,-98.3049569,26.0823687,-98.3049569,True,True,True,REYNOSA
UNIDAD REYNOSA 2A.,13/10/2020,2020.0,LESIONES,CULPOSO,REYNOSA,26.0823687,-98.3049569,26.0823687,-98.3049569,True,True,True,REYNOSA
UNIDAD REYNOSA 2A.,13/10/2021,2021.0,LESIONES,CULPOSO,REYNOSA,26.06949611718598,-98.29383283085456,26.06949611718598,-98.29383283085456,True,True,True,REYNOSA
UNIDAD REYNOSA 2A.,13/10/2022,2022.0,LESIONES,CULPOSO,REYNOSA,25.9989935,-98.2034686,25.9989935,-98.2034686,True,True,True,REYNOSA
UNIDAD REYNOSA 2A.,13/10/2023,2023.0,LESIONES,CULPOSO,REYNOSA,26.09132286299796,-98.29713499946021,26.09132286299796,-98.2971349994602,True,True,True,REYNOSA
UNIDAD REYNOSA 2A.,13/11/2020,2020.0,HOMICIDIO,CULPOSO,REYNOSA,26.038271,-98.273084,26.038271,-98.273084,True,True,True,REYNOSA
UNIDAD REYNOSA 3A.,13/11/2023,2023.0,LESIONES,CULPOSO,REYNOSA,26.0726875,98.30488,26.0726875,-98.30488,True,True,True,REYNOSA
UNIDAD REYNOSA 2A.,13/12/2020,2020.0,HOMICIDIO,CULPOSO,REYNOSA,25.77772,-99.29446,25.77772,-99.29446,True,False,False,REYNOSA
UNIDAD REYNOSA 3A.,14/01/2023,2023.0,LESIONES,CULPOSO,REYNOSA,26.1816584,98.82412,26.1816584,-98.82412,True,False,False,REYNOSA
UNIDAD REYNOSA 3A.,14/02/2022,2022.0,HOMICIDIO,CULPOSO,REYNOSA,25.9530791,98.2715,25.9530791,-98.2715,True,False,True,REYNOSA
UNIDAD 1 ADOLESCENTES REYNOSA,14/02/2023,2023.0,HOMICIDIO,CULPOSO,REYNOSA,26.019807,-98.283986,26.019807,-98.283986,True,True,True,REYNOSA
UNIDAD REYNOSA 3A.,14/03/2022,2022.0,HOMICIDIO,CULPOSO,REYNOSA,25.853257,-98.44566,25.853257,-98.44566,True,False,False,REYNOSA
UNIDAD REYNOSA 1A.,14/03/2023,2023.0,HOMICIDIO,CULPOSO,REYNOSA,26.07314765785044,-98.3364772796631,26.07314765785044,-98.3364772796631,True,True,True,REYNOSA
UNIDAD REYNOSA 1A.,14/04/2021,2021.0,LESIONES,CULPOSO,REYNOSA,26.011438,-98.26890,26.011438,-98.2689,True,True,True,REYNOSA
UNIDAD REYNOSA 1A.,14/04/2023,2023.0,LESIONES,CULPOSO,REYNOSA,26.0888803,-98.2872438,26.0888803,-98.2872438,True,True,True,REYNOSA
UNIDAD REYNOSA 1A.,14/05/2021,2021.0,HOMICIDIO,CULPOSO,REYNOSA,26.093354706176836,-98.32154273986816,26.09335470617684,-98.32154273986816,True,True,True,REYNOSA
UNIDAD REYNOSA 2A.,14/05/2023,2023.0,HOMICIDIO,CULPOSO,REYNOSA,25.995824365727312,-98.26147242983285,25.995824365727312,-98.26147242983284,True,True,True,REYNOSA
UNIDAD REYNOSA 2A.,14/06/2021,2021.0,HOMICIDIO,CULPOSO,REYNOSA,26.5558,98.29698,26.5558,-98.29698,True,False,False,REYNOSA
UNIDAD REYNOSA 1A.,14/06/2022,2022.0,LESIONES,CULPOSO,REYNOSA,26.082614360306835,-98.30234983474999,26.082614360306835,-98.30234983475,True,True,True,REYNOSA
UNIDAD REYNOSA 1A.,14/07/2019,2019.0,HOMICIDIO,CULPOSO,REYNOSA,26.002753677066945,-98.29610944306724,26.002753677066945,-98.29610944306724,True,False,True,REYNOSA
ATENCION INMEDIATA EN REYNOSA,14/07/2020,2020.0,LESIONES,CULPOSO,REYNOSA,26.08293512534656,-98.29883036302564,26.08293512534656,-98.29883036302564,True,True,True,REYNOSA
UNIDAD REYNOSA 1A.,14/07/2022,2022.0,LESIONES,CULPOSO,REYNOSA,26.05810,98.27986,26.0581,-98.27986,True,True,True,REYNOSA
UNIDAD REYNOSA 1A.,14/08/2020,2020.0,HOMICIDIO,CULPOSO,REYNOSA,26.07561,-98.28974,26.07561,-98.28974,True,True,True,REYNOSA
UNIDAD REYNOSA 1A.,14/08/2022,2022.0,HOMICIDIO,CULPOSO,REYNOSA,26.005585,-98.169134,26.005585,-98.169134,True,False,False,REYNOSA
ATENCION INMEDIATA EN REYNOSA,14/09/2020,2020.0,LESIONES,CULPOSO,REYNOSA,25.985421812236083,-98.28288082604527,25.985421812236083,-98.28288082604529,True,True,True,REYNOSA
ATENCION INMEDIATA EN REYNOSA,14/09/2020,2020.0,LESIONES,CULPOSO,REYNOSA,26.06649790548132,-98.34058724854428,26.06649790548132,-98.34058724854428,True,True,True,REYNOSA
UNIDAD REYNOSA 2A.,14/09/2021,2021.0,HOMICIDIO,CULPOSO,REYNOSA,26.043025377542182,-98.29160624376696,26.043025377542182,-98.29160624376696,True,True,True,REYNOSA
UNIDAD REYNOSA 2A.,14/10/2020,2020.0,HOMICIDIO,CULPOSO,REYNOSA,26.0553915,-98.2995292,26.0553915,-98.2995292,True,True,True,REYNOSA
UNIDAD REYNOSA 2A.,14/10/2022,2022.0,LESIONES,CULPOSO,REYNOSA,26.0749044,-98.3034694,26.0749044,-98.3034694,True,True,True,REYNOSA
UNIDAD REYNOSA 2A.,14/11/2021,2021.0,HOMICIDIO,CULPOSO,REYNOSA,26.03440996916665,98.39407565376615,26.03440996916665,-98.39407565376617,True,True,True,REYNOSA
UNIDAD REYNOSA 2A.,14/11/2022,2022.0,HOMICIDIO,CULPOSO,REYNOSA,26.0418633,-98.2928146,26.0418633,-98.2928146,True,True,True,REYNOSA
UNIDAD REYNOSA 2A.,14/12/2020,2020.0,HOMICIDIO,CULPOSO,REYNOSA,26.08523621557298,-98.28319389194594,26.08523621557298,-98.28319389194594,True,True,True,REYNOSA
UNIDAD REYNOSA 3A.,14/12/2021,2021.0,HOMICIDIO,CULPOSO,REYNOSA,26.053333,-98.30309,26.053333,-98.30309,True,True,True,REYNOSA
UNIDAD REYNOSA 3A.,14/12/2021,2021.0,LESIONES,CULPOSO,REYNOSA,25.936995,-98.271129,25.936995,-98.271129,True,False,False,REYNOSA
UNIDAD REYNOSA 3A.,14/12/2023,2023.0,LESIONES,CULPOSO,REYNOSA,26.0687184,-98.2752939,26.0687184,-98.2752939,True,True,True,REYNOSA
UNIDAD REYNOSA 3A.,14/12/2023,2023.0,HOMICIDIO,CULPOSO,REYNOSA,25.936592,-98.251382,25.936592,-98.251382,True,False,False,REYNOSA
UNIDAD REYNOSA 3A.,15/01/2021,2021.0,LESIONES,CULPOSO,REYNOSA,26.0624881,98.352864,26.0624881,-98.352864,True,True,True,REYNOSA
UNIDAD REYNOSA 3A.,15/01/2023,2023.0,LESIONES,CULPOSO,REYNOSA,26.0635104,98.33287,26.0635104,-98.33287,True,True,True,REYNOSA
UNIDAD REYNOSA 3A.,15/01/2023,2023.0,HOMICIDIO,CULPOSO,REYNOSA,26.056349,98.365994,26.056349,-98.365994,True,True,True,REYNOSA
UNIDAD REYNOSA 1A.,15/02/2019,2019.0,HOMICIDIO,CULPOSO,REYNOSA,26.09057969591893,-98.27193260192873,26.09057969591893,-98.27193260192873,True,True,True,REYNOSA
UNIDAD REYNOSA 1A.,15/02/2019,2019.0,LESIONES,CULPOSO,REYNOSA,26.04731597153605,-98.30991104279957,26.04731597153605,-98.30991104279956,True,True,True,REYNOSA
UNIDAD REYNOSA 1A.,15/02/2020,2020.0,HOMICIDIO,CULPOSO,REYNOSA,25.9885018,-98.33587,25.9885018,-98.33587,True,False,True,REYNOSA
UNIDAD REYNOSA 1A.,15/03/2019,2019.0,HOMICIDIO,CULPOSO,REYNOSA,26.089654677873334,-98.2844638824463,26.08965467787333,-98.2844638824463,True,True,True,REYNOSA
UNIDAD REYNOSA 1A.,15/03/2020,2020.0,LESIONES,CULPOSO,REYNOSA,26.0672345,-98.2911302,26.0672345,-98.2911302,True,True,True,REYNOSA
UNIDAD REYNOSA 3A.,15/03/2022,2022.0,HOMICIDIO,CULPOSO,REYNOSA,26.1292867,-98.34889,26.1292867,-98.34889,True,True,True,REYNOSA
UNIDAD REYNOSA 3A.,15/03/2022,2022.0,HOMICIDIO,CULPOSO,REYNOSA,26.083332,-98.328856,26.083332,-98.328856,True,True,True,REYNOSA
UNIDAD REYNOSA 1A.,15/04/2019,2019.0,HOMICIDIO,CULPOSO,REYNOSA,26.020362321883447,-98.22882111763025,26.020362321883447,-98.22882111763025,True,True,True,REYNOSA
UNIDAD REYNOSA 1A.,15/04/2021,2021.0,LESIONES,CULPOSO,REYNOSA,26.043182,-98.29308,26.043182,-98.29308,True,True,True,REYNOSA
UNIDAD REYNOSA 1A.,15/05/2019,2019.0,HOMICIDIO,CULPOSO,REYNOSA,26.08256,-98.30246,26.08256,-98.30246,True,True,True,REYNOSA
UNIDAD REYNOSA 1A.,15/05/2020,2020.0,LESIONES,CULPOSO,REYNOSA,26.07629345507211,98.31603206821433,26.07629345507211,-98.31603206821433,True,True,True,REYNOSA
UNIDAD REYNOSA 1A.,15/05/2020,2020.0,LESIONES,CULPOSO,REYNOSA,26.07492924807851,98.31918840608898,26.07492924807851,-98.31918840608898,True,True,True,REYNOSA
UNIDAD REYNOSA 1A.,15/05/2020,2020.0,LESIONES,CULPOSO,REYNOSA,25.8736284,-98.35281,25.8736284,-98.35281,True,False,False,REYNOSA
UNIDAD REYNOSA 1A.,15/05/2022,2022.0,HOMICIDIO,CULPOSO,REYNOSA,26.1895091,-98.4892356,26.1895091,-98.4892356,True,False,False,REYNOSA
UNIDAD REYNOSA 2A.,15/05/2023,2023.0,HOMICIDIO,CULPOSO,REYNOSA,26.03418003562964,-98.21890104271493,26.03418003562964,-98.21890104271492,True,True,True,REYNOSA
UNIDAD REYNOSA 2A.,15/06/2020,2020.0,LESIONES,CULPOSO,REYNOSA,26.08000420554217,-98.3181522408295,26.08000420554217,-98.3181522408295,True,True,True,REYNOSA
UNIDAD REYNOSA 1A.,15/06/2022,2022.0,LESIONES,CULPOSO,REYNOSA,26.113035781280963,-98.3286470331523,26.113035781280963,-98.3286470331523,True,True,True,REYNOSA
UNIDAD REYNOSA 1A.,15/06/2022,2022.0,LESIONES,CULPOSO,REYNOSA,26.082527693165837,-98.30236054562116,26.08252769316584,-98.30236054562116,True,True,True,REYNOSA
UNIDAD REYNOSA 1A.,15/06/2023,2023.0,LESIONES,CULPOSO,REYNOSA,26.003423,-98.2764541,26.003423,-98.2764541,True,True,True,REYNOSA
UNIDAD REYNOSA 1A.,15/07/2019,2019.0,LESIONES,CULPOSO,REYNOSA,26.070355340950258,-98.33082739220188,26.070355340950258,-98.33082739220188,True,True,True,REYNOSA
UNIDAD REYNOSA 2A.,15/08/2019,2019.0,LESIONES,CULPOSO,REYNOSA,26.088126820598426,98.26953246574699,26.088126820598426,-98.269532465747,True,True,True,REYNOSA
UNIDAD REYNOSA 2A.,15/08/2019,2019.0,HOMICIDIO,CULPOSO,REYNOSA,26.103021295421335,98.32060882724937,26.10302129542133,-98.32060882724936,True,True,True,REYNOSA
UNIDAD REYNOSA 1A.,15/09/2020,2020.0,HOMICIDIO,CULPOSO,REYNOSA,25.999353462453055,98.27576458201793,25.99935346245305,-98.27576458201791,True,True,True,REYNOSA
UNIDAD REYNOSA 2A.,15/09/2020,2020.0,HOMICIDIO,CULPOSO,REYNOSA,26.039656,-98.375318,26.039656,-98.375318,True,True,True,REYNOSA
UNIDAD REYNOSA 2A.,15/09/2023,2023.0,LESIONES,CULPOSO,REYNOSA,25.988970454346546,98.27141850082171,25.988970454346543,-98.27141850082172,True,True,True,REYNOSA
UNIDAD REYNOSA 2A.,15/09/2023,2023.0,LESIONES,CULPOSO,REYNOSA,26.0360599,-98.2399654,26.0360599,-98.2399654,True,True,True,REYNOSA
UNIDAD REYNOSA 2A.,15/10/2020,2020.0,HOMICIDIO,CULPOSO,REYNOSA,26.02061,-98.30713,26.02061,-98.30713,True,True,True,REYNOSA
UNIDAD REYNOSA 2A.,15/10/2021,2021.0,LESIONES,CULPOSO,REYNOSA,26.055657147139748,-98.38475616818889,26.055657147139748,-98.38475616818889,True,True,True,REYNOSA
UNIDAD REYNOSA 3A.,15/11/2019,2019.0,LESIONES,CULPOSO,REYNOSA,26.039088,-98.36918,26.039088,-98.36918,True,True,True,REYNOSA
UNIDAD REYNOSA 3A.,15/11/2022,2022.0,LESIONES,CULPOSO,REYNOSA,25.936995,98.271129,25.936995,-98.271129,True,False,False,REYNOSA
UNIDAD REYNOSA 3A.,15/12/2020,2020.0,LESIONES,CULPOSO,REYNOSA,26.0823687,98.30495,26.0823687,-98.30495,True,True,True,REYNOSA
UNIDAD REYNOSA 3A.,15/12/2021,2021.0,LESIONES,CULPOSO,REYNOSA,26.031490,-98.32255,26.03149,-98.32255,True,False,True,REYNOSA
UNIDAD REYNOSA 1A.,16/01/2019,2019.0,HOMICIDIO,CULPOSO,REYNOSA,26.055484277369548,-98.29725505152481,26.055484277369548,-98.2972550515248,True,True,True,REYNOSA
ATENCION INMEDIATA EN REYNOSA,16/01/2020,2020.0,LESIONES,CULPOSO,REYNOSA,26.033410272347698,-98.38707883863927,26.03341027234769,-98.38707883863928,True,True,True,REYNOSA
UNIDAD REYNOSA 3A.,16/01/2021,2021.0,HOMICIDIO,CULPOSO,REYNOSA,26.0751865,98.33786,26.0751865,-98.33786,True,True,True,REYNOSA
UNIDAD REYNOSA 1A.,16/01/2023,2023.0,HOMICIDIO,CULPOSO,REYNOSA,26.055457924603818,-98.29703924131329,26.05545792460381,-98.29703924131329,True,True,True,REYNOSA
UNIDAD REYNOSA 1A.,16/01/2023,2023.0,LESIONES,CULPOSO,REYNOSA,26.082362107562066,-98.3024363392474,26.082362107562066,-98.3024363392474,True,True,True,REYNOSA
UNIDAD REYNOSA 1A.,16/02/2019,2019.0,HOMICIDIO,CULPOSO,REYNOSA,26.05332359915731,-98.37103913499479,26.05332359915731,-98.3710391349948,True,True,True,REYNOSA
UNIDAD REYNOSA 1A.,16/02/2023,2023.0,HOMICIDIO,CULPOSO,REYNOSA,26.0553963,-98.3021041,26.0553963,-98.3021041,True,True,True,REYNOSA
UNIDAD REYNOSA 1A.,16/03/2022,2022.0,LESIONES,CULPOSO,REYNOSA,26.0666998,-98.32238,26.0666998,-98.32238,True,True,True,REYNOSA
UNIDAD REYNOSA 1A.,16/04/2019,2019.0,HOMICIDIO,CULPOSO,REYNOSA,26.055765194577816,-98.29599103236316,26.055765194577816,-98.29599103236316,True,True,True,REYNOSA
UNIDAD REYNOSA 2A.,16/05/2019,2019.0,LESIONES,CULPOSO,REYNOSA,26.034825317983515,-98.2822745479024,26.034825317983515,-98.2822745479024,True,True,True,REYNOSA
UNIDAD REYNOSA 1A.,16/05/2019,2019.0,LESIONES,CULPOSO,REYNOSA,26.047354012625735,-98.31592024827034,26.04735401262573,-98.31592024827034,True,True,True,REYNOSA
UNIDAD REYNOSA 1A.,16/05/2020,2020.0,LESIONES,CULPOSO,REYNOSA,26.04851,-98.23133,26.04851,-98.23133,True,True,True,REYNOSA
UNIDAD REYNOSA 1A.,16/05/2020,2020.0,HOMICIDIO,CULPOSO,REYNOSA,26.04743,-98.33768,26.04743,-98.33768,True,True,True,REYNOSA
UNIDAD REYNOSA 2A.,16/06/2020,2020.0,LESIONES,CULPOSO,REYNOSA,26.11669952555687,-98.33380451218288,26.11669952555687,-98.33380451218288,True,True,True,REYNOSA
UNIDAD REYNOSA 1A.,16/07/2022,2022.0,HOMICIDIO,CULPOSO,REYNOSA,26.04896,-98.29461,26.04896,-98.29461,True,True,True,REYNOSA
UNIDAD REYNOSA 2A.,16/08/2019,2019.0,HOMICIDIO,CULPOSO,REYNOSA,26.08976648602946,-98.27768679655159,26.08976648602946,-98.2776867965516,True,True,True,REYNOSA
UNIDAD REYNOSA 2A.,16/08/2023,2023.0,LESIONES,CULPOSO,REYNOSA,26.082566179367813,98.30240348103364,26.082566179367813,-98.30240348103364,True,True,True,REYNOSA
UNIDAD REYNOSA 3A.,16/09/2019,2019.0,LESIONES,CULPOSO,REYNOSA,26.0823687,98.30495,26.0823687,-98.30495,True,True,True,REYNOSA
UNIDAD REYNOSA 2A.,16/09/2022,2022.0,HOMICIDIO,CULPOSO,REYNOSA,26.000451480991636,-98.27561149894407,26.00045148099164,-98.27561149894407,True,True,True,REYNOSA
UNIDAD REYNOSA 2A.,16/09/2023,2023.0,LESIONES,CULPOSO,REYNOSA,26.0385359,98.239264,26.0385359,-98.239264,True,True,True,REYNOSA
UNIDAD REYNOSA 2A.,16/09/2023,2023.0,LESIONES,CULPOSO,REYNOSA,26.0225574315303,98.34960171530996,26.0225574315303,-98.34960171530996,True,True,True,REYNOSA
UNIDAD REYNOSA 2A.,16/09/2023,2023.0,LESIONES,CULPOSO,REYNOSA,26.04789849679271,98.29997334006256,26.04789849679271,-98.29997334006256,True,True,True,REYNOSA
UNIDAD REYNOSA 2A.,16/10/2022,2022.0,HOMICIDIO,CULPOSO,REYNOSA,26.0319717,98.2921759,26.0319717,-98.2921759,True,True,True,REYNOSA
UNIDAD REYNOSA 2A.,16/10/2022,2022.0,LESIONES,CULPOSO,REYNOSA,26.038761941309783,98.35646209774886,26.038761941309783,-98.35646209774886,True,True,True,REYNOSA
UNIDAD REYNOSA 3A.,16/11/2019,2019.0,HOMICIDIO,CULPOSO,REYNOSA,26.04760,-98.366376,26.0476,-98.366376,True,True,True,REYNOSA
UNIDAD REYNOSA 3A.,16/12/2019,2019.0,LESIONES,CULPOSO,REYNOSA,26.085744348272744,-98.28481256961824,26.085744348272744,-98.28481256961824,True,True,True,REYNOSA
UNIDAD REYNOSA 3A.,16/12/2020,2020.0,LESIONES,CULPOSO,REYNOSA,26.0823687,98.30495,26.0823687,-98.30495,True,True,True,REYNOSA
UNIDAD REYNOSA 1A.,17/01/2020,2020.0,LESIONES,CULPOSO,REYNOSA,26.088062076143675,-98.27321321764943,26.088062076143675,-98.27321321764944,True,True,True,REYNOSA
UNIDAD REYNOSA 3A.,17/01/2022,2022.0,HOMICIDIO,CULPOSO,REYNOSA,26.0102920,98.3435,26.010292,-98.3435,True,False,True,REYNOSA
UNIDAD REYNOSA 1A.,17/01/2022,2022.0,HOMICIDIO,CULPOSO,REYNOSA,26.055091343473403,-98.29660892486574,26.055091343473403,-98.29660892486574,True,True,True,REYNOSA
UNIDAD REYNOSA 1A.,17/01/2022,2022.0,HOMICIDIO,CULPOSO,REYNOSA,26.082324133068745,-98.30265998840333,26.082324133068745,-98.30265998840332,True,True,True,REYNOSA
UNIDAD REYNOSA 1A.,17/02/2019,2019.0,HOMICIDIO,CULPOSO,REYNOSA,26.084721124795728,-98.29922676086426,26.084721124795728,-98.29922676086426,True,True,True,REYNOSA
UNIDAD REYNOSA 1A.,17/02/2021,2021.0,LESIONES,CULPOSO,REYNOSA,26.0914136,-98.2747612,26.0914136,-98.2747612,True,True,True,REYNOSA
UNIDAD REYNOSA 1A.,17/02/2022,2022.0,HOMICIDIO,CULPOSO,REYNOSA,25.936941160886736,-98.26725482940675,25.936941160886736,-98.26725482940677,True,False,False,REYNOSA
ATENCION INMEDIATA EN REYNOSA,17/02/2023,2023.0,LESIONES,CULPOSO,REYNOSA,26.014121519683012,-98.24258655309679,26.01412151968301,-98.2425865530968,True,True,True,REYNOSA
UNIDAD REYNOSA 1A.,17/03/2019,2019.0,LESIONES,CULPOSO,REYNOSA,26.09304637495413,-98.3145046234131,26.09304637495413,-98.3145046234131,True,True,True,REYNOSA
UNIDAD REYNOSA 1A.,17/03/2022,2022.0,HOMICIDIO,CULPOSO,REYNOSA,26.0553963,-98.3021041,26.0553963,-98.3021041,True,True,True,REYNOSA
UNIDAD REYNOSA 1A.,17/04/2020,2020.0,HOMICIDIO,CULPOSO,REYNOSA,26.20513,-98.45590,26.20513,-98.4559,True,False,False,REYNOSA
UNIDAD REYNOSA 1A.,17/04/2023,2023.0,HOMICIDIO,CULPOSO,REYNOSA,26.078677872587356,-98.28130636799759,26.07867787258736,-98.2813063679976,True,True,True,REYNOSA
UNIDAD REYNOSA 2A.,17/06/2019,2019.0,HOMICIDIO,CULPOSO,REYNOSA,26.01203,-98.24783,26.01203,-98.24783,True,True,True,REYNOSA
UNIDAD REYNOSA 2A.,17/07/2023,2023.0,LESIONES,CULPOSO,REYNOSA,26.0942212,98.3058047,26.0942212,-98.3058047,True,True,True,REYNOSA
UNIDAD REYNOSA 2A.,17/08/2023,2023.0,LESIONES,CULPOSO,REYNOSA,26.045647644777663,98.39105679164427,26.045647644777663,-98.39105679164427,True,True,True,REYNOSA
UNIDAD REYNOSA 2A.,17/09/2023,2023.0,HOMICIDIO,CULPOSO,REYNOSA,26.057369596525533,98.36448977416785,26.057369596525533,-98.36448977416784,True,True,True,REYNOSA
UNIDAD REYNOSA 2A.,17/10/2021,2021.0,LESIONES,CULPOSO,REYNOSA,26.055589084718267,-98.2969650323443,26.055589084718267,-98.2969650323443,True,True,True,REYNOSA
UNIDAD REYNOSA 3A.,17/10/2022,2022.0,LESIONES,CULPOSO,REYNOSA,26.041379,98.307808,26.041379,-98.307808,True,True,True,REYNOSA
ATENCION INMEDIATA EN REYNOSA,17/10/2022,2022.0,LESIONES,CULPOSO,REYNOSA,26.06961090694844,-98.2785584979016,26.06961090694844,-98.2785584979016,True,True,True,REYNOSA
UNIDAD REYNOSA 3A.,17/10/2023,2023.0,LESIONES,CULPOSO,REYNOSA,26.0243562,-98.4061743,26.0243562,-98.4061743,True,True,True,REYNOSA
UNIDAD REYNOSA 3A.,17/10/2023,2023.0,LESIONES,CULPOSO,REYNOSA,25.9369998,-98.2711298,25.9369998,-98.2711298,True,False,False,REYNOSA
ATENCION INMEDIATA EN REYNOSA,17/11/2021,2021.0,LESIONES,CULPOSO,REYNOSA,26.08370626980119,-98.27775411809348,26.08370626980119,-98.27775411809348,True,True,True,REYNOSA
ATENCION INMEDIATA EN REYNOSA,18/02/2020,2020.0,LESIONES,CULPOSO,REYNOSA,26.08101029028806,-98.29319791171545,26.08101029028806,-98.29319791171544,True,True,True,REYNOSA
ATENCION INMEDIATA EN REYNOSA,18/02/2020,2020.0,LESIONES,CULPOSO,REYNOSA,26.070201282634866,-98.32510535484741,26.070201282634866,-98.3251053548474,True,True,True,REYNOSA
ATENCION INMEDIATA EN REYNOSA,18/02/2020,2020.0,LESIONES,CULPOSO,REYNOSA,26.064003111042155,-98.32665118647272,26.064003111042155,-98.32665118647272,True,True,True,REYNOSA
UNIDAD REYNOSA 1A.,18/03/2020,2020.0,LESIONES,CULPOSO,REYNOSA,26.09260408956393,98.28435736117864,26.09260408956393,-98.28435736117864,True,True,True,REYNOSA
UNIDAD REYNOSA 1A.,18/03/2022,2022.0,LESIONES,CULPOSO,REYNOSA,25.9952366,-98.32048,25.9952366,-98.32048,True,False,True,REYNOSA
UNIDAD REYNOSA 1A.,18/04/2020,2020.0,LESIONES,CULPOSO,REYNOSA,26.052356007885138,-98.3485279236945,26.052356007885138,-98.3485279236945,True,True,True,REYNOSA
UNIDAD REYNOSA 1A.,18/04/2021,2021.0,HOMICIDIO,CULPOSO,REYNOSA,26.02349905671708,-98.23985244674058,26.02349905671708,-98.23985244674058,True,True,True,REYNOSA
UNIDAD REYNOSA 1A.,18/05/2019,2019.0,HOMICIDIO,CULPOSO,REYNOSA,26.019202377142655,-98.20838810471493,26.01920237714265,-98.20838810471491,True,True,True,REYNOSA
UNIDAD REYNOSA 1A.,18/05/2022,2022.0,HOMICIDIO,CULPOSO,REYNOSA,26.058624989935954,-98.3854221734215,26.05862498993596,-98.3854221734215,True,True,True,REYNOSA
UNIDAD REYNOSA 2A.,18/06/2019,2019.0,LESIONES,CULPOSO,REYNOSA,26.0171982,98.260837,26.0171982,-98.260837,True,True,True,REYNOSA
UNIDAD REYNOSA 1A.,18/06/2021,2021.0,HOMICIDIO,CULPOSO,REYNOSA,26.032336001902667,-98.38337364562257,26.032336001902667,-98.38337364562256,True,True,True,REYNOSA
UNIDAD REYNOSA 1A.,18/06/2023,2023.0,LESIONES,CULPOSO,REYNOSA,26.058112,-98.3272258,26.058112,-98.3272258,True,True,True,REYNOSA
UNIDAD REYNOSA 2A.,18/08/2019,2019.0,LESIONES,CULPOSO,REYNOSA,26.094242198050452,-98.27800669178495,26.09424219805045,-98.27800669178497,True,True,True,REYNOSA
UNIDAD REYNOSA 2A.,18/08/2019,2019.0,LESIONES,CULPOSO,REYNOSA,26.08978050595676,-98.2809471558604,26.08978050595676,-98.2809471558604,True,True,True,REYNOSA
UNIDAD REYNOSA 2A.,18/08/2021,2021.0,LESIONES,CULPOSO,REYNOSA,26.051048316485197,98.38348017388591,26.0510483164852,-98.38348017388591,True,True,True,REYNOSA
UNIDAD REYNOSA 2A.,18/09/2020,2020.0,HOMICIDIO,CULPOSO,REYNOSA,26.0553915,-98.2995292,26.0553915,-98.2995292,True,True,True,REYNOSA
UNIDAD REYNOSA 2A.,18/09/2022,2022.0,LESIONES,CULPOSO,REYNOSA,26.0449598,-98.2995053,26.0449598,-98.2995053,True,True,True,REYNOSA
UNIDAD REYNOSA 3A.,18/09/2023,2023.0,LESIONES,CULPOSO,REYNOSA,26.0823687,98.30495,26.0823687,-98.30495,True,True,True,REYNOSA
UNIDAD REYNOSA 3A.,18/09/2023,2023.0,LESIONES,CULPOSO,REYNOSA,26.0726731,98.31574,26.0726731,-98.31574,True,True,True,REYNOSA
UNIDAD REYNOSA 2A.,18/09/2023,2023.0,LESIONES,CULPOSO,REYNOSA,26.025013231348723,-98.24704486138346,26.025013231348723,-98.24704486138346,True,True,True,REYNOSA
UNIDAD REYNOSA 2A.,18/10/2020,2020.0,LESIONES,CULPOSO,REYNOSA,26.0823687,-98.3049569,26.0823687,-98.3049569,True,True,True,REYNOSA
UNIDAD REYNOSA 3A.,18/10/2023,2023.0,LESIONES,CULPOSO,REYNOSA,26.062629,-98.320099,26.062629,-98.320099,True,True,True,REYNOSA
UNIDAD REYNOSA 3A.,18/10/2023,2023.0,HOMICIDIO,CULPOSO,REYNOSA,26.0236548,-98.382935,26.0236548,-98.382935,True,False,True,REYNOSA
UNIDAD REYNOSA 3A.,18/11/2019,2019.0,HOMICIDIO,CULPOSO,REYNOSA,26.090397523346937,-98.28174680471422,26.090397523346937,-98.28174680471422,True,True,True,REYNOSA
UNIDAD REYNOSA 3A.,18/11/2019,2019.0,HOMICIDIO,CULPOSO,REYNOSA,26.087302,-98.28215,26.087302,-98.28215,True,True,True,REYNOSA
UNIDAD REYNOSA 3A.,18/11/2022,2022.0,LESIONES,CULPOSO,REYNOSA,26.0529967,98.35785,26.0529967,-98.35785,True,True,True,REYNOSA
UNIDAD REYNOSA 3A.,18/11/2023,2023.0,LESIONES,CULPOSO,REYNOSA,26.0420464,-98.3168475,26.0420464,-98.3168475,True,True,True,REYNOSA
UNIDAD REYNOSA 3A.,18/11/2023,2023.0,LESIONES,CULPOSO,REYNOSA,26.0553915,-98.2995292,26.0553915,-98.2995292,True,True,True,REYNOSA
UNIDAD REYNOSA 1A.,19/01/2020,2020.0,LESIONES,CULPOSO,REYNOSA,26.089654677873334,-98.29304695129396,26.08965467787333,-98.29304695129396,True,True,True,REYNOSA
UNIDAD REYNOSA 1A.,19/01/2023,2023.0,LESIONES,CULPOSO,REYNOSA,26.002641646247387,-98.15639060216074,26.002641646247387,-98.15639060216074,True,False,False,REYNOSA
UNIDAD REYNOSA 1A.,19/02/2022,2022.0,HOMICIDIO,CULPOSO,REYNOSA,26.03058292789728,-98.23390960693361,26.03058292789728,-98.2339096069336,True,True,True,REYNOSA
UNIDAD REYNOSA 1A.,19/03/2019,2019.0,LESIONES,CULPOSO,REYNOSA,26.092767911944392,-98.27776283513835,26.092767911944392,-98.27776283513836,True,True,True,REYNOSA
UNIDAD REYNOSA 1A.,19/03/2021,2021.0,LESIONES,CULPOSO,REYNOSA,26.05230835135834,-98.30806086924463,26.05230835135834,-98.30806086924464,True,True,True,REYNOSA
UNIDAD REYNOSA 1A.,19/03/2022,2022.0,LESIONES,CULPOSO,REYNOSA,26.0335983,-98.3780472,26.0335983,-98.3780472,True,True,True,REYNOSA
UNIDAD REYNOSA 1A.,19/03/2022,2022.0,LESIONES,CULPOSO,REYNOSA,26.0372562,-98.3322,26.0372562,-98.3322,True,False,True,REYNOSA
UNIDAD REYNOSA 1A.,19/03/2022,2022.0,HOMICIDIO,CULPOSO,REYNOSA,26.0286946,-98.23607,26.0286946,-98.23607,True,True,True,REYNOSA
UNIDAD REYNOSA 1A.,19/03/2022,2022.0,LESIONES,CULPOSO,REYNOSA,26.0372562,-98.3322,26.0372562,-98.3322,True,False,True,REYNOSA
UNIDAD REYNOSA 1A.,19/03/2022,2022.0,HOMICIDIO,CULPOSO,REYNOSA,26.0878452,-98.2706234,26.0878452,-98.2706234,True,True,True,REYNOSA
UNIDAD REYNOSA 1A.,19/03/2023,2023.0,HOMICIDIO,CULPOSO,REYNOSA,26.055435918886342,-98.2968556880951,26.055435918886342,-98.2968556880951,True,True,True,REYNOSA
UNIDAD REYNOSA 1A.,19/05/2023,2023.0,LESIONES,CULPOSO,REYNOSA,26.015700,-98.261918,26.0157,-98.261918,True,True,True,REYNOSA
UNIDAD REYNOSA 2A.,19/06/2020,2020.0,HOMICIDIO,CULPOSO,REYNOSA,26.05248,-98.36656,26.05248,-98.36656,True,True,True,REYNOSA
UNIDAD REYNOSA 1A.,19/06/2022,2022.0,LESIONES,CULPOSO,REYNOSA,25.562679350262652,-98.23501081507041,25.56267935026265,-98.2350108150704,True,False,False,REYNOSA
UNIDAD REYNOSA 1A.,19/06/2022,2022.0,LESIONES,CULPOSO,REYNOSA,26.107481548917853,-98.32683495191824,26.107481548917853,-98.32683495191824,True,True,True,REYNOSA
UNIDAD REYNOSA 1A.,19/06/2022,2022.0,HOMICIDIO,CULPOSO,REYNOSA,26.023270020837636,-98.24053112903924,26.02327002083764,-98.24053112903924,True,True,True,REYNOSA
UNIDAD REYNOSA 1A.,19/06/2023,2023.0,HOMICIDIO,CULPOSO,REYNOSA,26.00512,-98.16612,26.00512,-98.16612,True,False,False,REYNOSA
UNIDAD REYNOSA 2A.,19/07/2022,2022.0,LESIONES,CULPOSO,REYNOSA,26.05241,-98.29166,26.05241,-98.29166,True,True,True,REYNOSA
UNIDAD REYNOSA 2A.,19/07/2022,2022.0,HOMICIDIO,CULPOSO,REYNOSA,26.04962,-98.37994,26.04962,-98.37994,True,True,True,REYNOSA
UNIDAD REYNOSA 3A.,19/08/2020,2020.0,HOMICIDIO,CULPOSO,REYNOSA,26.0133557,98.3606093,26.0133557,-98.3606093,True,False,True,REYNOSA
UNIDAD REYNOSA 2A.,19/08/2021,2021.0,LESIONES,CULPOSO,REYNOSA,26.038114774987775,-98.34029151770189,26.03811477498777,-98.34029151770189,True,True,True,REYNOSA
UNIDAD REYNOSA 2A.,19/08/2023,2023.0,HOMICIDIO,CULPOSO,REYNOSA,25.994735,-98.206685,25.994735,-98.206685,True,True,True,REYNOSA
UNIDAD REYNOSA 2A.,19/09/2021,2021.0,HOMICIDIO,CULPOSO,REYNOSA,26.103828884809065,-98.32080659014935,26.103828884809065,-98.32080659014936,True,True,True,REYNOSA
UNIDAD REYNOSA 3A.,19/09/2022,2022.0,LESIONES,CULPOSO,REYNOSA,26.0823639,98.30495,26.0823639,-98.30495,True,True,True,REYNOSA
UNIDAD REYNOSA 3A.,19/09/2023,2023.0,LESIONES,CULPOSO,REYNOSA,26.0216275,98.29752,26.0216275,-98.29752,True,True,True,REYNOSA
UNIDAD REYNOSA 3A.,19/10/2019,2019.0,LESIONES,CULPOSO,REYNOSA,26.0386475,98.24723,26.0386475,-98.24723,True,True,True,REYNOSA
UNIDAD REYNOSA 3A.,19/10/2021,2021.0,LESIONES,CULPOSO,REYNOSA,25.7824124,99.29141,25.7824124,-99.29141,True,False,False,REYNOSA
UNIDAD REYNOSA 3A.,19/11/2021,2021.0,HOMICIDIO,CULPOSO,REYNOSA,26.064123,-98.32854,26.064123,-98.32854,True,True,True,REYNOSA
UNIDAD REYNOSA 1A.,20/01/2022,2022.0,LESIONES,CULPOSO,REYNOSA,26.082151827425665,-98.30233873819135,26.082151827425665,-98.30233873819137,True,True,True,REYNOSA
UNIDAD REYNOSA 1A.,20/01/2023,2023.0,HOMICIDIO,CULPOSO,REYNOSA,26.031660047110613,-98.2645626558793,26.031660047110613,-98.2645626558793,True,True,True,REYNOSA
UNIDAD REYNOSA 1A.,20/02/2021,2021.0,LESIONES,CULPOSO,REYNOSA,26.0746575,-98.3201076,26.0746575,-98.3201076,True,True,True,REYNOSA
UNIDAD REYNOSA 1A.,20/02/2021,2021.0,HOMICIDIO,CULPOSO,REYNOSA,26.0378179,-98.2933634,26.0378179,-98.2933634,True,True,True,REYNOSA
UNIDAD REYNOSA 1A.,20/02/2022,2022.0,LESIONES,CULPOSO,REYNOSA,25.969547509092866,-98.27030181884766,25.969547509092862,-98.27030181884766,True,True,True,REYNOSA
UNIDAD REYNOSA 3A.,20/03/2020,2020.0,LESIONES,CULPOSO,REYNOSA,26.0412258,98.3696855,26.0412258,-98.3696855,True,True,True,REYNOSA
ATENCION INMEDIATA EN REYNOSA,20/03/2020,2020.0,LESIONES,CULPOSO,REYNOSA,26.07424642962897,-98.28894471781685,26.07424642962897,-98.28894471781685,True,True,True,REYNOSA
UNIDAD REYNOSA 1A.,20/03/2022,2022.0,HOMICIDIO,CULPOSO,REYNOSA,26.0799953,-98.37264,26.0799953,-98.37264,True,True,True,REYNOSA
UNIDAD REYNOSA 3A.,20/03/2022,2022.0,LESIONES,CULPOSO,REYNOSA,26.0585758,-98.30224,26.0585758,-98.30224,True,True,True,REYNOSA
UNIDAD REYNOSA 1A.,20/04/2019,2019.0,HOMICIDIO,CULPOSO,REYNOSA,25.78261,-99.28875,25.78261,-99.28875,True,False,False,REYNOSA
UNIDAD REYNOSA 1A.,20/04/2020,2020.0,LESIONES,CULPOSO,REYNOSA,26.070405860721255,98.32972729126125,26.07040586072125,-98.32972729126124,True,True,True,REYNOSA
UNIDAD REYNOSA 1A.,20/04/2020,2020.0,HOMICIDIO,CULPOSO,REYNOSA,26.000663,98.238102,26.000663,-98.238102,True,True,True,REYNOSA
UNIDAD REYNOSA 1A.,20/04/2021,2021.0,LESIONES,CULPOSO,REYNOSA,26.031294,-98.35742,26.031294,-98.35742,True,True,True,REYNOSA
UNIDAD REYNOSA 1A.,20/04/2021,2021.0,LESIONES,CULPOSO,REYNOSA,26.060468,-98.31245,26.060468,-98.31245,True,True,True,REYNOSA
UNIDAD REYNOSA 2A.,20/05/2019,2019.0,LESIONES,CULPOSO,REYNOSA,26.077308301040187,-98.34079626561389,26.077308301040187,-98.34079626561387,True,True,True,REYNOSA
UNIDAD REYNOSA 2A.,20/05/2020,2020.0,HOMICIDIO,CULPOSO,REYNOSA,26.030661157816553,98.35884955722167,26.03066115781656,-98.35884955722167,True,True,True,REYNOSA
UNIDAD REYNOSA 2A.,20/05/2020,2020.0,LESIONES,CULPOSO,REYNOSA,26.02685073613625,98.26055014604174,26.02685073613625,-98.26055014604174,True,True,True,REYNOSA
UNIDAD REYNOSA 1A.,20/05/2022,2022.0,HOMICIDIO,CULPOSO,REYNOSA,26.02921,-98.25859,26.02921,-98.25859,True,True,True,REYNOSA
UNIDAD REYNOSA 2A.,20/06/2019,2019.0,LESIONES,CULPOSO,REYNOSA,26.066455033907168,-98.34081534805264,26.066455033907168,-98.34081534805264,True,True,True,REYNOSA
UNIDAD REYNOSA 2A.,20/06/2022,2022.0,HOMICIDIO,CULPOSO,REYNOSA,25.505655151084373,98.11000388605275,25.505655151084373,-98.11000388605277,True,False,False,REYNOSA
UNIDAD REYNOSA 2A.,20/07/2021,2021.0,LESIONES,CULPOSO,REYNOSA,26.081483,-98.324944,26.081483,-98.324944,True,True,True,REYNOSA
UNIDAD REYNOSA 2A.,20/07/2021,2021.0,LESIONES,CULPOSO,REYNOSA,26.08254696562907,-98.30240346095827,26.08254696562907,-98.30240346095827,True,True,True,REYNOSA
UNIDAD REYNOSA 3A.,20/08/2020,2020.0,LESIONES,CULPOSO,REYNOSA,26.061219,98.356025,26.061219,-98.356025,True,True,True,REYNOSA
UNIDAD REYNOSA 3A.,20/08/2021,2021.0,LESIONES,CULPOSO,REYNOSA,26.0837509,98.31664,26.0837509,-98.31664,True,True,True,REYNOSA
UNIDAD REYNOSA 3A.,20/08/2021,2021.0,LESIONES,CULPOSO,REYNOSA,26.076815,-98.32845,26.076815,-98.32845,True,True,True,REYNOSA
UNIDAD REYNOSA 3A.,20/08/2021,2021.0,LESIONES,CULPOSO,REYNOSA,26.032662,-98.24855,26.032662,-98.24855,True,True,True,REYNOSA
UNIDAD REYNOSA 2A.,20/08/2023,2023.0,HOMICIDIO,CULPOSO,REYNOSA,25.95313859642505,98.21458776538331,25.95313859642505,-98.21458776538331,True,False,True,REYNOSA
UNIDAD REYNOSA 3A.,20/09/2019,2019.0,HOMICIDIO,CULPOSO,REYNOSA,26.0823687,98.30495,26.0823687,-98.30495,True,True,True,REYNOSA
UNIDAD REYNOSA 3A.,20/09/2019,2019.0,HOMICIDIO,CULPOSO,REYNOSA,26.0357892,98.2831353,26.0357892,-98.2831353,True,True,True,REYNOSA
UNIDAD REYNOSA 2A.,20/09/2021,2021.0,HOMICIDIO,CULPOSO,REYNOSA,26.041899044037283,-98.31109892345623,26.041899044037283,-98.31109892345624,True,True,True,REYNOSA
UNIDAD REYNOSA 3A.,20/10/2020,2020.0,LESIONES,CULPOSO,REYNOSA,26.0635319,98.53207,26.0635319,-98.53207,True,False,False,REYNOSA
UNIDAD REYNOSA 3A.,20/10/2020,2020.0,LESIONES,CULPOSO,REYNOSA,25.7824124,99.29141,25.7824124,-99.29141,True,False,False,REYNOSA
UNIDAD REYNOSA 3A.,20/10/2022,2022.0,HOMICIDIO,CULPOSO,REYNOSA,26.0297583,98.22072,26.0297583,-98.22072,True,True,True,REYNOSA
UNIDAD REYNOSA 3A.,20/11/2019,2019.0,LESIONES,CULPOSO,REYNOSA,26.0918955,98.27740,26.0918955,-98.2774,True,True,True,REYNOSA
UNIDAD REYNOSA 3A.,20/11/2020,2020.0,LESIONES,CULPOSO,REYNOSA,26.0553915,98.29952,26.0553915,-98.29952,True,True,True,REYNOSA
UNIDAD REYNOSA 3A.,20/11/2020,2020.0,HOMICIDIO,CULPOSO,REYNOSA,26.0633057,98.28622,26.0633057,-98.28622,True,True,True,REYNOSA
UNIDAD REYNOSA 3A.,20/11/2023,2023.0,LESIONES,CULPOSO,REYNOSA,26.0287139,-98.2360733,26.0287139,-98.2360733,True,True,True,REYNOSA
UNIDAD REYNOSA 3A.,20/11/2023,2023.0,LESIONES,CULPOSO,REYNOSA,25.9369998,-98.2711298,25.9369998,-98.2711298,True,False,False,REYNOSA
UNIDAD REYNOSA 3A.,20/11/2023,2023.0,LESIONES,CULPOSO,REYNOSA,25.9369998,-98.2711298,25.9369998,-98.2711298,True,False,False,REYNOSA
UNIDAD REYNOSA 3A.,20/11/2023,2023.0,LESIONES,CULPOSO,REYNOSA,26.0553915,-98.2995292,26.0553915,-98.2995292,True,True,True,REYNOSA
UNIDAD REYNOSA 3A.,20/11/2023,2023.0,LESIONES,CULPOSO,REYNOSA,26.0553915,-98.2995292,26.0553915,-98.2995292,True,True,True,REYNOSA
UNIDAD REYNOSA 1A.,20/12/2021,2021.0,HOMICIDIO,CULPOSO,REYNOSA,25.969592031326535,98.27257827619087,25.96959203132653,-98.27257827619088,True,True,True,REYNOSA
UNIDAD REYNOSA 1A.,20/12/2021,2021.0,HOMICIDIO,CULPOSO,REYNOSA,25.953204,98.271563,25.953204,-98.271563,True,False,True,REYNOSA
UNIDAD REYNOSA 3A.,20/12/2023,2023.0,HOMICIDIO,CULPOSO,REYNOSA,26.055720,-98.297411,26.05572,-98.297411,True,True,True,REYNOSA
UNIDAD REYNOSA 1A.,21/01/2019,2019.0,LESIONES,CULPOSO,REYNOSA,26.078399705969108,-98.27519416809083,26.078399705969108,-98.27519416809083,True,True,True,REYNOSA
UNIDAD REYNOSA 1A.,21/01/2020,2020.0,HOMICIDIO,CULPOSO,REYNOSA,26.04369,-98.29943,26.04369,-98.29943,True,True,True,REYNOSA
ATENCION INMEDIATA EN REYNOSA,21/01/2020,2020.0,LESIONES,CULPOSO,REYNOSA,26.086158694022277,-98.33231985569002,26.08615869402228,-98.33231985569002,True,True,True,REYNOSA
UNIDAD REYNOSA 1A.,21/02/2021,2021.0,HOMICIDIO,CULPOSO,REYNOSA,26.02153762862417,-98.23371915375931,26.02153762862417,-98.23371915375932,True,True,True,REYNOSA
UNIDAD REYNOSA 1A.,21/03/2022,2022.0,LESIONES,CULPOSO,REYNOSA,25.9716046,-98.31716,25.9716046,-98.31716,True,False,True,REYNOSA
UNIDAD REYNOSA 1A.,21/04/2019,2019.0,LESIONES,CULPOSO,REYNOSA,26.067658975874412,-98.33215710116468,26.06765897587441,-98.33215710116468,True,True,True,REYNOSA
ATENCION INMEDIATA EN REYNOSA,21/04/2020,2020.0,LESIONES,CULPOSO,REYNOSA,26.052523862721827,-98.30860622883773,26.052523862721827,-98.30860622883772,True,True,True,REYNOSA
UNIDAD REYNOSA 1A.,21/04/2021,2021.0,HOMICIDIO,CULPOSO,REYNOSA,26.0908900604461,-98.29639504429876,26.0908900604461,-98.29639504429876,True,True,True,REYNOSA
UNIDAD REYNOSA 1A.,21/04/2021,2021.0,HOMICIDIO,CULPOSO,REYNOSA,25.7823862,-98.3484859,25.7823862,-98.3484859,True,False,False,REYNOSA
UNIDAD REYNOSA 1A.,21/04/2023,2023.0,HOMICIDIO,CULPOSO,REYNOSA,26.0144400,-98.2768790,26.01444,-98.276879,True,True,True,REYNOSA
UNIDAD REYNOSA 1A.,21/05/2019,2019.0,LESIONES,CULPOSO,REYNOSA,26.127843339728734,-98.34631609685579,26.12784333972873,-98.3463160968558,True,True,True,REYNOSA
UNIDAD REYNOSA 2A.,21/05/2020,2020.0,HOMICIDIO,CULPOSO,REYNOSA,26.053583476317304,-98.30627824372802,26.053583476317304,-98.30627824372802,True,True,True,REYNOSA
UNIDAD REYNOSA 1A.,21/06/2021,2021.0,LESIONES,CULPOSO,REYNOSA,26.018541789213618,-98.272001319539,26.01854178921361,-98.272001319539,True,True,True,REYNOSA
UNIDAD REYNOSA 1A.,21/06/2021,2021.0,HOMICIDIO,CULPOSO,REYNOSA,26.035811351805794,-98.27560575268909,26.0358113518058,-98.27560575268907,True,True,True,REYNOSA
UNIDAD REYNOSA 2A.,21/06/2022,2022.0,LESIONES,CULPOSO,REYNOSA,26.0222519,-98.3495211,26.0222519,-98.3495211,True,True,True,REYNOSA
UNIDAD REYNOSA 2A.,21/07/2020,2020.0,HOMICIDIO,CULPOSO,REYNOSA,26.07024232213624,-98.330651588168,26.07024232213624,-98.330651588168,True,True,True,REYNOSA
UNIDAD REYNOSA 3A.,21/08/2020,2020.0,HOMICIDIO,CULPOSO,REYNOSA,26.0823639,98.304956,26.0823639,-98.304956,True,True,True,REYNOSA
UNIDAD REYNOSA 2A.,21/08/2022,2022.0,HOMICIDIO,CULPOSO,REYNOSA,25.550801010242225,98.23391690329883,25.550801010242225,-98.23391690329883,True,False,False,REYNOSA
UNIDAD REYNOSA 2A.,21/08/2022,2022.0,LESIONES,CULPOSO,REYNOSA,25.9823669,-98.1074205,25.9823669,-98.1074205,True,False,False,REYNOSA
UNIDAD REYNOSA 2A.,21/09/2020,2020.0,HOMICIDIO,CULPOSO,REYNOSA,25.9394184,-98.0578455,25.9394184,-98.0578455,True,False,False,REYNOSA
UNIDAD REYNOSA 2A.,21/09/2020,2020.0,HOMICIDIO,CULPOSO,REYNOSA,25.9389873,-98.057845,25.9389873,-98.057845,True,False,False,REYNOSA
UNIDAD REYNOSA 3A.,21/09/2021,2021.0,LESIONES,CULPOSO,REYNOSA,26.0851655,98.27392,26.0851655,-98.27392,True,True,True,REYNOSA
UNIDAD REYNOSA 3A.,21/09/2022,2022.0,LESIONES,CULPOSO,REYNOSA,26.0823639,98.30495,26.0823639,-98.30495,True,True,True,REYNOSA
UNIDAD REYNOSA 3A.,21/10/2020,2020.0,LESIONES,CULPOSO,REYNOSA,26.0553915,98.29952,26.0553915,-98.29952,True,True,True,REYNOSA
UNIDAD REYNOSA 3A.,21/10/2022,2022.0,LESIONES,CULPOSO,REYNOSA,26.0591943,98.33655,26.0591943,-98.33655,True,True,True,REYNOSA
UNIDAD REYNOSA 3A.,21/11/2019,2019.0,HOMICIDIO,CULPOSO,REYNOSA,26.087302,-98.28215,26.087302,-98.28215,True,True,True,REYNOSA
ATENCION INMEDIATA EN REYNOSA,21/11/2019,2019.0,LESIONES,CULPOSO,REYNOSA,26.066731045878516,-98.32313597202301,26.06673104587852,-98.323135972023,True,True,True,REYNOSA
UNIDAD REYNOSA 3A.,21/11/2020,2020.0,HOMICIDIO,CULPOSO,REYNOSA,26.007583,98.195381,26.007583,-98.195381,True,False,False,REYNOSA
UNIDAD REYNOSA 3A.,21/11/2021,2021.0,LESIONES,CULPOSO,REYNOSA,26.042723,-98.35518,26.042723,-98.35518,True,True,True,REYNOSA
UNIDAD REYNOSA 3A.,21/11/2021,2021.0,HOMICIDIO,CULPOSO,REYNOSA,26.074103,-98.32030,26.074103,-98.3203,True,True,True,REYNOSA
UNIDAD REYNOSA 3A.,21/11/2023,2023.0,LESIONES,CULPOSO,REYNOSA,26.090117187810236,-98.27519416809083,26.09011718781024,-98.27519416809083,True,True,True,REYNOSA
UNIDAD REYNOSA 3A.,21/11/2023,2023.0,LESIONES,CULPOSO,REYNOSA,26.055415437159347,-98.29662501811981,26.055415437159347,-98.2966250181198,True,True,True,REYNOSA
UNIDAD REYNOSA 3A.,21/11/2023,2023.0,LESIONES,CULPOSO,REYNOSA,26.056325063348336,-98.30145835876466,26.056325063348336,-98.30145835876466,True,True,True,REYNOSA
UNIDAD REYNOSA 3A.,21/12/2020,2020.0,LESIONES,CULPOSO,REYNOSA,26.073742,-98.35973,26.073742,-98.35973,True,True,True,REYNOSA
UNIDAD REYNOSA 3A.,21/12/2020,2020.0,LESIONES,CULPOSO,REYNOSA,25.9829,98.2743,25.9829,-98.2743,True,True,True,REYNOSA
UNIDAD REYNOSA 3A.,21/12/2021,2021.0,LESIONES,CULPOSO,REYNOSA,26.00117,98.23059,26.00117,-98.23059,True,True,True,REYNOSA
UNIDAD REYNOSA 1A.,22/01/2023,2023.0,HOMICIDIO,CULPOSO,REYNOSA,26.01932989760859,-98.22492066171397,26.01932989760859,-98.22492066171397,True,True,True,REYNOSA
UNIDAD REYNOSA 1A.,22/02/2019,2019.0,LESIONES,CULPOSO,REYNOSA,26.04502738961888,-98.31211640614026,26.04502738961888,-98.31211640614026,True,True,True,REYNOSA
UNIDAD REYNOSA 1A.,22/02/2019,2019.0,LESIONES,CULPOSO,REYNOSA,26.050422927767926,-98.33481733063425,26.05042292776793,-98.33481733063424,True,True,True,REYNOSA
UNIDAD REYNOSA 1A.,22/02/2023,2023.0,HOMICIDIO,CULPOSO,REYNOSA,25.937149348024167,98.2677609694519,25.937149348024167,-98.2677609694519,True,False,False,REYNOSA
UNIDAD REYNOSA 1A.,22/03/2021,2021.0,LESIONES,CULPOSO,REYNOSA,26.081821118917382,-98.30249399667665,26.081821118917382,-98.30249399667665,True,True,True,REYNOSA
UNIDAD REYNOSA 2A.,22/05/2020,2020.0,LESIONES,CULPOSO,REYNOSA,26.07298091807302,-98.37183274295788,26.07298091807302,-98.37183274295788,True,True,True,REYNOSA
UNIDAD REYNOSA 1A.,22/05/2022,2022.0,HOMICIDIO,CULPOSO,REYNOSA,26.061431036641178,-98.35411938979438,26.06143103664117,-98.35411938979438,True,True,True,REYNOSA
UNIDAD REYNOSA 1A.,22/05/2022,2022.0,HOMICIDIO,CULPOSO,REYNOSA,26.03590659842462,-98.2753575707647,26.03590659842462,-98.2753575707647,True,True,True,REYNOSA
UNIDAD REYNOSA 2A.,22/06/2019,2019.0,HOMICIDIO,CULPOSO,REYNOSA,26.089867961617387,-98.29858142069536,26.089867961617387,-98.29858142069536,True,True,True,REYNOSA
UNIDAD REYNOSA 2A.,22/06/2020,2020.0,LESIONES,CULPOSO,REYNOSA,26.08683,-98.33827,26.08683,-98.33827,True,True,True,REYNOSA
UNIDAD REYNOSA 2A.,22/06/2022,2022.0,LESIONES,CULPOSO,REYNOSA,26.0305349,-98.2869945,26.0305349,-98.2869945,True,True,True,REYNOSA
UNIDAD REYNOSA 2A.,22/07/2019,2019.0,LESIONES,CULPOSO,REYNOSA,26.045140351039425,98.29251557507872,26.045140351039425,-98.29251557507872,True,True,True,REYNOSA
UNIDAD REYNOSA 2A.,22/07/2023,2023.0,HOMICIDIO,CULPOSO,REYNOSA,26.025071,-98.248386,26.025071,-98.248386,True,True,True,REYNOSA
UNIDAD REYNOSA 3A.,22/08/2020,2020.0,LESIONES,CULPOSO,REYNOSA,25.9690507,98.26903,25.9690507,-98.26903,True,True,True,REYNOSA
UNIDAD REYNOSA 3A.,22/08/2020,2020.0,HOMICIDIO,CULPOSO,REYNOSA,26.036158,98.312768,26.036158,-98.312768,True,True,True,REYNOSA
UNIDAD REYNOSA 3A.,22/08/2020,2020.0,HOMICIDIO,CULPOSO,REYNOSA,26.0360819,98.27414,26.0360819,-98.27414,True,True,True,REYNOSA
UNIDAD REYNOSA 3A.,22/08/2022,2022.0,LESIONES,CULPOSO,REYNOSA,26.0470806,98.33090,26.0470806,-98.3309,True,True,True,REYNOSA
UNIDAD REYNOSA 3A.,22/08/2023,2023.0,LESIONES,CULPOSO,REYNOSA,26.1043237,98.29434,26.1043237,-98.29434,True,True,True,REYNOSA
UNIDAD REYNOSA 3A.,22/09/2019,2019.0,HOMICIDIO,CULPOSO,REYNOSA,26.0342397,98.3940536,26.0342397,-98.3940536,True,True,True,REYNOSA
UNIDAD REYNOSA 3A.,22/09/2019,2019.0,HOMICIDIO,CULPOSO,REYNOSA,26.0441092,98.3188408,26.0441092,-98.3188408,True,True,True,REYNOSA
UNIDAD REYNOSA 3A.,22/09/2023,2023.0,HOMICIDIO,CULPOSO,REYNOSA,25.9369998,-98.2711298,25.9369998,-98.2711298,True,False,False,REYNOSA
UNIDAD REYNOSA 3A.,22/09/2023,2023.0,HOMICIDIO,CULPOSO,REYNOSA,26.205084,-98.505064,26.205084,-98.505064,True,False,False,REYNOSA
UNIDAD REYNOSA 3A.,22/09/2023,2023.0,LESIONES,CULPOSO,REYNOSA,26.052346,-98.302982,26.052346,-98.302982,True,True,True,REYNOSA
UNIDAD REYNOSA 3A.,22/09/2023,2023.0,LESIONES,CULPOSO,REYNOSA,25.9369998,-98.2711298,25.9369998,-98.2711298,True,False,False,REYNOSA
UNIDAD REYNOSA 3A.,22/10/2021,2021.0,LESIONES,CULPOSO,REYNOSA,26.0867108,98.31077,26.0867108,-98.31077,True,True,True,REYNOSA
UNIDAD REYNOSA 2A.,22/11/2022,2022.0,LESIONES,CULPOSO,REYNOSA,26.07951031532284,-98.27729701995851,26.07951031532284,-98.27729701995852,True,True,True,REYNOSA
UNIDAD MATAMOROS 2A.,22/11/2023,2023.0,LESIONES,CULPOSO,REYNOSA,26.090146094620582,-98.28180313110352,26.090146094620582,-98.28180313110352,True,True,True,REYNOSA
UNIDAD REYNOSA 3A.,22/12/2021,2021.0,HOMICIDIO,CULPOSO,REYNOSA,26.01386,98.40718,26.01386,-98.40718,True,True,True,REYNOSA
UNIDAD REYNOSA 3A.,22/12/2022,2022.0,HOMICIDIO,CULPOSO,REYNOSA,26.08267378288757,-98.30309257744865,26.08267378288757,-98.30309257744864,True,True,True,REYNOSA
UNIDAD REYNOSA 3A.,22/12/2022,2022.0,HOMICIDIO,CULPOSO,REYNOSA,26.04762384724394,-98.33979676063855,26.04762384724394,-98.33979676063856,True,True,True,REYNOSA
UNIDAD REYNOSA 3A.,22/12/2023,2023.0,HOMICIDIO,CULPOSO,REYNOSA,26.094641016729856,-98.28566551208498,26.094641016729856,-98.28566551208498,True,True,True,REYNOSA
UNIDAD REYNOSA 1A.,23/01/2021,2021.0,HOMICIDIO,CULPOSO,REYNOSA,26.066514515587112,98.2052026032873,26.066514515587112,-98.2052026032873,True,False,True,REYNOSA
UNIDAD REYNOSA 1A.,23/02/2019,2019.0,LESIONES,CULPOSO,REYNOSA,26.09333,-98.32364,26.09333,-98.32364,True,True,True,REYNOSA
UNIDAD REYNOSA 1A.,23/02/2019,2019.0,HOMICIDIO,CULPOSO,REYNOSA,26.08968,-98.29854,26.08968,-98.29854,True,True,True,REYNOSA
UNIDAD REYNOSA 1A.,23/02/2020,2020.0,HOMICIDIO,CULPOSO,REYNOSA,26.062104238856815,98.29793069158531,26.06210423885681,-98.29793069158532,True,True,True,REYNOSA
UNIDAD REYNOSA 1A.,23/02/2021,2021.0,LESIONES,CULPOSO,REYNOSA,26.0417964,-98.3813794,26.0417964,-98.3813794,True,True,True,REYNOSA
UNIDAD REYNOSA 1A.,23/02/2021,2021.0,LESIONES,CULPOSO,REYNOSA,26.092228528712827,-98.27663176041358,26.092228528712827,-98.27663176041358,True,True,True,REYNOSA
UNIDAD REYNOSA 1A.,23/03/2021,2021.0,LESIONES,CULPOSO,REYNOSA,26.06986135354808,-98.31099281835681,26.06986135354808,-98.3109928183568,True,True,True,REYNOSA
UNIDAD REYNOSA 1A.,23/04/2021,2021.0,HOMICIDIO,CULPOSO,REYNOSA,26.03138195088102,-98.35887542091739,26.03138195088102,-98.3588754209174,True,True,True,REYNOSA
UNIDAD REYNOSA 2A.,23/06/2019,2019.0,LESIONES,CULPOSO,REYNOSA,26.046857782263633,-98.24148673234448,26.04685778226364,-98.24148673234448,True,True,True,REYNOSA
UNIDAD REYNOSA 2A.,23/06/2020,2020.0,LESIONES,CULPOSO,REYNOSA,26.065784481916936,-98.32640174840861,26.065784481916936,-98.3264017484086,True,True,True,REYNOSA
UNIDAD REYNOSA 2A.,23/07/2022,2022.0,LESIONES,CULPOSO,REYNOSA,26.064384809653035,98.29361367442058,26.064384809653035,-98.29361367442058,True,True,True,REYNOSA
UNIDAD REYNOSA 2A.,23/07/2023,2023.0,LESIONES,CULPOSO,REYNOSA,26.07160445255964,-98.37000236776308,26.07160445255964,-98.37000236776308,True,True,True,REYNOSA
UNIDAD REYNOSA 2A.,23/08/2021,2021.0,LESIONES,CULPOSO,REYNOSA,26.005991,-98.265331,26.005991,-98.265331,True,True,True,REYNOSA
UNIDAD REYNOSA 2A.,23/08/2021,2021.0,LESIONES,CULPOSO,REYNOSA,26.083505221050657,-98.32873104390826,26.083505221050657,-98.32873104390826,True,True,True,REYNOSA
ATENCION INMEDIATA EN REYNOSA,23/08/2021,2021.0,LESIONES,CULPOSO,REYNOSA,26.02247257515287,-98.28774690628052,26.02247257515287,-98.28774690628052,True,True,True,REYNOSA
UNIDAD REYNOSA 3A.,23/09/2020,2020.0,LESIONES,CULPOSO,REYNOSA,26.082363,-98.30495,26.082363,-98.30495,True,True,True,REYNOSA
UNIDAD RIO BRAVO,23/09/2020,2020.0,HOMICIDIO,CULPOSO,REYNOSA,26.027560257551198,-98.23794272525309,26.0275602575512,-98.23794272525308,True,True,True,REYNOSA
ATENCION INMEDIATA EN REYNOSA,23/09/2020,2020.0,LESIONES,CULPOSO,REYNOSA,26.049439718471405,-98.37613345201116,26.049439718471405,-98.37613345201116,True,True,True,REYNOSA
UNIDAD REYNOSA 3A.,23/10/2021,2021.0,LESIONES,CULPOSO,REYNOSA,26.054348,98.367266,26.054348,-98.367266,True,True,True,REYNOSA
UNIDAD REYNOSA 3A.,23/10/2022,2022.0,HOMICIDIO,CULPOSO,REYNOSA,26.05666014,98.30584,26.05666014,-98.30584,True,True,True,REYNOSA
UNIDAD REYNOSA 2A.,23/11/2022,2022.0,LESIONES,CULPOSO,REYNOSA,26.034347483583286,-98.36003780364992,26.03434748358329,-98.36003780364992,True,True,True,REYNOSA
UNIDAD REYNOSA 3A.,23/12/2020,2020.0,LESIONES,CULPOSO,REYNOSA,25.8108549,-99.9859432,25.8108549,-99.9859432,True,False,False,REYNOSA
UNIDAD REYNOSA 3A.,23/12/2020,2020.0,LESIONES,CULPOSO,REYNOSA,26.097356916241377,-98.31779837608339,26.097356916241377,-98.3177983760834,True,True,True,REYNOSA
UNIDAD REYNOSA 3A.,23/12/2022,2022.0,HOMICIDIO,CULPOSO,REYNOSA,26.034295667535652,-98.42300534248353,26.03429566753565,-98.42300534248352,True,False,True,REYNOSA
UNIDAD REYNOSA 3A.,23/12/2023,2023.0,LESIONES,CULPOSO,REYNOSA,25.965226240193775,-98.27249050140382,25.96522624019377,-98.27249050140382,True,True,True,REYNOSA
UNIDAD REYNOSA 1A.,24/01/2020,2020.0,HOMICIDIO,CULPOSO,REYNOSA,26.08561,-98.27900,26.08561,-98.279,True,True,True,REYNOSA
UNIDAD REYNOSA 2A.,24/02/2020,2020.0,LESIONES,CULPOSO,REYNOSA,26.081234919880714,98.32632309216501,26.08123491988072,-98.326323092165,True,True,True,REYNOSA
UNIDAD REYNOSA 2A.,24/02/2020,2020.0,HOMICIDIO,CULPOSO,REYNOSA,26.094418717484785,-98.30334782082224,26.094418717484785,-98.30334782082224,True,True,True,REYNOSA
UNIDAD REYNOSA 1A.,24/03/2019,2019.0,LESIONES,CULPOSO,REYNOSA,26.02127,-98.29309,26.02127,-98.29309,True,True,True,REYNOSA
UNIDAD REYNOSA 1A.,24/03/2019,2019.0,HOMICIDIO,CULPOSO,REYNOSA,26.07768,-98.30311,26.07768,-98.30311,True,True,True,REYNOSA
UNIDAD REYNOSA 2A.,24/03/2020,2020.0,LESIONES,CULPOSO,REYNOSA,26.006637304615836,98.27104890914393,26.00663730461584,-98.27104890914391,True,True,True,REYNOSA
UNIDAD REYNOSA 1A.,24/04/2021,2021.0,HOMICIDIO,CULPOSO,REYNOSA,26.09657487566937,-98.2935396488797,26.09657487566937,-98.2935396488797,True,True,True,REYNOSA
UNIDAD REYNOSA 3A.,24/04/2023,2023.0,LESIONES,CULPOSO,REYNOSA,26.0545085,98.3551552,26.0545085,-98.3551552,True,True,True,REYNOSA
ATENCION INMEDIATA EN REYNOSA,24/04/2023,2023.0,LESIONES,CULPOSO,REYNOSA,26.0958665047434,-98.3034643033926,26.0958665047434,-98.3034643033926,True,True,True,REYNOSA
UNIDAD REYNOSA 2A.,24/05/2019,2019.0,HOMICIDIO,CULPOSO,REYNOSA,26.00255948245839,-98.25854980815244,26.00255948245839,-98.25854980815244,True,True,True,REYNOSA
UNIDAD REYNOSA 2A.,24/05/2020,2020.0,LESIONES,CULPOSO,REYNOSA,26.082537329401053,-98.30210305379363,26.082537329401053,-98.30210305379364,True,True,True,REYNOSA
UNIDAD REYNOSA 2A.,24/05/2021,2021.0,HOMICIDIO,CULPOSO,REYNOSA,26.055569807824394,-98.29669681123191,26.055569807824394,-98.29669681123193,True,True,True,REYNOSA
ATENCION INMEDIATA EN REYNOSA,24/05/2021,2021.0,LESIONES,CULPOSO,REYNOSA,26.032724907414302,-98.24269115924837,26.032724907414305,-98.24269115924837,True,True,True,REYNOSA
UNIDAD REYNOSA 1A.,24/05/2022,2022.0,LESIONES,CULPOSO,REYNOSA,26.00363828551091,-98.24701437418004,26.00363828551091,-98.24701437418004,True,True,True,REYNOSA
UNIDAD REYNOSA 1A.,24/05/2022,2022.0,LESIONES,CULPOSO,REYNOSA,26.05185715370053,-98.3335818915811,26.05185715370053,-98.3335818915811,True,True,True,REYNOSA
UNIDAD REYNOSA 1A.,24/05/2022,2022.0,LESIONES,CULPOSO,REYNOSA,26.006412719368083,-98.25426356678342,26.006412719368083,-98.25426356678342,True,True,True,REYNOSA
UNIDAD REYNOSA 2A.,24/05/2022,2022.0,HOMICIDIO,CULPOSO,REYNOSA,26.08249878437884,-98.30241419021712,26.08249878437884,-98.30241419021712,True,True,True,REYNOSA
UNIDAD REYNOSA 2A.,24/06/2023,2023.0,LESIONES,CULPOSO,REYNOSA,26.045619162962065,98.3948176370184,26.045619162962065,-98.3948176370184,True,True,True,REYNOSA
UNIDAD REYNOSA 2A.,24/06/2023,2023.0,HOMICIDIO,CULPOSO,REYNOSA,26.082707090996607,98.31778630234673,26.082707090996607,-98.31778630234672,True,True,True,REYNOSA
UNIDAD REYNOSA 2A.,24/07/2020,2020.0,HOMICIDIO,CULPOSO,REYNOSA,26.068300954077813,-98.27480357971274,26.068300954077813,-98.27480357971274,True,True,True,REYNOSA
ATENCION INMEDIATA EN REYNOSA,24/07/2020,2020.0,LESIONES,CULPOSO,REYNOSA,26.06586197344403,-98.34120256548393,26.06586197344403,-98.34120256548393,True,True,True,REYNOSA
UNIDAD REYNOSA 2A.,24/07/2022,2022.0,HOMICIDIO,CULPOSO,REYNOSA,26.036164868055184,98.26956227942274,26.036164868055184,-98.26956227942274,True,True,True,REYNOSA
UNIDAD REYNOSA 2A.,24/07/2022,2022.0,HOMICIDIO,CULPOSO,REYNOSA,26.013832963487488,98.3051075103188,26.013832963487488,-98.3051075103188,True,True,True,REYNOSA
UNIDAD REYNOSA 3A.,24/08/2021,2021.0,LESIONES,CULPOSO,REYNOSA,26.086802,-98.27448,26.086802,-98.27448,True,True,True,REYNOSA
UNIDAD REYNOSA 3A.,24/08/2021,2021.0,HOMICIDIO,CULPOSO,REYNOSA,26.050832,-98.30036,26.050832,-98.30036,True,True,True,REYNOSA
UNIDAD REYNOSA 3A.,24/08/2022,2022.0,LESIONES,CULPOSO,REYNOSA,26.0823687,98.30495,26.0823687,-98.30495,True,True,True,REYNOSA
UNIDAD REYNOSA 3A.,24/09/2019,2019.0,HOMICIDIO,CULPOSO,REYNOSA,26.11097874547477,-98.33509819124284,26.11097874547477,-98.33509819124284,True,True,True,REYNOSA
UNIDAD REYNOSA 3A.,24/09/2019,2019.0,HOMICIDIO,CULPOSO,REYNOSA,26.053480971153725,-98.40501440600842,26.053480971153725,-98.40501440600842,True,True,True,REYNOSA
UNIDAD REYNOSA 3A.,24/09/2020,2020.0,LESIONES,CULPOSO,REYNOSA,26.017715,-98.32205,26.017715,-98.32205,True,False,True,REYNOSA
UNIDAD REYNOSA 3A.,24/09/2023,2023.0,LESIONES,CULPOSO,REYNOSA,26.0707136,-98.3227914,26.0707136,-98.3227914,True,True,True,REYNOSA
UNIDAD REYNOSA 3A.,24/09/2023,2023.0,LESIONES,CULPOSO,REYNOSA,26.083900,-98.365234,26.0839,-98.365234,True,True,True,REYNOSA
UNIDAD REYNOSA 3A.,24/09/2023,2023.0,LESIONES,CULPOSO,REYNOSA,25.9369998,-98.2711298,25.9369998,-98.2711298,True,False,False,REYNOSA
UNIDAD REYNOSA 3A.,24/10/2019,2019.0,HOMICIDIO,CULPOSO,REYNOSA,26.039939983604878,-98.17323938264016,26.03993998360488,-98.17323938264016,True,False,False,REYNOSA
UNIDAD REYNOSA 3A.,24/10/2019,2019.0,HOMICIDIO,CULPOSO,REYNOSA,26.06820640482086,-98.26543666614708,26.06820640482086,-98.26543666614708,True,True,True,REYNOSA
UNIDAD REYNOSA 3A.,24/10/2020,2020.0,LESIONES,CULPOSO,REYNOSA,26.0269894,98.2760117,26.0269894,-98.2760117,True,True,True,REYNOSA
UNIDAD REYNOSA 3A.,24/10/2020,2020.0,HOMICIDIO,CULPOSO,REYNOSA,26.0553915,98.2995292,26.0553915,-98.2995292,True,True,True,REYNOSA
UNIDAD REYNOSA 3A.,24/11/2023,2023.0,LESIONES,CULPOSO,REYNOSA,25.971097847709117,-98.27309193737364,25.97109784770912,-98.27309193737364,True,True,True,REYNOSA
UNIDAD REYNOSA 3A.,24/11/2023,2023.0,LESIONES,CULPOSO,REYNOSA,26.025061,-98.24700,26.025061,-98.247,True,True,True,REYNOSA
UNIDAD REYNOSA 1A.,24/12/2019,2019.0,LESIONES,CULPOSO,REYNOSA,26.06258,-98.33779,26.06258,-98.33779,True,True,True,REYNOSA
UNIDAD REYNOSA 3A.,24/12/2023,2023.0,LESIONES,CULPOSO,REYNOSA,26.07883816905515,-98.30918312072755,26.07883816905515,-98.30918312072755,True,True,True,REYNOSA
UNIDAD REYNOSA 3A.,24/12/2023,2023.0,LESIONES,CULPOSO,REYNOSA,26.06128390790248,-98.28875541687012,26.06128390790248,-98.28875541687012,True,True,True,REYNOSA
UNIDAD REYNOSA 1A.,25/03/2019,2019.0,LESIONES,CULPOSO,REYNOSA,26.02986,-98.21800,26.02986,-98.218,True,True,True,REYNOSA
UNIDAD REYNOSA 2A.,25/05/2019,2019.0,HOMICIDIO,CULPOSO,REYNOSA,26.02031,-98.29422,26.02031,-98.29422,True,True,True,REYNOSA
UNIDAD REYNOSA 2A.,25/05/2020,2020.0,LESIONES,CULPOSO,REYNOSA,26.021965528705863,-98.27995882387332,26.021965528705863,-98.27995882387332,True,True,True,REYNOSA
UNIDAD REYNOSA 1A.,25/05/2021,2021.0,LESIONES,CULPOSO,REYNOSA,26.00449644525234,-98.30644726753236,26.00449644525234,-98.30644726753236,True,False,True,REYNOSA
UNIDAD REYNOSA 1A.,25/06/2020,2020.0,LESIONES,CULPOSO,REYNOSA,26.022827646195474,-98.24998625465338,26.02282764619548,-98.24998625465338,True,True,True,REYNOSA
UNIDAD REYNOSA 3A.,25/07/2019,2019.0,LESIONES,CULPOSO,REYNOSA,26.0871931,98.2696392,26.0871931,-98.2696392,True,True,True,REYNOSA
UNIDAD REYNOSA 2A.,25/07/2020,2020.0,HOMICIDIO,CULPOSO,REYNOSA,26.06521154392042,-98.34708763206136,26.06521154392042,-98.34708763206136,True,True,True,REYNOSA
UNIDAD REYNOSA 2A.,25/07/2022,2022.0,HOMICIDIO,CULPOSO,REYNOSA,25.55087844684582,98.2339276324794,25.55087844684582,-98.2339276324794,True,False,False,REYNOSA
UNIDAD REYNOSA 3A.,25/08/2019,2019.0,LESIONES,CULPOSO,REYNOSA,26.0691413,98.27291,26.0691413,-98.27291,True,True,True,REYNOSA
UNIDAD REYNOSA 3A.,25/08/2022,2022.0,LESIONES,CULPOSO,REYNOSA,26.1740513,98.44090,26.1740513,-98.4409,True,False,True,REYNOSA
UNIDAD REYNOSA 3A.,25/09/2019,2019.0,HOMICIDIO,CULPOSO,REYNOSA,25.973819,-98.410207,25.973819,-98.410207,True,False,True,REYNOSA
UNIDAD REYNOSA 3A.,25/09/2020,2020.0,HOMICIDIO,CULPOSO,REYNOSA,26.0905583,98.30491,26.0905583,-98.30491,True,True,True,REYNOSA
ATENCION INMEDIATA EN REYNOSA,25/09/2020,2020.0,LESIONES,CULPOSO,REYNOSA,26.029711810194335,-98.38453155855716,26.02971181019433,-98.38453155855716,True,True,True,REYNOSA
UNIDAD REYNOSA 3A.,25/09/2023,2023.0,LESIONES,CULPOSO,REYNOSA,25.9369998,-98.2711298,25.9369998,-98.2711298,True,False,False,REYNOSA
UNIDAD REYNOSA 3A.,25/10/2019,2019.0,LESIONES,CULPOSO,REYNOSA,26.040076,-98.32868,26.040076,-98.32868,True,True,True,REYNOSA
UNIDAD REYNOSA 2A.,25/10/2021,2021.0,LESIONES,CULPOSO,REYNOSA,26.05549,98.29697,26.05549,-98.29697,True,True,True,REYNOSA
ATENCION INMEDIATA EN REYNOSA,25/10/2021,2021.0,LESIONES,CULPOSO,REYNOSA,26.032718263040643,-98.35011736042526,26.032718263040643,-98.35011736042526,True,True,True,REYNOSA
UNIDAD REYNOSA 1A.,25/11/2019,2019.0,LESIONES,CULPOSO,REYNOSA,26.04594,-98.31270,26.04594,-98.3127,True,True,True,REYNOSA
UNIDAD REYNOSA 3A.,25/11/2023,2023.0,HOMICIDIO,CULPOSO,REYNOSA,26.020075,-98.39053,26.020075,-98.39053,True,True,True,REYNOSA
UNIDAD REYNOSA 3A.,25/12/2021,2021.0,LESIONES,CULPOSO,REYNOSA,26.05322,98.36648,26.05322,-98.36648,True,True,True,REYNOSA
UNIDAD REYNOSA 3A.,25/12/2023,2023.0,LESIONES,CULPOSO,REYNOSA,26.084965639282938,-98.27466845512392,26.08496563928293,-98.27466845512392,True,True,True,REYNOSA
UNIDAD REYNOSA 3A.,25/12/2023,2023.0,HOMICIDIO,CULPOSO,REYNOSA,26.002841514671506,-98.16633939743043,26.002841514671506,-98.16633939743043,True,False,False,REYNOSA
UNIDAD REYNOSA 1A.,26/01/2021,2021.0,HOMICIDIO,CULPOSO,REYNOSA,26.064381556308632,-98.27744973212302,26.064381556308632,-98.27744973212302,True,True,True,REYNOSA
UNIDAD REYNOSA 2A.,26/02/2019,2019.0,HOMICIDIO,CULPOSO,REYNOSA,25.930768640548,-98.2627247439449,25.930768640548,-98.2627247439449,True,False,False,REYNOSA
UNIDAD REYNOSA 1A.,26/02/2021,2021.0,LESIONES,CULPOSO,REYNOSA,26.08580045354846,-98.2873311186295,26.08580045354846,-98.2873311186295,True,True,True,REYNOSA
UNIDAD REYNOSA 1A.,26/02/2023,2023.0,HOMICIDIO,CULPOSO,REYNOSA,26.2030120,-98.5003700,26.203012,-98.50037,True,False,False,REYNOSA
UNIDAD REYNOSA 2A.,26/03/2020,2020.0,LESIONES,CULPOSO,REYNOSA,26.045277429287463,98.3160498338879,26.045277429287463,-98.3160498338879,True,True,True,REYNOSA
UNIDAD REYNOSA 1A.,26/03/2021,2021.0,HOMICIDIO,CULPOSO,REYNOSA,26.04952903582834,98.4032714341476,26.04952903582834,-98.4032714341476,True,True,True,REYNOSA
UNIDAD REYNOSA 1A.,26/03/2021,2021.0,LESIONES,CULPOSO,REYNOSA,26.005287139468216,-98.26117157936096,26.005287139468216,-98.26117157936096,True,True,True,REYNOSA
UNIDAD REYNOSA 1A.,26/03/2022,2022.0,HOMICIDIO,CULPOSO,REYNOSA,26.088102392720344,-98.27325300328681,26.088102392720344,-98.2732530032868,True,True,True,REYNOSA
UNIDAD REYNOSA 1A.,26/03/2023,2023.0,HOMICIDIO,CULPOSO,REYNOSA,25.989593023084165,98.09249986096034,25.989593023084165,-98.09249986096034,True,False,False,REYNOSA
UNIDAD REYNOSA 1A.,26/04/2021,2021.0,LESIONES,CULPOSO,REYNOSA,26.051325630892087,-98.33310466519714,26.051325630892087,-98.33310466519714,True,True,True,REYNOSA
UNIDAD REYNOSA 1A.,26/04/2021,2021.0,HOMICIDIO,CULPOSO,REYNOSA,26.066578556309942,-98.30747316509219,26.066578556309945,-98.3074731650922,True,True,True,REYNOSA
UNIDAD REYNOSA 2A.,26/04/2022,2022.0,HOMICIDIO,CULPOSO,REYNOSA,26.0533151,-98.29117236,26.0533151,-98.29117236,True,True,True,REYNOSA
UNIDAD REYNOSA 1A.,26/04/2022,2022.0,HOMICIDIO,CULPOSO,REYNOSA,26.05555,-98.29699,26.05555,-98.29699,True,True,True,REYNOSA
UNIDAD REYNOSA 1A.,26/04/2022,2022.0,HOMICIDIO,CULPOSO,REYNOSA,25.94797,-98.26998,25.94797,-98.26998,True,True,False,REYNOSA
UNIDAD REYNOSA 2A.,26/05/2021,2021.0,HOMICIDIO,CULPOSO,REYNOSA,26.02400100763023,-98.24372744348841,26.02400100763023,-98.2437274434884,True,True,True,REYNOSA
UNIDAD REYNOSA 2A.,26/05/2023,2023.0,LESIONES,CULPOSO,REYNOSA,26.0553915,98.2995292,26.0553915,-98.2995292,True,True,True,REYNOSA
UNIDAD REYNOSA 2A.,26/06/2021,2021.0,LESIONES,CULPOSO,REYNOSA,26.055550530927366,-98.29697576095889,26.055550530927366,-98.29697576095889,True,True,True,REYNOSA
UNIDAD REYNOSA 3A.,26/06/2023,2023.0,LESIONES,CULPOSO,REYNOSA,26.0553915,-98.2995292,26.0553915,-98.2995292,True,True,True,REYNOSA
UNIDAD REYNOSA 2A.,26/06/2023,2023.0,LESIONES,CULPOSO,REYNOSA,26.0574858,-98.2802932,26.0574858,-98.2802932,True,True,True,REYNOSA
UNIDAD REYNOSA 2A.,26/06/2023,2023.0,LESIONES,CULPOSO,REYNOSA,26.0596296,98.3020038,26.0596296,-98.3020038,True,True,True,REYNOSA
UNIDAD REYNOSA 2A.,26/06/2023,2023.0,LESIONES,CULPOSO,REYNOSA,26.0552678,98.3623411,26.0552678,-98.3623411,True,True,True,REYNOSA
UNIDAD REYNOSA 3A.,26/09/2019,2019.0,HOMICIDIO,CULPOSO,REYNOSA,26.04480251132891,-98.30802505842087,26.04480251132891,-98.30802505842088,True,True,True,REYNOSA
UNIDAD REYNOSA 2A.,26/09/2022,2022.0,LESIONES,CULPOSO,REYNOSA,26.0341208,-98.42858,26.0341208,-98.42858,True,False,True,REYNOSA
UNIDAD REYNOSA 3A.,26/10/2019,2019.0,HOMICIDIO,CULPOSO,REYNOSA,26.054990139313478,-98.32197189331056,26.05499013931348,-98.32197189331056,True,True,True,REYNOSA
UNIDAD REYNOSA 3A.,26/10/2019,2019.0,LESIONES,CULPOSO,REYNOSA,26.05465279148249,-98.30265998840333,26.05465279148249,-98.30265998840332,True,True,True,REYNOSA
UNIDAD REYNOSA 2A.,26/10/2020,2020.0,LESIONES,CULPOSO,REYNOSA,26.056972356231967,-98.3643066865576,26.056972356231967,-98.3643066865576,True,True,True,REYNOSA
ATENCION INMEDIATA EN REYNOSA,26/10/2020,2020.0,LESIONES,CULPOSO,REYNOSA,26.078753759004858,-98.30766110100225,26.07875375900485,-98.30766110100224,True,True,True,REYNOSA
UNIDAD REYNOSA 2A.,26/10/2022,2022.0,LESIONES,CULPOSO,REYNOSA,25.9422140022747,-98.27026082422412,25.9422140022747,-98.27026082422412,True,False,False,REYNOSA
UNIDAD REYNOSA 3A.,26/10/2023,2023.0,LESIONES,CULPOSO,REYNOSA,26.014033431024043,-98.25824947942009,26.014033431024043,-98.25824947942009,True,True,True,REYNOSA
UNIDAD REYNOSA 3A.,26/10/2023,2023.0,LESIONES,CULPOSO,REYNOSA,26.060448,-98.35863,26.060448,-98.35863,True,True,True,REYNOSA
UNIDAD REYNOSA 1A.,26/11/2019,2019.0,HOMICIDIO,CULPOSO,REYNOSA,26.04727,-98.28919,26.04727,-98.28919,True,True,True,REYNOSA
UNIDAD REYNOSA 2A.,26/11/2020,2020.0,LESIONES,CULPOSO,REYNOSA,26.053995,-98.29539,26.053995,-98.29539,True,True,True,REYNOSA
UNIDAD REYNOSA 1A.,26/12/2022,2022.0,LESIONES,CULPOSO,REYNOSA,26.02808,-98.34094,26.02808,-98.34094,True,True,True,REYNOSA
UNIDAD REYNOSA 1A.,26/12/2023,2023.0,LESIONES,CULPOSO,REYNOSA,26.1157,-98.3150,26.1157,-98.315,True,True,True,REYNOSA
UNIDAD REYNOSA 1A.,27/01/2021,2021.0,HOMICIDIO,CULPOSO,REYNOSA,26.022402202403544,-98.24515540459153,26.022402202403544,-98.24515540459151,True,True,True,REYNOSA
UNIDAD REYNOSA 2A.,27/02/2020,2020.0,HOMICIDIO,CULPOSO,REYNOSA,26.066033508427157,98.3804658162439,26.06603350842716,-98.3804658162439,True,True,True,REYNOSA
UNIDAD REYNOSA 2A.,27/03/2019,2019.0,HOMICIDIO,CULPOSO,REYNOSA,26.006875,-98.202662,26.006875,-98.202662,True,True,True,REYNOSA
UNIDAD REYNOSA 2A.,27/04/2020,2020.0,HOMICIDIO,CULPOSO,REYNOSA,25.66056232873141,98.2463925955343,25.66056232873141,-98.2463925955343,True,False,False,REYNOSA
UNIDAD REYNOSA 2A.,27/04/2022,2022.0,LESIONES,CULPOSO,REYNOSA,26.026758967053286,-98.34973018791341,26.026758967053286,-98.3497301879134,True,True,True,REYNOSA
UNIDAD REYNOSA 2A.,27/05/2019,2019.0,LESIONES,CULPOSO,REYNOSA,26.05537,-98.29682,26.05537,-98.29682,True,True,True,REYNOSA
UNIDAD REYNOSA 2A.,27/05/2022,2022.0,LESIONES,CULPOSO,REYNOSA,26.071154269023058,98.29155837462422,26.07115426902305,-98.29155837462422,True,True,True,REYNOSA
UNIDAD REYNOSA 2A.,27/05/2023,2023.0,HOMICIDIO,CULPOSO,REYNOSA,25.986271,-98.274605,25.986271,-98.274605,True,True,True,REYNOSA
UNIDAD REYNOSA 2A.,27/06/2021,2021.0,LESIONES,CULPOSO,REYNOSA,26.022666,-98.240794,26.022666,-98.240794,True,True,True,REYNOSA
UNIDAD REYNOSA 3A.,27/07/2019,2019.0,HOMICIDIO,CULPOSO,REYNOSA,26.0504566,98.3819893,26.0504566,-98.3819893,True,True,True,REYNOSA
UNIDAD REYNOSA 2A.,27/07/2021,2021.0,LESIONES,CULPOSO,REYNOSA,26.050187011945333,-98.38462967075886,26.050187011945333,-98.38462967075886,True,True,True,REYNOSA
UNIDAD REYNOSA 3A.,27/08/2021,2021.0,HOMICIDIO,CULPOSO,REYNOSA,25.9369998,98.27112,25.9369998,-98.27112,True,False,False,REYNOSA
UNIDAD REYNOSA 3A.,27/08/2021,2021.0,HOMICIDIO,CULPOSO,REYNOSA,26.02507,-98.24959,26.02507,-98.24959,True,True,True,REYNOSA
UNIDAD REYNOSA 3A.,27/08/2021,2021.0,HOMICIDIO,CULPOSO,REYNOSA,26.055386,-98.29952,26.055386,-98.29952,True,True,True,REYNOSA
UNIDAD REYNOSA 3A.,27/08/2023,2023.0,HOMICIDIO,CULPOSO,REYNOSA,26.0553915,-98.2995292,26.0553915,-98.2995292,True,True,True,REYNOSA
UNIDAD REYNOSA 3A.,27/08/2023,2023.0,LESIONES,CULPOSO,REYNOSA,26.0553915,-98.2995292,26.0553915,-98.2995292,True,True,True,REYNOSA
UNIDAD REYNOSA 3A.,27/09/2019,2019.0,LESIONES,CULPOSO,REYNOSA,25.937149830907202,-98.26823816423192,25.9371498309072,-98.26823816423192,True,False,False,REYNOSA
UNIDAD REYNOSA 3A.,27/09/2019,2019.0,LESIONES,CULPOSO,REYNOSA,26.0543031,98.3671091,26.0543031,-98.3671091,True,True,True,REYNOSA
UNIDAD REYNOSA 3A.,27/09/2020,2020.0,LESIONES,CULPOSO,REYNOSA,26.0697741,98.27969,26.0697741,-98.27969,True,True,True,REYNOSA
UNIDAD REYNOSA 3A.,27/09/2020,2020.0,HOMICIDIO,CULPOSO,REYNOSA,26.0287045,98.23092,26.0287045,-98.23092,True,True,True,REYNOSA
UNIDAD REYNOSA 3A.,27/09/2020,2020.0,HOMICIDIO,CULPOSO,REYNOSA,26.0897328,98.30719,26.0897328,-98.30719,True,True,True,REYNOSA
UNIDAD REYNOSA 2A.,27/09/2022,2022.0,HOMICIDIO,CULPOSO,REYNOSA,26.0541151,-98.3143854,26.0541151,-98.3143854,True,True,True,REYNOSA
UNIDAD REYNOSA 2A.,27/11/2020,2020.0,LESIONES,CULPOSO,REYNOSA,26.049035840389195,-98.34827043142205,26.049035840389195,-98.34827043142204,True,True,True,REYNOSA
UNIDAD REYNOSA 3A.,27/11/2022,2022.0,LESIONES,CULPOSO,REYNOSA,26.00647685704905,-98.2715902919391,26.00647685704905,-98.2715902919391,True,True,True,REYNOSA
UNIDAD REYNOSA 3A.,27/11/2022,2022.0,HOMICIDIO,CULPOSO,REYNOSA,26.04616837420696,-98.3922937547168,26.04616837420696,-98.3922937547168,True,True,True,REYNOSA
UNIDAD REYNOSA 3A.,27/11/2022,2022.0,HOMICIDIO,CULPOSO,REYNOSA,25.77288850783214,-98.2535856595521,25.77288850783214,-98.2535856595521,True,False,False,REYNOSA
UNIDAD REYNOSA 3A.,28/01/2019,2019.0,HOMICIDIO,CULPOSO,REYNOSA,26.0080851,98.28152,26.0080851,-98.28152,True,True,True,REYNOSA
UNIDAD REYNOSA 1A.,28/02/2021,2021.0,HOMICIDIO,CULPOSO,REYNOSA,26.085783096639194,-98.31963217718784,26.0857830966392,-98.31963217718784,True,True,True,REYNOSA
UNIDAD REYNOSA 2A.,28/03/2022,2022.0,HOMICIDIO,CULPOSO,REYNOSA,26.05425404787845,98.23884185077448,26.05425404787845,-98.23884185077448,True,True,True,REYNOSA
UNIDAD REYNOSA 2A.,28/03/2022,2022.0,HOMICIDIO,CULPOSO,REYNOSA,26.02596994655424,-98.27455761783366,26.02596994655424,-98.27455761783366,True,True,True,REYNOSA
UNIDAD REYNOSA 2A.,28/04/2021,2021.0,HOMICIDIO,CULPOSO,REYNOSA,26.078219366695144,98.31056850829339,26.078219366695144,-98.3105685082934,True,True,True,REYNOSA
ATENCION INMEDIATA EN REYNOSA,28/04/2021,2021.0,LESIONES,CULPOSO,REYNOSA,26.008034089752044,-98.33347588650548,26.008034089752044,-98.33347588650548,True,False,True,REYNOSA
ATENCION INMEDIATA EN REYNOSA,28/04/2022,2022.0,LESIONES,CULPOSO,REYNOSA,26.086926010984378,-98.33686393575712,26.08692601098437,-98.33686393575712,True,True,True,REYNOSA
UNIDAD REYNOSA 2A.,28/04/2023,2023.0,LESIONES,CULPOSO,REYNOSA,26.03098,-98.25726,26.03098,-98.25726,True,True,True,REYNOSA
UNIDAD REYNOSA 3A.,28/05/2020,2020.0,LESIONES,CULPOSO,REYNOSA,26.058169,-98.28473,26.058169,-98.28473,True,True,True,REYNOSA
UNIDAD REYNOSA 2A.,28/05/2021,2021.0,LESIONES,CULPOSO,REYNOSA,26.055608302755214,-98.29698650872285,26.05560830275521,-98.29698650872284,True,True,True,REYNOSA
UNIDAD REYNOSA 2A.,28/05/2021,2021.0,HOMICIDIO,CULPOSO,REYNOSA,26.013972291756343,-98.23913173202125,26.013972291756343,-98.23913173202124,True,True,True,REYNOSA
UNIDAD REYNOSA 2A.,28/05/2023,2023.0,LESIONES,CULPOSO,REYNOSA,26.039181,-98.352285,26.039181,-98.352285,True,True,True,REYNOSA
UNIDAD REYNOSA 3A.,28/06/2022,2022.0,LESIONES,CULPOSO,REYNOSA,25.9369998,98.27112,25.9369998,-98.27112,True,False,False,REYNOSA
UNIDAD REYNOSA 3A.,28/07/2019,2019.0,LESIONES,CULPOSO,REYNOSA,26.0553867,98.2995292,26.0553867,-98.2995292,True,True,True,REYNOSA
UNIDAD REYNOSA 2A.,28/07/2021,2021.0,LESIONES,CULPOSO,REYNOSA,26.060739897037536,-98.31784439736312,26.060739897037536,-98.31784439736312,True,True,True,REYNOSA
UNIDAD REYNOSA 3A.,28/07/2022,2022.0,LESIONES,CULPOSO,REYNOSA,26.0610133,98.31086,26.0610133,-98.31086,True,True,True,REYNOSA
UNIDAD REYNOSA 3A.,28/07/2023,2023.0,LESIONES,CULPOSO,REYNOSA,26.0955739,-98.2837119,26.0955739,-98.2837119,True,True,True,REYNOSA
UNIDAD REYNOSA 3A.,28/07/2023,2023.0,LESIONES,CULPOSO,REYNOSA,26.009663,-98.184491,26.009663,-98.184491,True,True,False,REYNOSA
UNIDAD REYNOSA 2A.,28/08/2019,2019.0,LESIONES,CULPOSO,REYNOSA,26.048797387314906,-98.34920167702708,26.048797387314902,-98.34920167702708,True,True,True,REYNOSA
UNIDAD REYNOSA 3A.,28/08/2021,2021.0,HOMICIDIO,CULPOSO,REYNOSA,26.0682383,98.33876,26.0682383,-98.33876,True,True,True,REYNOSA
UNIDAD REYNOSA 3A.,28/08/2023,2023.0,LESIONES,CULPOSO,REYNOSA,26.0286027,-98.3866410,26.0286027,-98.386641,True,True,True,REYNOSA
UNIDAD REYNOSA 3A.,28/08/2023,2023.0,HOMICIDIO,CULPOSO,REYNOSA,26.0553915,-98.2995292,26.0553915,-98.2995292,True,True,True,REYNOSA
UNIDAD REYNOSA 3A.,28/08/2023,2023.0,HOMICIDIO,CULPOSO,REYNOSA,26.001755,-98.293240,26.001755,-98.29324,True,False,True,REYNOSA
UNIDAD REYNOSA 3A.,28/09/2019,2019.0,LESIONES,CULPOSO,REYNOSA,26.069750925076043,-98.28818668283122,26.069750925076043,-98.28818668283122,True,True,True,REYNOSA
UNIDAD REYNOSA 3A.,28/09/2019,2019.0,LESIONES,CULPOSO,REYNOSA,26.019587361185447,-98.22557271100209,26.019587361185447,-98.22557271100209,True,True,True,REYNOSA
UNIDAD REYNOSA 3A.,28/09/2019,2019.0,LESIONES,CULPOSO,REYNOSA,26.083604273605214,-98.29736506237485,26.08360427360521,-98.29736506237484,True,True,True,REYNOSA
UNIDAD REYNOSA 2A.,28/09/2021,2021.0,LESIONES,CULPOSO,REYNOSA,26.6335,98.29039,26.6335,-98.29039,True,False,False,REYNOSA
UNIDAD REYNOSA 3A.,28/10/2019,2019.0,HOMICIDIO,CULPOSO,REYNOSA,26.06126945093478,-98.28416347503664,26.06126945093478,-98.28416347503664,True,True,True,REYNOSA
UNIDAD REYNOSA 3A.,28/10/2019,2019.0,HOMICIDIO,CULPOSO,REYNOSA,26.06673646698886,-98.27457189559938,26.06673646698886,-98.27457189559938,True,True,True,REYNOSA
UNIDAD REYNOSA 3A.,28/10/2023,2023.0,LESIONES,CULPOSO,REYNOSA,26.08645,98.31205,26.08645,-98.31205,True,True,True,REYNOSA
UNIDAD REYNOSA 3A.,28/10/2023,2023.0,LESIONES,CULPOSO,REYNOSA,26.09080,-98.29296,26.0908,-98.29296,True,True,True,REYNOSA
UNIDAD REYNOSA 2A.,28/11/2020,2020.0,HOMICIDIO,CULPOSO,REYNOSA,26.006181,-98.25748,26.006181,-98.25748,True,True,True,REYNOSA
UNIDAD REYNOSA 3A.,28/11/2021,2021.0,LESIONES,CULPOSO,REYNOSA,26.11227,98.32986,26.11227,-98.32986,True,True,True,REYNOSA
UNIDAD REYNOSA 3A.,28/11/2021,2021.0,HOMICIDIO,CULPOSO,REYNOSA,26.07821,98.30421,26.07821,-98.30421,True,True,True,REYNOSA
UNIDAD REYNOSA 1A.,28/12/2021,2021.0,LESIONES,CULPOSO,REYNOSA,26.065363555136397,98.25971044212271,26.0653635551364,-98.25971044212272,True,True,True,REYNOSA
UNIDAD REYNOSA 1A.,28/12/2023,2023.0,LESIONES,CULPOSO,REYNOSA,26.08962,-98.29847,26.08962,-98.29847,True,True,True,REYNOSA
ATENCION INMEDIATA EN REYNOSA,29/01/2021,2021.0,LESIONES,CULPOSO,REYNOSA,26.038696756819288,-98.35686443922185,26.038696756819288,-98.35686443922184,True,True,True,REYNOSA
UNIDAD REYNOSA 1A.,29/01/2023,2023.0,HOMICIDIO,CULPOSO,REYNOSA,26.061254226922024,98.30824508794478,26.061254226922024,-98.30824508794478,True,True,True,REYNOSA
UNIDAD REYNOSA 1A.,29/01/2023,2023.0,HOMICIDIO,CULPOSO,REYNOSA,26.0650231743395407,-98.2955966809448,26.06502317433954,-98.2955966809448,True,True,True,REYNOSA
UNIDAD REYNOSA 2A.,29/03/2019,2019.0,LESIONES,CULPOSO,REYNOSA,26.05963,-98.29168,26.05963,-98.29168,True,True,True,REYNOSA
UNIDAD REYNOSA 2A.,29/04/2021,2021.0,LESIONES,CULPOSO,REYNOSA,26.05557938741747,-98.29698650776857,26.05557938741747,-98.29698650776857,True,True,True,REYNOSA
UNIDAD REYNOSA 2A.,29/04/2023,2023.0,HOMICIDIO,CULPOSO,REYNOSA,22.3697604,-97.9048619,22.3697604,-97.9048619,True,False,False,REYNOSA
UNIDAD REYNOSA 2A.,29/04/2023,2023.0,LESIONES,CULPOSO,REYNOSA,26.0553915,-98.2995292,26.0553915,-98.2995292,True,True,True,REYNOSA
UNIDAD REYNOSA 2A.,29/05/2021,2021.0,LESIONES,CULPOSO,REYNOSA,26.088422864653992,-98.27920573816738,26.088422864653992,-98.27920573816738,True,True,True,REYNOSA
UNIDAD REYNOSA 2A.,29/05/2022,2022.0,LESIONES,CULPOSO,REYNOSA,26.088173842064965,98.33327761897277,26.088173842064965,-98.33327761897276,True,True,True,REYNOSA
UNIDAD REYNOSA 2A.,29/05/2022,2022.0,HOMICIDIO,CULPOSO,REYNOSA,25.94098485199255,98.25784576708969,25.94098485199255,-98.25784576708968,True,True,False,REYNOSA
UNIDAD REYNOSA 3A.,29/06/2019,2019.0,LESIONES,CULPOSO,REYNOSA,26.075069,-98.36154,26.075069,-98.36154,True,True,True,REYNOSA
UNIDAD REYNOSA 2A.,29/06/2021,2021.0,LESIONES,CULPOSO,REYNOSA,26.055700545944656,-98.29632605647292,26.055700545944656,-98.29632605647292,True,True,True,REYNOSA
UNIDAD REYNOSA 3A.,29/06/2021,2021.0,LESIONES,CULPOSO,REYNOSA,26.02353,-98.24372,26.02353,-98.24372,True,True,True,REYNOSA
UNIDAD REYNOSA 3A.,29/06/2023,2023.0,HOMICIDIO,CULPOSO,REYNOSA,26.0077807,-98.2771897,26.0077807,-98.2771897,True,True,True,REYNOSA
UNIDAD REYNOSA 2A.,29/07/2019,2019.0,LESIONES,CULPOSO,REYNOSA,26.06550422756313,-98.28079701260414,26.06550422756313,-98.28079701260414,True,True,True,REYNOSA
UNIDAD REYNOSA 3A.,29/07/2023,2023.0,LESIONES,CULPOSO,REYNOSA,26.0553915,98.29952,26.0553915,-98.29952,True,True,True,REYNOSA
UNIDAD REYNOSA 3A.,29/08/2021,2021.0,LESIONES,CULPOSO,REYNOSA,26.0879145,98.27582,26.0879145,-98.27582,True,True,True,REYNOSA
UNIDAD REYNOSA 3A.,29/09/2019,2019.0,HOMICIDIO,CULPOSO,REYNOSA,26.125113450079088,-98.33681508695302,26.125113450079088,-98.33681508695302,True,False,True,REYNOSA
UNIDAD REYNOSA 3A.,29/09/2019,2019.0,HOMICIDIO,CULPOSO,REYNOSA,25.98486364402925,-98.20623985944016,25.98486364402925,-98.20623985944016,True,False,True,REYNOSA
UNIDAD REYNOSA 3A.,29/09/2019,2019.0,HOMICIDIO,CULPOSO,REYNOSA,26.061361532393118,-98.2822538819392,26.06136153239312,-98.2822538819392,True,True,True,REYNOSA
UNIDAD REYNOSA 2A.,29/09/2022,2022.0,LESIONES,CULPOSO,REYNOSA,26.0812577,-98.27440,26.0812577,-98.2744,True,True,True,REYNOSA
UNIDAD REYNOSA 3A.,29/09/2023,2023.0,LESIONES,CULPOSO,REYNOSA,26.034416,-98.27912,26.034416,-98.27912,True,True,True,REYNOSA
UNIDAD REYNOSA 3A.,29/09/2023,2023.0,LESIONES,CULPOSO,REYNOSA,25.937712,-98.269912,25.937712,-98.269912,True,False,False,REYNOSA
UNIDAD REYNOSA 3A.,29/10/2023,2023.0,LESIONES,CULPOSO,REYNOSA,26.034660789430045,-98.35849285125734,26.034660789430045,-98.35849285125734,True,True,True,REYNOSA
UNIDAD REYNOSA 3A.,29/10/2023,2023.0,HOMICIDIO,CULPOSO,REYNOSA,26.05192987700994,-98.2817816734314,26.05192987700994,-98.2817816734314,True,True,True,REYNOSA
UNIDAD REYNOSA 1A.,29/12/2019,2019.0,HOMICIDIO,CULPOSO,REYNOSA,26.15280,-98.36956,26.1528,-98.36956,True,False,True,REYNOSA
UNIDAD REYNOSA 1A.,29/12/2021,2021.0,LESIONES,CULPOSO,REYNOSA,26.18977269322384,-98.4713545590027,26.18977269322384,-98.4713545590027,True,False,False,REYNOSA
UNIDAD REYNOSA 3A.,30/03/2020,2020.0,LESIONES,CULPOSO,REYNOSA,26.033996,-98.38798,26.033996,-98.38798,True,True,True,REYNOSA
UNIDAD REYNOSA 2A.,30/03/2023,2023.0,LESIONES,CULPOSO,REYNOSA,26.0749044,-98.3034694,26.0749044,-98.3034694,True,True,True,REYNOSA
UNIDAD REYNOSA 2A.,30/04/2022,2022.0,HOMICIDIO,CULPOSO,REYNOSA,26.05544450783579,-98.29698649021796,26.05544450783579,-98.29698649021796,True,True,True,REYNOSA
UNIDAD REYNOSA 3A.,30/05/2020,2020.0,LESIONES,CULPOSO,REYNOSA,26.0983075,98.2858634,26.0983075,-98.2858634,True,True,True,REYNOSA
UNIDAD REYNOSA 2A.,30/05/2021,2021.0,HOMICIDIO,CULPOSO,REYNOSA,26.055618000053084,-98.2969543035091,26.055618000053084,-98.2969543035091,True,True,True,REYNOSA
UNIDAD REYNOSA 2A.,30/05/2021,2021.0,LESIONES,CULPOSO,REYNOSA,26.055579446271725,98.29693284583873,26.055579446271725,-98.29693284583873,True,True,True,REYNOSA
UNIDAD REYNOSA 3A.,30/05/2023,2023.0,LESIONES,CULPOSO,REYNOSA,26.0553915,98.29952,26.0553915,-98.29952,True,True,True,REYNOSA
UNIDAD REYNOSA 3A.,30/07/2021,2021.0,LESIONES,CULPOSO,REYNOSA,25.99511,98.27549,25.99511,-98.27549,True,True,True,REYNOSA
UNIDAD REYNOSA 3A.,30/07/2022,2022.0,HOMICIDIO,CULPOSO,REYNOSA,26.0663939,98.30726,26.0663939,-98.30726,True,True,True,REYNOSA
UNIDAD REYNOSA 3A.,30/07/2022,2022.0,LESIONES,CULPOSO,REYNOSA,26.0040308,98.26572,26.0040308,-98.26572,True,True,True,REYNOSA
UNIDAD REYNOSA 3A.,30/07/2023,2023.0,HOMICIDIO,CULPOSO,REYNOSA,26.009396,98.181563,26.009396,-98.181563,True,False,False,REYNOSA
UNIDAD REYNOSA 2A.,30/08/2019,2019.0,HOMICIDIO,CULPOSO,REYNOSA,26.022285370261663,-98.28686370557195,26.022285370261663,-98.28686370557196,True,True,True,REYNOSA
UNIDAD REYNOSA 2A.,30/08/2019,2019.0,LESIONES,CULPOSO,REYNOSA,26.06520520371761,-98.34426748513577,26.06520520371761,-98.34426748513576,True,True,True,REYNOSA
UNIDAD REYNOSA 3A.,30/08/2021,2021.0,LESIONES,CULPOSO,REYNOSA,25.9369998,98.27112,25.9369998,-98.27112,True,False,False,REYNOSA
UNIDAD REYNOSA 3A.,30/08/2021,2021.0,HOMICIDIO,CULPOSO,REYNOSA,26.0553915,98.29952,26.0553915,-98.29952,True,True,True,REYNOSA
UNIDAD REYNOSA 2A.,30/08/2022,2022.0,HOMICIDIO,CULPOSO,REYNOSA,26.0553963,-98.3021041,26.0553963,-98.3021041,True,True,True,REYNOSA
ATENCION INMEDIATA EN REYNOSA,30/08/2023,2023.0,LESIONES,CULPOSO,REYNOSA,26.03931870514051,-98.35069835186005,26.03931870514051,-98.35069835186005,True,True,True,REYNOSA
UNIDAD REYNOSA 2A.,30/09/2020,2020.0,LESIONES,CULPOSO,REYNOSA,26.081881,-98.30196,26.081881,-98.30196,True,True,True,REYNOSA
UNIDAD REYNOSA 2A.,30/09/2021,2021.0,HOMICIDIO,CULPOSO,REYNOSA,26.06627,98.28773,26.06627,-98.28773,True,True,True,REYNOSA
UNIDAD REYNOSA 2A.,30/09/2021,2021.0,LESIONES,CULPOSO,REYNOSA,26.0848266,-98.3038251,26.0848266,-98.3038251,True,True,True,REYNOSA
ATENCION INMEDIATA EN REYNOSA,30/10/2020,2020.0,LESIONES,CULPOSO,REYNOSA,26.037942410285332,-98.33935925067398,26.03794241028533,-98.33935925067398,True,True,True,REYNOSA
UNIDAD REYNOSA 3A.,30/10/2021,2021.0,LESIONES,CULPOSO,REYNOSA,26.0364603,-98.2899415,26.0364603,-98.2899415,True,True,True,REYNOSA
UNIDAD REYNOSA 3A.,30/10/2023,2023.0,LESIONES,CULPOSO,REYNOSA,26.069355436286127,-98.318989276886,26.069355436286127,-98.318989276886,True,True,True,REYNOSA
ATENCION INMEDIATA EN REYNOSA,30/11/2023,2023.0,LESIONES,CULPOSO,REYNOSA,26.034719377204055,-98.3370874225331,26.03471937720405,-98.3370874225331,True,True,True,REYNOSA
UNIDAD REYNOSA 1A.,30/12/2020,2020.0,LESIONES,CULPOSO,REYNOSA,26.010202944362455,-98.18653643131258,26.01020294436245,-98.18653643131258,True,True,False,REYNOSA
UNIDAD REYNOSA 1A.,30/12/2020,2020.0,LESIONES,CULPOSO,REYNOSA,26.05372460813226,-98.34961901879647,26.05372460813226,-98.34961901879647,True,True,True,REYNOSA
UNIDAD REYNOSA 1A.,30/12/2020,2020.0,HOMICIDIO,CULPOSO,REYNOSA,26.079530628059075,-98.36702919126935,26.079530628059075,-98.36702919126937,True,True,True,REYNOSA
UNIDAD REYNOSA 3A.,30/12/2021,2021.0,LESIONES,CULPOSO,REYNOSA,26.064536680276834,-98.32845211029054,26.064536680276834,-98.32845211029054,True,True,True,REYNOSA
UNIDAD REYNOSA 1A.,30/12/2022,2022.0,LESIONES,CULPOSO,REYNOSA,26.08252,-98.30231,26.08252,-98.30231,True,True,True,REYNOSA
UNIDAD REYNOSA 1A.,30/12/2022,2022.0,LESIONES,CULPOSO,REYNOSA,23.75223,-98.21044,23.75223,-98.21044,True,False,False,REYNOSA
UNIDAD REYNOSA 2A.,31/01/2020,2020.0,LESIONES,CULPOSO,REYNOSA,26.055608361514206,-98.29693284595966,26.055608361514206,-98.29693284595966,True,True,True,REYNOSA
UNIDAD REYNOSA 2A.,31/01/2023,2023.0,LESIONES,CULPOSO,REYNOSA,26.0488155,-98.3636073,26.0488155,-98.3636073,True,True,True,REYNOSA
UNIDAD REYNOSA 2A.,31/01/2023,2023.0,LESIONES,CULPOSO,REYNOSA,26.0823687,-98.3049569,26.0823687,-98.3049569,True,True,True,REYNOSA
UNIDAD REYNOSA 2A.,31/03/2022,2022.0,HOMICIDIO,CULPOSO,REYNOSA,26.05449104796796,98.36452347479539,26.05449104796796,-98.3645234747954,True,True,True,REYNOSA
UNIDAD REYNOSA 2A.,31/03/2023,2023.0,HOMICIDIO,CULPOSO,REYNOSA,26.046196759427076,-98.22831746138283,26.04619675942708,-98.22831746138284,True,True,True,REYNOSA
UNIDAD REYNOSA 3A.,31/05/2019,2019.0,LESIONES,CULPOSO,REYNOSA,26.0403104,98.38640,26.0403104,-98.3864,True,True,True,REYNOSA
UNIDAD REYNOSA 3A.,31/05/2021,2021.0,LESIONES,CULPOSO,REYNOSA,26.0682383,98.33876,26.0682383,-98.33876,True,True,True,REYNOSA
UNIDAD REYNOSA 2A.,31/05/2021,2021.0,LESIONES,CULPOSO,REYNOSA,26.06678064674241,-98.28095213480805,26.06678064674241,-98.28095213480805,True,True,True,REYNOSA
UNIDAD REYNOSA 2A.,31/05/2021,2021.0,HOMICIDIO,CULPOSO,REYNOSA,26.05556980782442,-98.29694357467393,26.05556980782442,-98.29694357467392,True,True,True,REYNOSA
UNIDAD REYNOSA 2A.,31/07/2020,2020.0,HOMICIDIO,CULPOSO,REYNOSA,25.986171,-98.200594,25.986171,-98.200594,True,True,True,REYNOSA
UNIDAD REYNOSA 3A.,31/07/2022,2022.0,HOMICIDIO,CULPOSO,REYNOSA,26.0448998,98.34030,26.0448998,-98.3403,True,True,True,REYNOSA
UNIDAD REYNOSA 3A.,31/08/2020,2020.0,HOMICIDIO,CULPOSO,REYNOSA,26.027266,-98.2637804,26.027266,-98.2637804,True,True,True,REYNOSA
ATENCION INMEDIATA EN REYNOSA,31/08/2021,2021.0,LESIONES,CULPOSO,REYNOSA,26.043334208979044,-98.29710245132446,26.043334208979044,-98.29710245132446,True,True,True,REYNOSA
UNIDAD REYNOSA 2A.,31/08/2022,2022.0,LESIONES,CULPOSO,REYNOSA,25.9952366,-98.32048,25.9952366,-98.32048,True,False,True,REYNOSA
ATENCION INMEDIATA EN REYNOSA,31/08/2023,2023.0,LESIONES,CULPOSO,REYNOSA,26.060832729194438,-98.29009115695955,26.06083272919444,-98.29009115695956,True,True,True,REYNOSA
UNIDAD REYNOSA 1A.,31/10/2019,2019.0,HOMICIDIO,CULPOSO,REYNOSA,26.032787510918183,98.37937020287244,26.032787510918183,-98.37937020287244,True,True,True,REYNOSA
UNIDAD REYNOSA 1A.,31/10/2023,2023.0,HOMICIDIO,CULPOSO,REYNOSA,26.03335,-98.25334,26.03335,-98.25334,True,True,True,REYNOSA
UNIDAD REYNOSA 3A.,31/12/2020,2020.0,HOMICIDIO,CULPOSO,REYNOSA,26.0235342,98.24372,26.0235342,-98.24372,True,True,True,REYNOSA
UNIDAD REYNOSA 1A.,31/12/2020,2020.0,HOMICIDIO,CULPOSO,REYNOSA,26.020660021471212,-98.28066587448122,26.02066002147121,-98.28066587448122,True,True,True,REYNOSA
UNIDAD 1 ADOLESCENTES REYNOSA,31/12/2022,2022.0,LESIONES,CULPOSO,REYNOSA,26.072702502302434,-98.2933053411541,26.07270250230244,-98.2933053411541,True,True,True,REYNOSA
UNIDAD REYNOSA 1A.,31/12/2022,2022.0,HOMICIDIO,CULPOSO,REYNOSA,26.03240,98.25456,26.0324,-98.25456,True,True,True,REYNOSA
UNIDAD VICTORIA 1A.,01/03/2019,2019.0,LESIONES,CULPOSO,VICTORIA,23.7507860730187,-99.1723506986164,23.7507860730187,-99.1723506986164,True,True,True,VICTORIA
UNIDAD VICTORIA 1A.,01/03/2022,2022.0,LESIONES,CULPOSO,VICTORIA,23.7559110403261,-99.12004966972978,23.7559110403261,-99.12004966972978,True,True,True,VICTORIA
ATENCION INMEDIATA VICTORIA,01/04/2019,2019.0,LESIONES,CULPOSO,VICTORIA,23.7358534423608,-99.1373606376583,23.7358534423608,-99.1373606376583,True,True,True,VICTORIA
UNIDAD 1 ADOLESCENTES VICTORIA,01/04/2020,2020.0,LESIONES,CULPOSO,VICTORIA,23.74328050163261,-99.12651389837266,23.74328050163261,-99.12651389837266,True,True,True,VICTORIA
UGI VICTORIA 1A.,01/05/2023,2023.0,LESIONES,CULPOSO,VICTORIA,23.731155,-99.142364,23.731155,-99.142364,True,True,True,VICTORIA
UNIDAD VICTORIA 4A.,01/06/2019,2019.0,LESIONES,CULPOSO,VICTORIA,23.76840104896232,-99.1667542008902,23.76840104896232,-99.1667542008902,True,True,True,VICTORIA
ATENCION INMEDIATA VICTORIA,01/06/2021,2021.0,LESIONES,CULPOSO,VICTORIA,23.7748677,-99.171474,23.7748677,-99.171474,True,True,True,VICTORIA
UGI VICTORIA 3A,01/06/2023,2023.0,LESIONES,CULPOSO,VICTORIA,23.720427768610513,-99.149897,23.72042776861052,-99.149897,True,True,True,VICTORIA
UNIDAD VICTORIA 4A.,01/07/2019,2019.0,LESIONES,CULPOSO,VICTORIA,23.71798382657137,-99.04021519952435,23.71798382657137,-99.04021519952435,True,False,True,VICTORIA
UNIDAD VICTORIA 4A.,01/07/2019,2019.0,LESIONES,CULPOSO,VICTORIA,23.805179670922225,-99.12883314198291,23.805179670922225,-99.12883314198292,True,False,True,VICTORIA
ATENCION INMEDIATA VICTORIA,01/08/2019,2019.0,LESIONES,CULPOSO,VICTORIA,23.7326498,-99.1353216,23.7326498,-99.1353216,True,True,True,VICTORIA
UNIDAD VICTORIA 2A,01/08/2020,2020.0,HOMICIDIO,CULPOSO,VICTORIA,23.442518022448137,-98.97703170776369,23.442518022448137,-98.97703170776369,True,False,False,VICTORIA
UNIDAD VICTORIA 5A.,01/09/2021,2021.0,LESIONES,CULPOSO,VICTORIA,23.800167984490393,-99.08199786431517,23.8001679844904,-99.08199786431516,True,False,True,VICTORIA
UGI VICTORIA 1A.,01/09/2022,2022.0,LESIONES,CULPOSO,VICTORIA,23.745516,-99.146465,23.745516,-99.146465,True,True,True,VICTORIA
UGI VICTORIA 4A.,01/09/2023,2023.0,LESIONES,CULPOSO,VICTORIA,23.770784,-99.167771,23.770784,-99.167771,True,True,True,VICTORIA
UGI VICTORIA 3A,01/09/2023,2023.0,LESIONES,CULPOSO,VICTORIA,23.733460,-99.139165,23.73346,-99.139165,True,True,True,VICTORIA
UNIDAD VICTORIA 4A.,01/10/2020,2020.0,HOMICIDIO,CULPOSO,VICTORIA,23.850724949041467,-99.11400139331819,23.850724949041467,-99.1140013933182,True,False,False,VICTORIA
UNIDAD VICTORIA 1A.,01/11/2019,2019.0,LESIONES,CULPOSO,VICTORIA,23.757912470180163,-99.13429294667377,23.757912470180163,-99.13429294667375,True,True,True,VICTORIA
UNIDAD VICTORIA 4A.,01/11/2020,2020.0,HOMICIDIO,CULPOSO,VICTORIA,23.75132435464829,-99.13664996623994,23.75132435464829,-99.13664996623994,True,True,True,VICTORIA
UGI VICTORIA 1A.,01/11/2022,2022.0,HOMICIDIO,CULPOSO,VICTORIA,23.725944,-99.180008,23.725944,-99.180008,True,True,True,VICTORIA
UGI VICTORIA 1A.,01/11/2022,2022.0,LESIONES,CULPOSO,VICTORIA,23.738760,-99.146121,23.73876,-99.146121,True,True,True,VICTORIA
UGI VICTORIA 4A.,01/11/2022,2022.0,LESIONES,CULPOSO,VICTORIA,23.748801,-99.136774,23.748801,-99.136774,True,True,True,VICTORIA
UGI VICTORIA 4A.,01/11/2022,2022.0,LESIONES,CULPOSO,VICTORIA,23.719711,-99.150217,23.719711,-99.150217,True,True,True,VICTORIA
UNIDAD VICTORIA 5A.,01/12/2019,2019.0,HOMICIDIO,CULPOSO,VICTORIA,23.72035534139638,-99.13866573924143,23.72035534139638,-99.13866573924145,True,True,True,VICTORIA
UGI VICTORIA 3A,01/12/2023,2023.0,LESIONES,CULPOSO,VICTORIA,23.71689481387385,-99.167944,23.71689481387385,-99.167944,True,True,True,VICTORIA
UGI VICTORIA 3A,01/12/2023,2023.0,HOMICIDIO,CULPOSO,VICTORIA,23.818444,-99.076823,23.818444,-99.076823,True,False,True,VICTORIA
UNIDAD VICTORIA 1A.,02/01/2020,2020.0,HOMICIDIO,CULPOSO,VICTORIA,23.7533831,-99.0974478,23.7533831,-99.0974478,True,True,True,VICTORIA
UNIDAD VICTORIA 5A.,02/01/2021,2021.0,HOMICIDIO,CULPOSO,VICTORIA,23.750438285101065,-99.15855464941025,23.750438285101065,-99.15855464941023,True,True,True,VICTORIA
UNIDAD VICTORIA 1A.,02/02/2020,2020.0,HOMICIDIO,CULPOSO,VICTORIA,23.732920136547502,-99.13073837757112,23.732920136547506,-99.13073837757112,True,True,True,VICTORIA
UNIDAD VICTORIA 1A.,02/03/2020,2020.0,HOMICIDIO,CULPOSO,VICTORIA,23.7482539,-99.137889,23.7482539,-99.137889,True,True,True,VICTORIA
UGI VICTORIA 1A.,02/03/2023,2023.0,LESIONES,CULPOSO,VICTORIA,23.742688,-99.139595,23.742688,-99.139595,True,True,True,VICTORIA
UGI VICTORIA 4A.,02/03/2023,2023.0,LESIONES,CULPOSO,VICTORIA,23.725805,-99.152268,23.725805,-99.152268,True,True,True,VICTORIA
ATENCION INMEDIATA VICTORIA,02/04/2022,2022.0,LESIONES,CULPOSO,VICTORIA,23.740901958167925,-99.14513111114502,23.740901958167925,-99.14513111114502,True,True,True,VICTORIA
UGI VICTORIA 4A.,02/04/2023,2023.0,LESIONES,CULPOSO,VICTORIA,23.722315,-99.163812,23.722315,-99.163812,True,True,True,VICTORIA
UNIDAD VICTORIA 5A.,02/05/2019,2019.0,HOMICIDIO,CULPOSO,VICTORIA,23.732845267985322,-99.14582417863751,23.73284526798532,-99.14582417863753,True,True,True,VICTORIA
UNIDAD VICTORIA 2A,02/05/2020,2020.0,LESIONES,CULPOSO,VICTORIA,23.72443828865721,-99.18111416924151,23.72443828865721,-99.18111416924152,True,True,True,VICTORIA
UGI VICTORIA 3A,02/05/2023,2023.0,LESIONES,CULPOSO,VICTORIA,23.748063,-99.138001,23.748063,-99.138001,True,True,True,VICTORIA
UGI VICTORIA 1A.,02/05/2023,2023.0,LESIONES,CULPOSO,VICTORIA,23.713372,-99.199012,23.713372,-99.199012,True,False,True,VICTORIA
UNIDAD VICTORIA 4A.,02/06/2019,2019.0,LESIONES,CULPOSO,VICTORIA,23.73336271779119,-99.14013448587724,23.73336271779119,-99.14013448587724,True,True,True,VICTORIA
UNIDAD VICTORIA 2A,02/06/2020,2020.0,LESIONES,CULPOSO,VICTORIA,23.77345820599896,-99.15755296913856,23.77345820599896,-99.15755296913856,True,True,True,VICTORIA
UNIDAD VICTORIA 3A,02/06/2021,2021.0,LESIONES,CULPOSO,VICTORIA,23.739259254475158,-99.13078762930812,23.73925925447516,-99.13078762930812,True,True,True,VICTORIA
UNIDAD VICTORIA 3A,02/06/2021,2021.0,LESIONES,CULPOSO,VICTORIA,23.7196900754074,-99.14795385944775,23.7196900754074,-99.14795385944775,True,True,True,VICTORIA
UNIDAD VICTORIA 4A.,02/07/2019,2019.0,LESIONES,CULPOSO,VICTORIA,23.73566951774728,-99.14750386274613,23.73566951774728,-99.14750386274612,True,True,True,VICTORIA
UNIDAD VICTORIA 3A,02/07/2019,2019.0,HOMICIDIO,CULPOSO,VICTORIA,23.73929491080236,-99.17478000699948,23.73929491080236,-99.17478000699948,True,True,True,VICTORIA
UGI VICTORIA 4A.,02/08/2022,2022.0,HOMICIDIO,CULPOSO,VICTORIA,23.737896,-99.129865,23.737896,-99.129865,True,True,True,VICTORIA
UGI VICTORIA 1A.,02/08/2022,2022.0,LESIONES,CULPOSO,VICTORIA,23.740488,-99.149556,23.740488,-99.149556,True,True,True,VICTORIA
UNIDAD VICTORIA 3A,02/09/2019,2019.0,LESIONES,CULPOSO,VICTORIA,23.719130000815323,-99.15024340152742,23.719130000815323,-99.15024340152742,True,True,True,VICTORIA
UNIDAD VICTORIA 4A.,02/09/2020,2020.0,LESIONES,CULPOSO,VICTORIA,23.74322433930085,-99.14733052253725,23.74322433930085,-99.14733052253725,True,True,True,VICTORIA
UNIDAD VICTORIA 4A.,02/09/2020,2020.0,HOMICIDIO,CULPOSO,VICTORIA,23.840026916935297,-99.06294822692873,23.840026916935297,-99.06294822692873,True,False,False,VICTORIA
UNIDAD VICTORIA 2A,02/10/2019,2019.0,LESIONES,CULPOSO,VICTORIA,23.74690501785472,-99.09948922021991,23.74690501785472,-99.09948922021992,True,True,True,VICTORIA
UNIDAD VICTORIA 4A.,02/10/2020,2020.0,HOMICIDIO,CULPOSO,VICTORIA,23.755417441962734,-98.20335388183595,23.75541744196273,-98.20335388183597,True,False,False,VICTORIA
UGI VICTORIA 1A.,02/11/2022,2022.0,HOMICIDIO,CULPOSO,VICTORIA,23.740802,-99.153163,23.740802,-99.153163,True,True,True,VICTORIA
UGI VICTORIA 4A.,02/12/2022,2022.0,LESIONES,CULPOSO,VICTORIA,23.757389,-99.117922,23.757389,-99.117922,True,True,True,VICTORIA
UGI VICTORIA 1A.,02/12/2022,2022.0,LESIONES,CULPOSO,VICTORIA,23.743159,-99.141312,23.743159,-99.141312,True,True,True,VICTORIA
UGI VICTORIA 3A,02/12/2023,2023.0,LESIONES,CULPOSO,VICTORIA,23.748730,-99.136830,23.74873,-99.13683,True,True,True,VICTORIA
UNIDAD VICTORIA 3A,03/01/2019,2019.0,LESIONES,CULPOSO,VICTORIA,23.781479237865803,-99.10237998658705,23.781479237865803,-99.10237998658704,True,False,True,VICTORIA
UNIDAD VICTORIA 5A.,03/01/2021,2021.0,LESIONES,CULPOSO,VICTORIA,23.758855524189787,-99.13265183127398,23.758855524189787,-99.13265183127398,True,True,True,VICTORIA
UNIDAD VICTORIA 5A.,03/01/2021,2021.0,LESIONES,CULPOSO,VICTORIA,23.777823637293938,-99.17801301007077,23.77782363729393,-99.17801301007076,True,True,True,VICTORIA
UGI VICTORIA 4A.,03/01/2023,2023.0,HOMICIDIO,CULPOSO,VICTORIA,23.770679,-99.166629,23.770679,-99.166629,True,True,True,VICTORIA
UGI VICTORIA 4A.,03/02/2023,2023.0,LESIONES,CULPOSO,VICTORIA,23.763393,-99.114145,23.763393,-99.114145,True,True,True,VICTORIA
UNIDAD VICTORIA 3A,03/04/2020,2020.0,LESIONES,CULPOSO,VICTORIA,23.748069390511606,-99.12572624674819,23.748069390511606,-99.1257262467482,True,True,True,VICTORIA
ATENCION INMEDIATA VICTORIA,03/04/2020,2020.0,LESIONES,CULPOSO,VICTORIA,23.73117005368954,-99.14826393127441,23.73117005368954,-99.1482639312744,True,True,True,VICTORIA
UGI VICTORIA 1A.,03/04/2023,2023.0,LESIONES,CULPOSO,VICTORIA,23.748816,-99.149213,23.748816,-99.149213,True,True,True,VICTORIA
UGI VICTORIA 3A,03/08/2022,2022.0,LESIONES,CULPOSO,VICTORIA,23.768772501264642,-99.166418,23.76877250126464,-99.166418,True,True,True,VICTORIA
UGI VICTORIA 3A,03/08/2023,2023.0,LESIONES,CULPOSO,VICTORIA,23.762615,-99.107108,23.762615,-99.107108,True,True,True,VICTORIA
UGI VICTORIA 1A.,03/09/2023,2023.0,LESIONES,CULPOSO,VICTORIA,23.803898,-99.171154,23.803898,-99.171154,True,False,True,VICTORIA
UGI VICTORIA 4A.,03/09/2023,2023.0,LESIONES,CULPOSO,VICTORIA,23.730818,-99.157654,23.730818,-99.157654,True,True,True,VICTORIA
UNIDAD VICTORIA 2A,03/10/2019,2019.0,HOMICIDIO,CULPOSO,VICTORIA,23.748775802385097,-99.13676008471197,23.748775802385097,-99.13676008471197,True,True,True,VICTORIA
ATENCION INMEDIATA VICTORIA,03/10/2019,2019.0,LESIONES,CULPOSO,VICTORIA,23.73031790947486,-99.14314417315634,23.73031790947486,-99.14314417315634,True,True,True,VICTORIA
UNIDAD VICTORIA 5A.,03/10/2021,2021.0,LESIONES,CULPOSO,VICTORIA,23.711593896283848,-99.18410666092583,23.711593896283848,-99.18410666092583,True,True,True,VICTORIA
UGI VICTORIA 1A.,03/10/2022,2022.0,HOMICIDIO,CULPOSO,VICTORIA,23.732945,-99.143889,23.732945,-99.143889,True,True,True,VICTORIA
UGI VICTORIA 1A.,03/10/2023,2023.0,LESIONES,CULPOSO,VICTORIA,23.756566,-99.159637,23.756566,-99.159637,True,True,True,VICTORIA
UNIDAD VICTORIA 5A.,03/11/2021,2021.0,LESIONES,CULPOSO,VICTORIA,23.752920796542917,-99.12189088854203,23.75292079654292,-99.12189088854204,True,True,True,VICTORIA
UNIDAD VICTORIA 5A.,03/11/2021,2021.0,LESIONES,CULPOSO,VICTORIA,23.748823703389387,-99.13685022183321,23.748823703389387,-99.1368502218332,True,True,True,VICTORIA
UNIDAD VICTORIA 5A.,03/11/2021,2021.0,LESIONES,CULPOSO,VICTORIA,23.71988296436108,-99.14994362961697,23.71988296436108,-99.14994362961696,True,True,True,VICTORIA
UGI VICTORIA 1A.,03/11/2022,2022.0,LESIONES,CULPOSO,VICTORIA,23.740802,-99.136503,23.740802,-99.136503,True,True,True,VICTORIA
UGI VICTORIA 4A.,03/11/2022,2022.0,LESIONES,CULPOSO,VICTORIA,23.754137,-99.151364,23.754137,-99.151364,True,True,True,VICTORIA
UNIDAD DE INVESTIGACION Y LITIGACION-SIIPPTAM,04/01/2019,2019.0,HOMICIDIO,CULPOSO,VICTORIA,23.574769889785426,-99.29948853080455,23.574769889785426,-99.29948853080457,True,False,False,VICTORIA
UNIDAD VICTORIA 3A,04/01/2019,2019.0,HOMICIDIO,CULPOSO,VICTORIA,23.78672758944312,-99.1342477079401,23.78672758944312,-99.1342477079401,True,True,True,VICTORIA
UNIDAD VICTORIA 1A.,04/01/2020,2020.0,LESIONES,CULPOSO,VICTORIA,23.56032875387957,-98.92261505126955,23.56032875387957,-98.92261505126956,True,False,False,VICTORIA
UNIDAD VICTORIA 4A.,04/01/2022,2022.0,LESIONES,CULPOSO,VICTORIA,23.76768598855268,-99.17352682136168,23.76768598855268,-99.17352682136168,True,True,True,VICTORIA
UGI VICTORIA 4A.,04/01/2023,2023.0,LESIONES,CULPOSO,VICTORIA,23.747044,-99.142887,23.747044,-99.142887,True,True,True,VICTORIA
UNIDAD VICTORIA 2A,04/03/2019,2019.0,HOMICIDIO,CULPOSO,VICTORIA,23.6209205776369,-99.140801267177,23.6209205776369,-99.140801267177,True,False,False,VICTORIA
UNIDAD VICTORIA 2A,04/03/2019,2019.0,LESIONES,CULPOSO,VICTORIA,23.7406300498453,-99.1480474489508,23.7406300498453,-99.1480474489508,True,True,True,VICTORIA
UNIDAD VICTORIA 4A.,04/04/2021,2021.0,HOMICIDIO,CULPOSO,VICTORIA,23.75637563173909,-99.0994101682795,23.75637563173909,-99.0994101682795,True,True,True,VICTORIA
UGI VICTORIA 3A,04/05/2023,2023.0,LESIONES,CULPOSO,VICTORIA,23.734045,-99.143457,23.734045,-99.143457,True,True,True,VICTORIA
UNIDAD VICTORIA 5A.,04/06/2022,2022.0,LESIONES,CULPOSO,VICTORIA,23.309774323600763,-99.0193821584076,23.309774323600763,-99.0193821584076,True,False,False,VICTORIA
UNIDAD VICTORIA 4A.,04/07/2019,2019.0,LESIONES,CULPOSO,VICTORIA,23.740198289341247,-99.16167365290144,23.740198289341247,-99.16167365290144,True,True,True,VICTORIA
UGI VICTORIA 4A.,04/07/2022,2022.0,LESIONES,CULPOSO,VICTORIA,23.711142,-99.294402,23.711142,-99.294402,True,False,False,VICTORIA
UGI VICTORIA 1A.,04/08/2022,2022.0,LESIONES,CULPOSO,VICTORIA,23.741274,-99.151789,23.741274,-99.151789,True,True,True,VICTORIA
UGI VICTORIA 1A.,04/09/2023,2023.0,LESIONES,CULPOSO,VICTORIA,23.720169,-98.772726,23.720169,-98.772726,True,False,False,VICTORIA
UNIDAD VICTORIA 2A,04/10/2019,2019.0,HOMICIDIO,CULPOSO,VICTORIA,23.753379813740374,-99.1568656355952,23.753379813740374,-99.1568656355952,True,True,True,VICTORIA
UNIDAD VICTORIA 2A,04/10/2019,2019.0,LESIONES,CULPOSO,VICTORIA,23.721333303724478,-99.15527819706422,23.72133330372448,-99.15527819706422,True,True,True,VICTORIA
UNIDAD VICTORIA 4A.,04/10/2020,2020.0,HOMICIDIO,CULPOSO,VICTORIA,23.75491847149427,-99.14885938167573,23.75491847149427,-99.14885938167572,True,True,True,VICTORIA
UGI VICTORIA 4A.,04/10/2023,2023.0,HOMICIDIO,CULPOSO,VICTORIA,23.714307,-99.172247,23.714307,-99.172247,True,True,True,VICTORIA
UNIDAD VICTORIA 5A.,04/11/2020,2020.0,LESIONES,CULPOSO,VICTORIA,23.752286723530204,-99.17252719402313,23.752286723530204,-99.17252719402312,True,True,True,VICTORIA
UNIDAD VICTORIA 5A.,04/11/2020,2020.0,LESIONES,CULPOSO,VICTORIA,23.734565843672225,-99.11399602890016,23.734565843672225,-99.11399602890016,True,True,True,VICTORIA
UGI VICTORIA 4A.,04/11/2023,2023.0,HOMICIDIO,CULPOSO,VICTORIA,23.788311,-99.168172,23.788311,-99.168172,True,True,True,VICTORIA
UNIDAD VICTORIA 1A.,04/12/2020,2020.0,LESIONES,CULPOSO,VICTORIA,23.7313529,-99.1480122,23.7313529,-99.1480122,True,True,True,VICTORIA
UNIDAD VICTORIA 1A.,04/12/2020,2020.0,LESIONES,CULPOSO,VICTORIA,23.7450497,-99.0911625,23.7450497,-99.0911625,True,True,True,VICTORIA
UGI VICTORIA 3A,04/12/2022,2022.0,HOMICIDIO,CULPOSO,VICTORIA,23.778885,-99.167750,23.778885,-99.16775,True,True,True,VICTORIA
UNIDAD 1 ADOLESCENTES VICTORIA,05/01/2022,2022.0,LESIONES,CULPOSO,VICTORIA,23.736243756039592,-99.13482338190082,23.736243756039592,-99.13482338190082,True,True,True,VICTORIA
UNIDAD VICTORIA 2A,05/03/2022,2022.0,LESIONES,CULPOSO,VICTORIA,23.71158606157887,-99.1617339849472,23.71158606157887,-99.1617339849472,True,True,True,VICTORIA
ATENCION INMEDIATA VICTORIA,05/04/2019,2019.0,LESIONES,CULPOSO,VICTORIA,23.7658959826923,-99.1611418845941,23.7658959826923,-99.1611418845941,True,True,True,VICTORIA
UGI VICTORIA 1A.,05/04/2023,2023.0,LESIONES,CULPOSO,VICTORIA,23.735460,-99.150759,23.73546,-99.150759,True,True,True,VICTORIA
UGI VICTORIA 1A.,05/04/2023,2023.0,LESIONES,CULPOSO,VICTORIA,23.742845,-99.158487,23.742845,-99.158487,True,True,True,VICTORIA
UNIDAD VICTORIA 3A,05/06/2021,2021.0,HOMICIDIO,CULPOSO,VICTORIA,23.719269723698154,-99.14911904353593,23.719269723698154,-99.14911904353592,True,True,True,VICTORIA
UNIDAD VICTORIA 5A.,05/06/2022,2022.0,HOMICIDIO,CULPOSO,VICTORIA,23.707515007429315,-99.12221372038985,23.707515007429315,-99.12221372038984,True,True,True,VICTORIA
UNIDAD VICTORIA 5A.,05/06/2022,2022.0,LESIONES,CULPOSO,VICTORIA,23.719633934693928,-99.15480182829283,23.719633934693928,-99.15480182829285,True,True,True,VICTORIA
UGI VICTORIA 4A.,05/06/2023,2023.0,LESIONES,CULPOSO,VICTORIA,23.719884,-99.150237,23.719884,-99.150237,True,True,True,VICTORIA
ATENCION INMEDIATA VICTORIA,05/07/2019,2019.0,LESIONES,CULPOSO,VICTORIA,23.7181143,-99.1412295,23.7181143,-99.1412295,True,True,True,VICTORIA
UGI VICTORIA 2A,05/07/2023,2023.0,LESIONES,CULPOSO,VICTORIA,23.728940,-99.178649,23.72894,-99.178649,True,True,True,VICTORIA
UGI VICTORIA 4A.,05/07/2023,2023.0,LESIONES,CULPOSO,VICTORIA,23.729716,-99.158739,23.729716,-99.158739,True,True,True,VICTORIA
ATENCION INMEDIATA VICTORIA,05/08/2019,2019.0,LESIONES,CULPOSO,VICTORIA,23.78039850271269,-99.1352552175522,23.78039850271269,-99.1352552175522,True,True,True,VICTORIA
UNIDAD VICTORIA 3A,05/09/2019,2019.0,HOMICIDIO,CULPOSO,VICTORIA,23.759605833910868,-99.10462339447564,23.759605833910868,-99.10462339447564,True,True,True,VICTORIA
UGI VICTORIA 3A,05/09/2022,2022.0,LESIONES,CULPOSO,VICTORIA,23.733510,-99.116986,23.73351,-99.116986,True,True,True,VICTORIA
UGI VICTORIA 1A.,05/09/2022,2022.0,LESIONES,CULPOSO,VICTORIA,23.745045,-99.148526,23.745045,-99.148526,True,True,True,VICTORIA
UGI VICTORIA 1A.,05/09/2022,2022.0,LESIONES,CULPOSO,VICTORIA,23.730725,-99.144246,23.730725,-99.144246,True,True,True,VICTORIA
UGI VICTORIA 4A.,05/09/2022,2022.0,LESIONES,CULPOSO,VICTORIA,24.032840,-98.908109,24.03284,-98.908109,True,False,False,VICTORIA
UNIDAD VICTORIA 5A.,05/10/2020,2020.0,LESIONES,CULPOSO,VICTORIA,23.732578224626955,-99.1135346889496,23.732578224626955,-99.1135346889496,True,True,True,VICTORIA
UGI VICTORIA 3A,05/12/2023,2023.0,HOMICIDIO,CULPOSO,VICTORIA,23.801832,-99.130654,23.801832,-99.130654,True,False,True,VICTORIA
UNIDAD VICTORIA 1A.,06/01/2021,2021.0,HOMICIDIO,CULPOSO,VICTORIA,23.786266167043944,-99.09942033191862,23.786266167043944,-99.09942033191862,True,False,True,VICTORIA
UNIDAD VICTORIA 3A,06/01/2022,2022.0,LESIONES,CULPOSO,VICTORIA,23.719293668691755,-99.14841962881366,23.719293668691755,-99.14841962881366,True,True,True,VICTORIA
UGI VICTORIA 4A.,06/01/2023,2023.0,LESIONES,CULPOSO,VICTORIA,23.746137,-99.106092,23.746137,-99.106092,True,True,True,VICTORIA
UNIDAD VICTORIA 5A.,06/02/2021,2021.0,LESIONES,CULPOSO,VICTORIA,23.71774719272095,-99.10202133778378,23.71774719272095,-99.10202133778378,True,True,True,VICTORIA
UNIDAD VICTORIA 3A,06/02/2022,2022.0,LESIONES,CULPOSO,VICTORIA,23.820591779207426,-99.07660409634973,23.820591779207422,-99.07660409634973,True,False,True,VICTORIA
UGI VICTORIA 4A.,06/02/2023,2023.0,LESIONES,CULPOSO,VICTORIA,23.301129,-99.549548,23.301129,-99.549548,True,False,False,VICTORIA
UNIDAD VICTORIA 1A.,06/03/2019,2019.0,LESIONES,CULPOSO,VICTORIA,23.720118596246472,-99.11237788692647,23.720118596246472,-99.11237788692648,True,True,True,VICTORIA
UNIDAD VICTORIA 2A,06/03/2022,2022.0,HOMICIDIO,CULPOSO,VICTORIA,23.7386368998651,-99.15292703569743,23.7386368998651,-99.15292703569745,True,True,True,VICTORIA
UNIDAD VICTORIA 1A.,06/04/2019,2019.0,HOMICIDIO,CULPOSO,VICTORIA,23.721343126111606,-99.18769007022868,23.72134312611161,-99.18769007022868,True,True,True,VICTORIA
UNIDAD VICTORIA 3A,06/04/2020,2020.0,LESIONES,CULPOSO,VICTORIA,23.75364587357566,-99.15627552650086,23.75364587357566,-99.15627552650086,True,True,True,VICTORIA
UNIDAD VICTORIA 3A,06/04/2020,2020.0,LESIONES,CULPOSO,VICTORIA,23.78414443737096,-99.1762308215086,23.78414443737096,-99.1762308215086,True,True,True,VICTORIA
UNIDAD VICTORIA 5A.,06/04/2021,2021.0,LESIONES,CULPOSO,VICTORIA,23.748333554615034,-99.13664695757915,23.74833355461504,-99.13664695757916,True,True,True,VICTORIA
UNIDAD VICTORIA 5A.,06/06/2019,2019.0,HOMICIDIO,CULPOSO,VICTORIA,23.748601078396156,-99.13689237689913,23.74860107839616,-99.13689237689913,True,True,True,VICTORIA
UGI VICTORIA 3A,06/06/2023,2023.0,LESIONES,CULPOSO,VICTORIA,23.741716,-99.103895,23.741716,-99.103895,True,True,True,VICTORIA
UGI VICTORIA 1A.,06/06/2023,2023.0,LESIONES,CULPOSO,VICTORIA,23.694567,-99.115904,23.694567,-99.115904,True,False,True,VICTORIA
UNIDAD VICTORIA 2A,06/07/2020,2020.0,LESIONES,CULPOSO,VICTORIA,23.734556604782448,99.15373632063935,23.734556604782448,-99.15373632063935,True,True,True,VICTORIA
UGI VICTORIA 1A.,06/07/2023,2023.0,LESIONES,CULPOSO,VICTORIA,23.757909,-99.118818,23.757909,-99.118818,True,True,True,VICTORIA
UNIDAD RIO BRAVO,06/08/2020,2020.0,HOMICIDIO,CULPOSO,VICTORIA,23.743777877669316,-99.15245283661024,23.74377787766932,-99.15245283661024,True,True,True,VICTORIA
UNIDAD VICTORIA 2A,06/08/2021,2021.0,HOMICIDIO,CULPOSO,VICTORIA,23.73259602616739,-99.12801325321199,23.73259602616739,-99.128013253212,True,True,True,VICTORIA
UNIDAD VICTORIA 3A,06/09/2019,2019.0,LESIONES,CULPOSO,VICTORIA,23.7596430022558,-99.11151034542168,23.7596430022558,-99.11151034542168,True,True,True,VICTORIA
UGI VICTORIA 1A.,06/09/2022,2022.0,LESIONES,CULPOSO,VICTORIA,23.742374,-99.153678,23.742374,-99.153678,True,True,True,VICTORIA
UGI VICTORIA 1A.,06/09/2023,2023.0,LESIONES,CULPOSO,VICTORIA,23.716775,-99.169272,23.716775,-99.169272,True,True,True,VICTORIA
UGI VICTORIA 4A.,06/09/2023,2023.0,LESIONES,CULPOSO,VICTORIA,23.719663,-99.150196,23.719663,-99.150196,True,True,True,VICTORIA
UNIDAD VICTORIA 5A.,06/10/2020,2020.0,LESIONES,CULPOSO,VICTORIA,23.769323402840715,-99.17305290699007,23.769323402840715,-99.17305290699008,True,True,True,VICTORIA
UNIDAD VICTORIA 1A.,06/12/2020,2020.0,HOMICIDIO,CULPOSO,VICTORIA,23.718740167642157,-99.06093120574953,23.71874016764216,-99.06093120574953,True,False,True,VICTORIA
UNIDAD VICTORIA 5A.,06/12/2021,2021.0,LESIONES,CULPOSO,VICTORIA,23.74204476985437,-99.10732804483443,23.74204476985437,-99.10732804483445,True,True,True,VICTORIA
UGI VICTORIA 3A,06/12/2022,2022.0,LESIONES,CULPOSO,VICTORIA,23.766830,-99.161050,23.76683,-99.16105,True,True,True,VICTORIA
UGI VICTORIA 4A.,07/02/2023,2023.0,LESIONES,CULPOSO,VICTORIA,23.734209,-99.115507,23.734209,-99.115507,True,True,True,VICTORIA
UGI VICTORIA 4A.,07/04/2023,2023.0,LESIONES,CULPOSO,VICTORIA,23.752093,-99.141891,23.752093,-99.141891,True,True,True,VICTORIA
UNIDAD VICTORIA 4A.,07/05/2021,2021.0,HOMICIDIO,CULPOSO,VICTORIA,23.744613133986828,-99.13564016669523,23.744613133986828,-99.13564016669524,True,True,True,VICTORIA
UGI VICTORIA 3A,07/05/2023,2023.0,HOMICIDIO,CULPOSO,VICTORIA,23.707287,-99.139248,23.707287,-99.139248,True,True,True,VICTORIA
UNIDAD VICTORIA 2A,07/06/2020,2020.0,HOMICIDIO,CULPOSO,VICTORIA,23.89280258036024,-99.11333084106447,23.89280258036024,-99.11333084106448,True,False,False,VICTORIA
UNIDAD VICTORIA 2A,07/06/2020,2020.0,HOMICIDIO,CULPOSO,VICTORIA,23.720252018677442,99.1856466495322,23.72025201867744,-99.1856466495322,True,True,True,VICTORIA
UNIDAD VICTORIA 3A,07/06/2021,2021.0,LESIONES,CULPOSO,VICTORIA,23.719167464309614,-99.15010671054787,23.719167464309614,-99.15010671054787,True,True,True,VICTORIA
UNIDAD VICTORIA 3A,07/06/2021,2021.0,LESIONES,CULPOSO,VICTORIA,23.747790722207775,-99.13785048384291,23.74779072220777,-99.13785048384293,True,True,True,VICTORIA
UNIDAD VICTORIA 4A.,07/07/2019,2019.0,LESIONES,CULPOSO,VICTORIA,23.73698795754374,-99.13047723964287,23.73698795754374,-99.13047723964289,True,True,True,VICTORIA
ATENCION INMEDIATA VICTORIA,07/08/2019,2019.0,LESIONES,CULPOSO,VICTORIA,23.7427167,-99.217092,23.7427167,-99.217092,True,False,True,VICTORIA
UNIDAD VICTORIA 2A,07/08/2021,2021.0,HOMICIDIO,CULPOSO,VICTORIA,23.71874482654662,-99.02389560157219,23.71874482654662,-99.0238956015722,True,False,True,VICTORIA
UNIDAD VICTORIA 5A.,07/09/2020,2020.0,LESIONES,CULPOSO,VICTORIA,23.719944349345454,-99.11861211061479,23.71994434934545,-99.1186121106148,True,True,True,VICTORIA
UNIDAD VICTORIA 5A.,07/10/2020,2020.0,LESIONES,CULPOSO,VICTORIA,23.742890433790205,-99.11911368370058,23.742890433790205,-99.11911368370058,True,True,True,VICTORIA
UNIDAD VICTORIA 5A.,07/11/2020,2020.0,LESIONES,CULPOSO,VICTORIA,23.729199570995796,-99.17378783226013,23.7291995709958,-99.17378783226012,True,True,True,VICTORIA
UNIDAD VICTORIA 5A.,07/11/2020,2020.0,LESIONES,CULPOSO,VICTORIA,24.11637629403141,-99.21465396881105,24.11637629403141,-99.21465396881104,True,False,False,VICTORIA
UNIDAD VICTORIA 5A.,07/11/2020,2020.0,LESIONES,CULPOSO,VICTORIA,23.813473977434224,-99.12496089935304,23.813473977434224,-99.12496089935304,True,False,True,VICTORIA
UNIDAD VICTORIA 5A.,07/11/2020,2020.0,LESIONES,CULPOSO,VICTORIA,23.765297645285628,-99.1283565759659,23.765297645285628,-99.1283565759659,True,True,True,VICTORIA
UGI VICTORIA 4A.,07/11/2022,2022.0,LESIONES,CULPOSO,VICTORIA,23.752921,-99.128091,23.752921,-99.128091,True,True,True,VICTORIA
UGI VICTORIA 3A,07/11/2023,2023.0,LESIONES,CULPOSO,VICTORIA,23.72036711997489,-99.1499426,23.72036711997489,-99.1499426,True,True,True,VICTORIA
UNIDAD VICTORIA 1A.,07/12/2019,2019.0,HOMICIDIO,CULPOSO,VICTORIA,23.74256593941147,-99.13066498460111,23.74256593941147,-99.13066498460113,True,True,True,VICTORIA
UNIDAD VICTORIA 5A.,07/12/2021,2021.0,HOMICIDIO,CULPOSO,VICTORIA,23.74958358690697,-99.13686700086949,23.74958358690697,-99.13686700086949,True,True,True,VICTORIA
UGI VICTORIA 1A.,07/12/2022,2022.0,HOMICIDIO,CULPOSO,VICTORIA,23.853255,-99.114910,23.853255,-99.11491,True,False,False,VICTORIA
UGI VICTORIA 2A,07/12/2022,2022.0,LESIONES,CULPOSO,VICTORIA,23.752989,-99.149474,23.752989,-99.149474,True,True,True,VICTORIA
ATENCION INMEDIATA VICTORIA,08/01/2021,2021.0,LESIONES,CULPOSO,VICTORIA,23.737133207159257,-99.1544008255005,23.737133207159257,-99.1544008255005,True,True,True,VICTORIA
UGI VICTORIA 4A.,08/01/2023,2023.0,HOMICIDIO,CULPOSO,VICTORIA,23.754838,-99.092734,23.754838,-99.092734,True,False,True,VICTORIA
UGI VICTORIA 3A,08/02/2023,2023.0,LESIONES,CULPOSO,VICTORIA,23.713760,-99.159931,23.71376,-99.159931,True,True,True,VICTORIA
UNIDAD VICTORIA 3A,08/03/2022,2022.0,LESIONES,CULPOSO,VICTORIA,23.744911833771155,-99.13597639206455,23.744911833771155,-99.13597639206456,True,True,True,VICTORIA
UGI VICTORIA 4A.,08/03/2023,2023.0,LESIONES,CULPOSO,VICTORIA,23.748339,-99.137213,23.748339,-99.137213,True,True,True,VICTORIA
ATENCION INMEDIATA VICTORIA,08/04/2019,2019.0,LESIONES,CULPOSO,VICTORIA,23.740980329529,-99.1437737994129,23.740980329529,-99.1437737994129,True,True,True,VICTORIA
UNIDAD VICTORIA 4A.,08/04/2020,2020.0,LESIONES,CULPOSO,VICTORIA,23.71842216113547,-99.14216455648969,23.71842216113547,-99.14216455648967,True,True,True,VICTORIA
UNIDAD VICTORIA 5A.,08/04/2021,2021.0,LESIONES,CULPOSO,VICTORIA,23.763754985966145,-99.12326941098722,23.763754985966145,-99.12326941098722,True,True,True,VICTORIA
UNIDAD VICTORIA 5A.,08/04/2021,2021.0,LESIONES,CULPOSO,VICTORIA,23.74838445932279,-99.13684584979353,23.74838445932279,-99.13684584979352,True,True,True,VICTORIA
UNIDAD VICTORIA 1A.,08/05/2019,2019.0,HOMICIDIO,CULPOSO,VICTORIA,23.748790532713112,-99.13676891118148,23.748790532713112,-99.13676891118148,True,True,True,VICTORIA
UNIDAD VICTORIA 5A.,08/06/2019,2019.0,LESIONES,CULPOSO,VICTORIA,23.731900176209212,-99.14892492288124,23.73190017620921,-99.14892492288124,True,True,True,VICTORIA
UNIDAD VICTORIA 3A,08/06/2021,2021.0,LESIONES,CULPOSO,VICTORIA,23.71929276488675,-99.14937105628258,23.71929276488675,-99.14937105628258,True,True,True,VICTORIA
UNIDAD VICTORIA 3A,08/06/2021,2021.0,LESIONES,CULPOSO,VICTORIA,23.719205171897606,-99.1824687072647,23.71920517189761,-99.1824687072647,True,True,True,VICTORIA
UNIDAD VICTORIA 4A.,08/07/2019,2019.0,HOMICIDIO,CULPOSO,VICTORIA,23.732913384256147,-99.16385206288135,23.732913384256147,-99.16385206288136,True,True,True,VICTORIA
UNIDAD VICTORIA 5A.,08/07/2019,2019.0,LESIONES,CULPOSO,VICTORIA,23.756621304523424,-99.15481763207859,23.756621304523424,-99.1548176320786,True,True,True,VICTORIA
UNIDAD VICTORIA 3A,08/07/2021,2021.0,HOMICIDIO,CULPOSO,VICTORIA,23.744470152509546,-99.13529595911703,23.744470152509543,-99.13529595911704,True,True,True,VICTORIA
UGI VICTORIA 3A,08/08/2023,2023.0,LESIONES,CULPOSO,VICTORIA,23.719543,-99.150197,23.719543,-99.150197,True,True,True,VICTORIA
UNIDAD VICTORIA 3A,08/09/2019,2019.0,HOMICIDIO,CULPOSO,VICTORIA,23.708666125419455,-99.0567936473623,23.70866612541945,-99.0567936473623,True,False,True,VICTORIA
UNIDAD VICTORIA 2A,08/09/2021,2021.0,LESIONES,CULPOSO,VICTORIA,23.7185803497366,-99.06096985271613,23.7185803497366,-99.06096985271613,True,False,True,VICTORIA
UNIDAD VICTORIA 5A.,08/10/2020,2020.0,LESIONES,CULPOSO,VICTORIA,23.755892474801385,-99.1620719432831,23.755892474801385,-99.1620719432831,True,True,True,VICTORIA
UNIDAD VICTORIA 5A.,08/10/2020,2020.0,LESIONES,CULPOSO,VICTORIA,23.750161278171323,-99.12403821945192,23.750161278171323,-99.12403821945192,True,True,True,VICTORIA
UGI VICTORIA 4A.,08/10/2022,2022.0,HOMICIDIO,CULPOSO,VICTORIA,23.760361,-99.132351,23.760361,-99.132351,True,True,True,VICTORIA
UGI VICTORIA 2A,08/11/2022,2022.0,LESIONES,CULPOSO,VICTORIA,23.719877,-99.149826,23.719877,-99.149826,True,True,True,VICTORIA
UNIDAD VICTORIA 2A,09/02/2020,2020.0,HOMICIDIO,CULPOSO,VICTORIA,23.797073613681828,-99.08723752200618,23.797073613681828,-99.08723752200618,True,False,True,VICTORIA
UNIDAD VICTORIA 1A.,09/03/2021,2021.0,LESIONES,CULPOSO,VICTORIA,23.75302288140563,-99.14593458395609,23.75302288140563,-99.14593458395608,True,True,True,VICTORIA
UNIDAD VICTORIA 5A.,09/04/2021,2021.0,LESIONES,CULPOSO,VICTORIA,23.732756239921944,-99.14974735960568,23.732756239921944,-99.14974735960568,True,True,True,VICTORIA
ATENCION INMEDIATA VICTORIA,09/04/2022,2022.0,LESIONES,CULPOSO,VICTORIA,23.736113931141997,-99.12853360176088,23.736113931142,-99.12853360176088,True,True,True,VICTORIA
UNIDAD VICTORIA 1A.,09/05/2019,2019.0,LESIONES,CULPOSO,VICTORIA,23.761785438296588,-99.11601266444873,23.761785438296588,-99.11601266444872,True,True,True,VICTORIA
UGI VICTORIA 1A.,09/06/2023,2023.0,HOMICIDIO,CULPOSO,VICTORIA,23.744888,-99.150587,23.744888,-99.150587,True,True,True,VICTORIA
UGI VICTORIA 3A,09/06/2023,2023.0,LESIONES,CULPOSO,VICTORIA,23.680340,-99.196005,23.68034,-99.196005,True,False,True,VICTORIA
UGI VICTORIA 1A.,09/06/2023,2023.0,LESIONES,CULPOSO,VICTORIA,23.735617,-99.154881,23.735617,-99.154881,True,True,True,VICTORIA
UNIDAD VICTORIA 5A.,09/07/2019,2019.0,HOMICIDIO,CULPOSO,VICTORIA,23.7766535844209,-99.17026224421033,23.7766535844209,-99.17026224421032,True,True,True,VICTORIA
UNIDAD VICTORIA 5A.,09/07/2019,2019.0,LESIONES,CULPOSO,VICTORIA,23.716805698427304,-99.16033225334905,23.716805698427304,-99.16033225334904,True,True,True,VICTORIA
UNIDAD VICTORIA 4A.,09/08/2019,2019.0,LESIONES,CULPOSO,VICTORIA,23.805450454001832,-99.17170404970145,23.805450454001832,-99.17170404970145,True,False,True,VICTORIA
UNIDAD VICTORIA 2A,09/08/2021,2021.0,LESIONES,CULPOSO,VICTORIA,23.736055003486204,-99.1400992870331,23.736055003486204,-99.1400992870331,True,True,True,VICTORIA
UGI VICTORIA 3A,09/08/2022,2022.0,LESIONES,CULPOSO,VICTORIA,23.721890,-99.163455,23.72189,-99.163455,True,True,True,VICTORIA
UGI VICTORIA 4A.,09/08/2022,2022.0,LESIONES,CULPOSO,VICTORIA,23.739231,-99.153163,23.739231,-99.153163,True,True,True,VICTORIA
ATENCION INMEDIATA VICTORIA,09/09/2020,2020.0,LESIONES,CULPOSO,VICTORIA,23.734689977266306,-99.14585163519374,23.734689977266303,-99.14585163519374,True,True,True,VICTORIA
UNIDAD VICTORIA 5A.,09/09/2021,2021.0,LESIONES,CULPOSO,VICTORIA,23.82409280766128,-99.07281084277807,23.82409280766128,-99.07281084277808,True,False,True,VICTORIA
UGI VICTORIA 3A,09/09/2022,2022.0,LESIONES,CULPOSO,VICTORIA,23.817933,-99.123472,23.817933,-99.123472,True,False,True,VICTORIA
UNIDAD VICTORIA 2A,09/11/2019,2019.0,LESIONES,CULPOSO,VICTORIA,23.7339642821202,-99.11801788707895,23.7339642821202,-99.11801788707896,True,True,True,VICTORIA
UNIDAD VICTORIA 2A,09/11/2019,2019.0,LESIONES,CULPOSO,VICTORIA,23.74247427829753,-99.1335799528388,23.74247427829753,-99.1335799528388,True,True,True,VICTORIA
UNIDAD VICTORIA 3A,09/11/2021,2021.0,LESIONES,CULPOSO,VICTORIA,23.755835618828037,-99.17832076284834,23.75583561882804,-99.17832076284834,True,True,True,VICTORIA
ATENCION INMEDIATA VICTORIA,09/12/2021,2021.0,LESIONES,CULPOSO,VICTORIA,23.7426545,-99.1758894,23.7426545,-99.1758894,True,False,True,VICTORIA
UNIDAD DE INVESTIGACION Y LITIGACION-SIIPPTAM,10/01/2022,2022.0,HOMICIDIO,CULPOSO,VICTORIA,23.752718427364474,-99.16069102953814,23.752718427364474,-99.16069102953814,True,True,True,VICTORIA
UNIDAD VICTORIA 2A,10/02/2020,2020.0,LESIONES,CULPOSO,VICTORIA,23.749151540683087,-99.13941556268654,23.749151540683087,-99.13941556268654,True,True,True,VICTORIA
ATENCION INMEDIATA VICTORIA,10/02/2020,2020.0,LESIONES,CULPOSO,VICTORIA,23.73254,-99.1235457,23.73254,-99.1235457,True,True,True,VICTORIA
ATENCION INMEDIATA VICTORIA,10/03/2021,2021.0,LESIONES,CULPOSO,VICTORIA,23.73055497163568,-99.16968941688539,23.73055497163568,-99.1696894168854,True,True,True,VICTORIA
UNIDAD VICTORIA 3A,10/03/2022,2022.0,LESIONES,CULPOSO,VICTORIA,23.73143647188464,-99.14177122634077,23.73143647188464,-99.14177122634077,True,True,True,VICTORIA
UNIDAD VICTORIA 3A,10/03/2022,2022.0,LESIONES,CULPOSO,VICTORIA,23.729978758242293,-99.14987300838159,23.729978758242293,-99.1498730083816,True,True,True,VICTORIA
UNIDAD VICTORIA 4A.,10/04/2020,2020.0,LESIONES,CULPOSO,VICTORIA,23.719259535674755,-99.15082812309267,23.719259535674755,-99.15082812309268,True,True,True,VICTORIA
UNIDAD VICTORIA 2A,10/04/2022,2022.0,LESIONES,CULPOSO,VICTORIA,23.735330242709075,-99.1278981915301,23.735330242709075,-99.1278981915301,True,True,True,VICTORIA
UNIDAD VICTORIA 1A.,10/05/2019,2019.0,HOMICIDIO,CULPOSO,VICTORIA,23.723849447909327,-99.12978782698568,23.723849447909327,-99.12978782698568,True,True,True,VICTORIA
UNIDAD VICTORIA 1A.,10/05/2019,2019.0,LESIONES,CULPOSO,VICTORIA,23.735434215582014,-99.1305607779553,23.73543421558201,-99.1305607779553,True,True,True,VICTORIA
UNIDAD VICTORIA 3A,10/05/2020,2020.0,LESIONES,CULPOSO,VICTORIA,23.79464849384628,-99.17331198116848,23.79464849384628,-99.17331198116848,True,False,True,VICTORIA
UNIDAD VICTORIA 3A,10/05/2020,2020.0,LESIONES,CULPOSO,VICTORIA,23.754851043105198,-99.14827330051286,23.7548510431052,-99.14827330051286,True,True,True,VICTORIA
UNIDAD VICTORIA 2A,10/05/2022,2022.0,HOMICIDIO,CULPOSO,VICTORIA,23.748666835658966,-99.13643639715625,23.74866683565897,-99.13643639715625,True,True,True,VICTORIA
UNIDAD VICTORIA 1A.,10/06/2019,2019.0,LESIONES,CULPOSO,VICTORIA,23.743521826273962,-99.10122632626158,23.74352182627396,-99.10122632626158,True,True,True,VICTORIA
UGI VICTORIA 4A.,10/06/2023,2023.0,HOMICIDIO,CULPOSO,VICTORIA,23.867382,-99.113098,23.867382,-99.113098,True,False,False,VICTORIA
UNIDAD 1 ADOLESCENTES VICTORIA,10/07/2020,2020.0,LESIONES,CULPOSO,VICTORIA,23.716607421907124,-99.17679190635683,23.716607421907124,-99.17679190635684,True,True,True,VICTORIA
UNIDAD VICTORIA 3A,10/07/2021,2021.0,LESIONES,CULPOSO,VICTORIA,23.719143813780395,-99.14972037076951,23.719143813780395,-99.14972037076951,True,True,True,VICTORIA
UGI VICTORIA 4A.,10/07/2022,2022.0,LESIONES,CULPOSO,VICTORIA,23.753419,-99.149314,23.753419,-99.149314,True,True,True,VICTORIA
UGI VICTORIA 3A,10/08/2023,2023.0,LESIONES,CULPOSO,VICTORIA,23.713966,-99.129355,23.713966,-99.129355,True,True,True,VICTORIA
UGI VICTORIA 3A,10/08/2023,2023.0,HOMICIDIO,CULPOSO,VICTORIA,23.748749,-99.136840,23.748749,-99.13684,True,True,True,VICTORIA
UNIDAD VICTORIA 2A,10/09/2021,2021.0,LESIONES,CULPOSO,VICTORIA,23.86340529406375,-99.17045116424562,23.86340529406375,-99.17045116424562,True,False,False,VICTORIA
UNIDAD VICTORIA 2A,10/09/2021,2021.0,HOMICIDIO,CULPOSO,VICTORIA,23.7294908433452,-99.1433215775049,23.7294908433452,-99.1433215775049,True,True,True,VICTORIA
UGI VICTORIA 3A,10/09/2023,2023.0,HOMICIDIO,CULPOSO,VICTORIA,23.762538,-99.106979,23.762538,-99.106979,True,True,True,VICTORIA
UNIDAD VICTORIA 3A,10/10/2019,2019.0,LESIONES,CULPOSO,VICTORIA,23.745671828285985,-99.1633513569832,23.745671828285985,-99.1633513569832,True,True,True,VICTORIA
UNIDAD VICTORIA 1A.,10/10/2021,2021.0,HOMICIDIO,CULPOSO,VICTORIA,23.705176105911285,-99.13360552562123,23.705176105911285,-99.13360552562123,True,True,True,VICTORIA
UNIDAD VICTORIA 1A.,10/11/2020,2020.0,LESIONES,CULPOSO,VICTORIA,23.763791022585387,-99.11472558975221,23.763791022585387,-99.1147255897522,True,True,True,VICTORIA
UNIDAD VICTORIA 1A.,10/11/2020,2020.0,LESIONES,CULPOSO,VICTORIA,23.7582733,-99.1589601,23.7582733,-99.1589601,True,True,True,VICTORIA
ATENCION INMEDIATA VICTORIA,10/11/2020,2020.0,LESIONES,CULPOSO,VICTORIA,23.73280915752791,-99.15085970695215,23.73280915752791,-99.15085970695216,True,True,True,VICTORIA
UGI VICTORIA 4A.,10/11/2022,2022.0,HOMICIDIO,CULPOSO,VICTORIA,23.748842,-99.136741,23.748842,-99.136741,True,True,True,VICTORIA
UGI VICTORIA 4A.,10/11/2022,2022.0,LESIONES,CULPOSO,VICTORIA,23.748690,-99.136777,23.74869,-99.136777,True,True,True,VICTORIA
UGI VICTORIA 3A,10/11/2023,2023.0,LESIONES,CULPOSO,VICTORIA,23.72212062082575,-99.172736,23.72212062082575,-99.172736,True,True,True,VICTORIA
UNIDAD VICTORIA 4A.,11/01/2019,2019.0,HOMICIDIO,CULPOSO,VICTORIA,23.7343513896922,-99.1153059303113,23.7343513896922,-99.1153059303113,True,True,True,VICTORIA
UNIDAD VICTORIA 4A.,11/01/2019,2019.0,HOMICIDIO,CULPOSO,VICTORIA,23.7510834683623,-99.1260054770405,23.7510834683623,-99.1260054770405,True,True,True,VICTORIA
UGI VICTORIA 4A.,11/01/2023,2023.0,LESIONES,CULPOSO,VICTORIA,23.729399,-99.142690,23.729399,-99.14269,True,True,True,VICTORIA
UNIDAD VICTORIA 2A,11/03/2019,2019.0,LESIONES,CULPOSO,VICTORIA,23.748840259686798,-99.13682099990402,23.7488402596868,-99.13682099990402,True,True,True,VICTORIA
UNIDAD VICTORIA 2A,11/03/2019,2019.0,LESIONES,CULPOSO,VICTORIA,23.74873652090132,-99.1367806179408,23.74873652090132,-99.1367806179408,True,True,True,VICTORIA
UNIDAD VICTORIA 3A,11/03/2022,2022.0,LESIONES,CULPOSO,VICTORIA,23.753778826205682,-99.14638992952057,23.75377882620568,-99.14638992952057,True,True,True,VICTORIA
UNIDAD VICTORIA 2A,11/04/2022,2022.0,HOMICIDIO,CULPOSO,VICTORIA,23.754976796148615,-99.1289872894007,23.75497679614861,-99.1289872894007,True,True,True,VICTORIA
UNIDAD VICTORIA 5A.,11/05/2021,2021.0,LESIONES,CULPOSO,VICTORIA,23.73792809192149,-99.15228456258775,23.73792809192149,-99.15228456258777,True,True,True,VICTORIA
UNIDAD VICTORIA 3A,11/07/2021,2021.0,HOMICIDIO,CULPOSO,VICTORIA,23.714560799411306,-99.00632472649559,23.714560799411306,-99.0063247264956,True,False,True,VICTORIA
UNIDAD VICTORIA 4A.,11/08/2019,2019.0,LESIONES,CULPOSO,VICTORIA,23.73166137788762,-99.14832076989236,23.73166137788762,-99.14832076989236,True,True,True,VICTORIA
UNIDAD VICTORIA 3A,11/08/2021,2021.0,LESIONES,CULPOSO,VICTORIA,23.747798881358058,-99.1377764940262,23.74779888135805,-99.1377764940262,True,True,True,VICTORIA
UNIDAD VICTORIA 3A,11/08/2021,2021.0,LESIONES,CULPOSO,VICTORIA,23.747759599780952,-99.13765847682953,23.747759599780952,-99.13765847682951,True,True,True,VICTORIA
UGI VICTORIA 3A,11/08/2023,2023.0,LESIONES,CULPOSO,VICTORIA,23.754209,-99.151093,23.754209,-99.151093,True,True,True,VICTORIA
UNIDAD VICTORIA 5A.,11/09/2020,2020.0,LESIONES,CULPOSO,VICTORIA,23.74737660378325,-99.12552416324617,23.74737660378325,-99.12552416324615,True,True,True,VICTORIA
UNIDAD VICTORIA 5A.,11/09/2020,2020.0,HOMICIDIO,CULPOSO,VICTORIA,23.771806607176746,-99.15299266576768,23.771806607176742,-99.15299266576768,True,True,True,VICTORIA
UGI VICTORIA 3A,11/09/2023,2023.0,LESIONES,CULPOSO,VICTORIA,23.719980,-99.150137,23.71998,-99.150137,True,True,True,VICTORIA
UGI VICTORIA 4A.,11/09/2023,2023.0,LESIONES,CULPOSO,VICTORIA,23.745773,-99.140755,23.745773,-99.140755,True,True,True,VICTORIA
UNIDAD VICTORIA 5A.,11/10/2020,2020.0,LESIONES,CULPOSO,VICTORIA,23.764040217601774,-99.14469709093119,23.76404021760177,-99.1446970909312,True,True,True,VICTORIA
UNIDAD VICTORIA 5A.,11/10/2020,2020.0,HOMICIDIO,CULPOSO,VICTORIA,23.721282963978854,-99.19071793556215,23.72128296397885,-99.19071793556216,True,True,True,VICTORIA
UNIDAD VICTORIA 4A.,11/11/2019,2019.0,LESIONES,CULPOSO,VICTORIA,23.73152161674952,-99.12530938036485,23.73152161674952,-99.12530938036484,True,True,True,VICTORIA
UNIDAD VICTORIA 2A,11/12/2020,2020.0,HOMICIDIO,CULPOSO,VICTORIA,23.730899575297297,-99.1367182252197,23.730899575297297,-99.1367182252197,True,True,True,VICTORIA
UGI VICTORIA 4A.,11/12/2022,2022.0,HOMICIDIO,CULPOSO,VICTORIA,23.777447,-99.179354,23.777447,-99.179354,True,True,True,VICTORIA
UGI VICTORIA 3A,11/12/2023,2023.0,LESIONES,CULPOSO,VICTORIA,23.760251,-99.152636,23.760251,-99.152636,True,True,True,VICTORIA
UNIDAD VICTORIA 4A.,12/01/2019,2019.0,LESIONES,CULPOSO,VICTORIA,23.7189093093216,-99.0888886469183,23.7189093093216,-99.0888886469183,True,True,True,VICTORIA
UNIDAD VICTORIA 4A.,12/01/2019,2019.0,HOMICIDIO,CULPOSO,VICTORIA,23.722242158418947,-99.16349435661932,23.722242158418947,-99.16349435661932,True,True,True,VICTORIA
UNIDAD VICTORIA 4A.,12/01/2019,2019.0,LESIONES,CULPOSO,VICTORIA,23.73961172963571,-99.1282608933248,23.73961172963571,-99.1282608933248,True,True,True,VICTORIA
UNIDAD VICTORIA 3A,12/03/2019,2019.0,HOMICIDIO,CULPOSO,VICTORIA,23.736347319613692,-99.12842378455429,23.73634731961369,-99.12842378455429,True,True,True,VICTORIA
UNIDAD VICTORIA 3A,12/03/2019,2019.0,LESIONES,CULPOSO,VICTORIA,23.75900423457899,-99.1430243371756,23.75900423457899,-99.1430243371756,True,True,True,VICTORIA
UNIDAD VICTORIA 3A,12/03/2022,2022.0,HOMICIDIO,CULPOSO,VICTORIA,23.788940590729627,-99.13425421808391,23.788940590729627,-99.13425421808392,True,True,True,VICTORIA
UNIDAD VICTORIA 5A.,12/05/2021,2021.0,LESIONES,CULPOSO,VICTORIA,23.754103420908464,-99.1513377428055,23.754103420908464,-99.1513377428055,True,True,True,VICTORIA
UNIDAD VICTORIA 2A,12/05/2022,2022.0,LESIONES,CULPOSO,VICTORIA,23.749894981297338,-99.1710031524862,23.74989498129733,-99.1710031524862,True,True,True,VICTORIA
UNIDAD VICTORIA 1A.,12/06/2019,2019.0,HOMICIDIO,CULPOSO,VICTORIA,23.751694041084832,-99.1352911084367,23.751694041084832,-99.1352911084367,True,True,True,VICTORIA
UGI VICTORIA 1A.,12/06/2023,2023.0,LESIONES,CULPOSO,VICTORIA,23.743002,-99.120530,23.743002,-99.12053,True,True,True,VICTORIA
UNIDAD VICTORIA 5A.,12/07/2019,2019.0,LESIONES,CULPOSO,VICTORIA,23.724512592956717,-99.16000807293047,23.72451259295672,-99.16000807293048,True,True,True,VICTORIA
UNIDAD VICTORIA 4A.,12/07/2020,2020.0,HOMICIDIO,CULPOSO,VICTORIA,23.74184083552656,-99.13277149200441,23.74184083552656,-99.1327714920044,True,True,True,VICTORIA
UNIDAD VICTORIA 4A.,12/07/2021,2021.0,LESIONES,CULPOSO,VICTORIA,23.719433400345423,-99.11899065071601,23.719433400345423,-99.118990650716,True,True,True,VICTORIA
ATENCION INMEDIATA VICTORIA,12/07/2021,2021.0,LESIONES,CULPOSO,VICTORIA,23.746883740289118,-99.16268348693849,23.74688374028912,-99.16268348693848,True,True,True,VICTORIA
UGI VICTORIA 4A.,12/08/2022,2022.0,LESIONES,CULPOSO,VICTORIA,23.780880,-99.173452,23.78088,-99.173452,True,True,True,VICTORIA
UGI VICTORIA 4A.,12/08/2022,2022.0,LESIONES,CULPOSO,VICTORIA,23.744234,-99.122919,23.744234,-99.122919,True,True,True,VICTORIA
UGI VICTORIA 4A.,12/08/2022,2022.0,LESIONES,CULPOSO,VICTORIA,23.748297,-99.137186,23.748297,-99.137186,True,True,True,VICTORIA
UGI VICTORIA 4A.,12/09/2022,2022.0,LESIONES,CULPOSO,VICTORIA,23.752787,-99.143347,23.752787,-99.143347,True,True,True,VICTORIA
UGI VICTORIA 3A,12/09/2023,2023.0,HOMICIDIO,CULPOSO,VICTORIA,23.749034,-99.136807,23.749034,-99.136807,True,True,True,VICTORIA
UNIDAD VICTORIA 1A.,12/10/2020,2020.0,LESIONES,CULPOSO,VICTORIA,23.7197793,-99.1509724,23.7197793,-99.1509724,True,True,True,VICTORIA
UGI VICTORIA 4A.,12/10/2022,2022.0,LESIONES,CULPOSO,VICTORIA,23.729431,-99.142214,23.729431,-99.142214,True,True,True,VICTORIA
UGI VICTORIA 4A.,12/10/2022,2022.0,LESIONES,CULPOSO,VICTORIA,23.737502,-99.150243,23.737502,-99.150243,True,True,True,VICTORIA
ATENCION INMEDIATA VICTORIA,12/12/2019,2019.0,LESIONES,CULPOSO,VICTORIA,23.7381762,-99.142575,23.7381762,-99.142575,True,True,True,VICTORIA
UNIDAD VICTORIA 2A,12/12/2020,2020.0,LESIONES,CULPOSO,VICTORIA,23.74732432103981,-99.13748585665579,23.74732432103981,-99.1374858566558,True,True,True,VICTORIA
UNIDAD VICTORIA 4A.,13/01/2019,2019.0,LESIONES,CULPOSO,VICTORIA,23.7659628417878,-99.1673220629266,23.7659628417878,-99.1673220629266,True,True,True,VICTORIA
UNIDAD VICTORIA 2A,13/01/2021,2021.0,HOMICIDIO,CULPOSO,VICTORIA,23.719239316337873,-99.09538606243402,23.71923931633788,-99.09538606243402,True,True,True,VICTORIA
UGI VICTORIA 2A,13/01/2023,2023.0,LESIONES,CULPOSO,VICTORIA,23.715840,-99.110134,23.71584,-99.110134,True,True,True,VICTORIA
UNIDAD VICTORIA 1A.,13/02/2021,2021.0,HOMICIDIO,CULPOSO,VICTORIA,23.660688268627524,-99.11451430926346,23.660688268627524,-99.11451430926346,True,False,True,VICTORIA
UNIDAD VICTORIA 4A.,13/02/2022,2022.0,LESIONES,CULPOSO,VICTORIA,23.781803262278018,-99.16782024338991,23.78180326227801,-99.16782024338993,True,True,True,VICTORIA
UGI VICTORIA 4A.,13/03/2023,2023.0,LESIONES,CULPOSO,VICTORIA,23.719660,-99.131204,23.71966,-99.131204,True,True,True,VICTORIA
UGI VICTORIA 1A.,13/03/2023,2023.0,HOMICIDIO,CULPOSO,VICTORIA,23.702025,-99.115459,23.702025,-99.115459,True,True,True,VICTORIA
UNIDAD VICTORIA 2A,13/04/2019,2019.0,LESIONES,CULPOSO,VICTORIA,23.748772528845446,-99.13709844319405,23.748772528845446,-99.13709844319403,True,True,True,VICTORIA
UNIDAD VICTORIA 3A,13/04/2022,2022.0,HOMICIDIO,CULPOSO,VICTORIA,23.752633800613182,-99.16556988550134,23.752633800613182,-99.16556988550134,True,True,True,VICTORIA
ATENCION INMEDIATA VICTORIA,13/05/2022,2022.0,LESIONES,CULPOSO,VICTORIA,23.744683938267276,-99.14036750793458,23.74468393826728,-99.14036750793458,True,True,True,VICTORIA
UNIDAD VICTORIA 1A.,13/06/2022,2022.0,LESIONES,CULPOSO,VICTORIA,23.73615214202954,-99.11146484108465,23.73615214202954,-99.11146484108464,True,True,True,VICTORIA
UGI VICTORIA 3A,13/07/2023,2023.0,LESIONES,CULPOSO,VICTORIA,23.726530,-99.162795,23.72653,-99.162795,True,True,True,VICTORIA
UGI VICTORIA 3A,13/08/2023,2023.0,HOMICIDIO,CULPOSO,VICTORIA,23.839760,-99.060421,23.83976,-99.060421,True,False,False,VICTORIA
UNIDAD VICTORIA 4A.,13/09/2019,2019.0,LESIONES,CULPOSO,VICTORIA,23.761554,-99.12232300510088,23.761554,-99.12232300510088,True,True,True,VICTORIA
UNIDAD VICTORIA 4A.,13/09/2019,2019.0,LESIONES,CULPOSO,VICTORIA,23.742104,-99.173920,23.742104,-99.17392,True,True,True,VICTORIA
UGI VICTORIA 1A.,13/09/2023,2023.0,LESIONES,CULPOSO,VICTORIA,23.742189,-99.168178,23.742189,-99.168178,True,True,True,VICTORIA
UGI VICTORIA 4A.,13/10/2022,2022.0,HOMICIDIO,CULPOSO,VICTORIA,23.748771,-99.136742,23.748771,-99.136742,True,True,True,VICTORIA
UGI VICTORIA 4A.,13/10/2023,2023.0,LESIONES,CULPOSO,VICTORIA,23.748830,-99.136754,23.74883,-99.136754,True,True,True,VICTORIA
UNIDAD VICTORIA 1A.,13/11/2020,2020.0,LESIONES,CULPOSO,VICTORIA,23.7481203,-99.1375577,23.7481203,-99.1375577,True,True,True,VICTORIA
UNIDAD VICTORIA 2A,13/12/2020,2020.0,HOMICIDIO,CULPOSO,VICTORIA,23.718730177679095,-99.09403907450535,23.71873017767909,-99.09403907450536,True,True,True,VICTORIA
UNIDAD VICTORIA 1A.,13/12/2021,2021.0,LESIONES,CULPOSO,VICTORIA,23.725144022585585,-99.15364442010187,23.725144022585585,-99.15364442010188,True,True,True,VICTORIA
UGI VICTORIA 4A.,13/12/2022,2022.0,LESIONES,CULPOSO,VICTORIA,23.912908,-99.004847,23.912908,-99.004847,True,False,False,VICTORIA
UNIDAD VICTORIA 4A.,14/01/2020,2020.0,LESIONES,CULPOSO,VICTORIA,23.759234840313344,-99.14086103439332,23.759234840313344,-99.14086103439332,True,True,True,VICTORIA
UGI VICTORIA 4A.,14/01/2023,2023.0,LESIONES,CULPOSO,VICTORIA,23.662960,-99.098629,23.66296,-99.098629,True,False,True,VICTORIA
UGI VICTORIA 2A,14/01/2023,2023.0,LESIONES,CULPOSO,VICTORIA,23.716319,-99.183286,23.716319,-99.183286,True,True,True,VICTORIA
UNIDAD VICTORIA 2A,14/03/2019,2019.0,LESIONES,CULPOSO,VICTORIA,23.73039250446761,-99.14236001152871,23.73039250446761,-99.14236001152872,True,True,True,VICTORIA
UNIDAD VICTORIA 1A.,14/03/2021,2021.0,HOMICIDIO,CULPOSO,VICTORIA,23.75579442716956,-99.17053043400527,23.75579442716956,-99.17053043400529,True,True,True,VICTORIA
UGI VICTORIA 1A.,14/03/2023,2023.0,LESIONES,CULPOSO,VICTORIA,23.728754,-99.184936,23.728754,-99.184936,True,True,True,VICTORIA
UNIDAD VICTORIA 5A.,14/04/2020,2020.0,LESIONES,CULPOSO,VICTORIA,23.7164932324644,-99.13270711898805,23.7164932324644,-99.13270711898804,True,True,True,VICTORIA
UNIDAD DE INVESTIGACION Y LITIGACION-SIIPPTAM,14/04/2021,2021.0,HOMICIDIO,CULPOSO,VICTORIA,23.73287798259746,-99.12760925521488,23.73287798259746,-99.12760925521488,True,True,True,VICTORIA
UGI VICTORIA 4A.,14/04/2023,2023.0,HOMICIDIO,CULPOSO,VICTORIA,23.731504,-99.166015,23.731504,-99.166015,True,True,True,VICTORIA
UGI VICTORIA 1A.,14/04/2023,2023.0,LESIONES,CULPOSO,VICTORIA,23.71823787142602,-99.1672060,23.71823787142602,-99.167206,True,True,True,VICTORIA
UNIDAD VICTORIA 2A,14/05/2022,2022.0,HOMICIDIO,CULPOSO,VICTORIA,23.631604747498198,-98.96620896921418,23.6316047474982,-98.96620896921418,True,False,False,VICTORIA
UNIDAD VICTORIA 5A.,14/06/2021,2021.0,LESIONES,CULPOSO,VICTORIA,23.74851791393408,-99.1374973932077,23.74851791393408,-99.1374973932077,True,True,True,VICTORIA
UNIDAD VICTORIA 5A.,14/06/2021,2021.0,LESIONES,CULPOSO,VICTORIA,23.716076857171654,-99.10453786690849,23.71607685717165,-99.10453786690849,True,True,True,VICTORIA
UNIDAD VICTORIA 5A.,14/06/2021,2021.0,LESIONES,CULPOSO,VICTORIA,23.749285229600382,-99.13649678316939,23.749285229600385,-99.1364967831694,True,True,True,VICTORIA
UNIDAD VICTORIA 2A,14/06/2022,2022.0,LESIONES,CULPOSO,VICTORIA,23.82124327427532,-99.12388252418056,23.82124327427532,-99.12388252418056,True,False,True,VICTORIA
UGI VICTORIA 4A.,14/08/2022,2022.0,LESIONES,CULPOSO,VICTORIA,23.718220,-99.167299,23.71822,-99.167299,True,True,True,VICTORIA
UGI VICTORIA 3A,14/08/2022,2022.0,HOMICIDIO,CULPOSO,VICTORIA,23.728967,-99.139850,23.728967,-99.13985,True,True,True,VICTORIA
UGI VICTORIA 4A.,14/08/2022,2022.0,LESIONES,CULPOSO,VICTORIA,23.721743,-99.163681,23.721743,-99.163681,True,True,True,VICTORIA
UGI VICTORIA 4A.,14/08/2023,2023.0,LESIONES,CULPOSO,VICTORIA,23.738418,-99.131656,23.738418,-99.131656,True,True,True,VICTORIA
UGI VICTORIA 1A.,14/09/2022,2022.0,HOMICIDIO,CULPOSO,VICTORIA,23.755961,-99.172803,23.755961,-99.172803,True,True,True,VICTORIA
UGI VICTORIA 2A,14/09/2023,2023.0,LESIONES,CULPOSO,VICTORIA,23.719771,-99.125528,23.719771,-99.125528,True,True,True,VICTORIA
UGI VICTORIA 4A.,14/10/2022,2022.0,LESIONES,CULPOSO,VICTORIA,23.738131,-99.152304,23.738131,-99.152304,True,True,True,VICTORIA
UNIDAD VICTORIA 3A,14/11/2019,2019.0,LESIONES,CULPOSO,VICTORIA,23.719832612279685,-99.0916887871378,23.719832612279685,-99.0916887871378,True,True,True,VICTORIA
UNIDAD VICTORIA 3A,14/11/2019,2019.0,LESIONES,CULPOSO,VICTORIA,23.729026638386284,-99.16242774425585,23.729026638386284,-99.16242774425584,True,True,True,VICTORIA
UNIDAD VICTORIA 1A.,14/11/2021,2021.0,LESIONES,CULPOSO,VICTORIA,23.742743640396,-99.16004244738495,23.742743640396,-99.16004244738497,True,True,True,VICTORIA
UNIDAD VICTORIA 1A.,14/11/2021,2021.0,HOMICIDIO,CULPOSO,VICTORIA,23.651755795821444,-99.12746256152033,23.651755795821444,-99.12746256152032,True,False,True,VICTORIA
UNIDAD VICTORIA 1A.,14/12/2021,2021.0,LESIONES,CULPOSO,VICTORIA,23.718580709218767,-99.06920706319399,23.718580709218767,-99.069207063194,True,False,True,VICTORIA
UNIDAD VICTORIA 3A,14/12/2021,2021.0,LESIONES,CULPOSO,VICTORIA,23.819343742460624,-99.13014725355303,23.819343742460624,-99.13014725355303,True,False,True,VICTORIA
ATENCION INMEDIATA VICTORIA,15/01/2019,2019.0,LESIONES,CULPOSO,VICTORIA,23.7164432,-99.1714746,23.7164432,-99.1714746,True,True,True,VICTORIA
UNIDAD VICTORIA 4A.,15/01/2020,2020.0,LESIONES,CULPOSO,VICTORIA,23.79611176821806,-99.11137819290163,23.79611176821806,-99.11137819290164,True,False,True,VICTORIA
UNIDAD VICTORIA 2A,15/01/2021,2021.0,LESIONES,CULPOSO,VICTORIA,23.80971951970507,-99.08337593078613,23.80971951970507,-99.08337593078612,True,False,True,VICTORIA
UNIDAD VICTORIA 1A.,15/04/2021,2021.0,HOMICIDIO,CULPOSO,VICTORIA,23.719728742164083,-99.12546838822124,23.719728742164083,-99.12546838822124,True,True,True,VICTORIA
UNIDAD VICTORIA 2A,15/05/2019,2019.0,HOMICIDIO,CULPOSO,VICTORIA,23.746113138647157,-99.13708398174683,23.74611313864716,-99.13708398174684,True,True,True,VICTORIA
UNIDAD VICTORIA 2A,15/05/2019,2019.0,LESIONES,CULPOSO,VICTORIA,23.719435267002293,-99.14811488204664,23.719435267002293,-99.14811488204664,True,True,True,VICTORIA
UNIDAD VICTORIA 5A.,15/05/2021,2021.0,LESIONES,CULPOSO,VICTORIA,23.719997463667752,-99.14973639451709,23.719997463667752,-99.14973639451708,True,True,True,VICTORIA
UNIDAD VICTORIA 5A.,15/05/2021,2021.0,LESIONES,CULPOSO,VICTORIA,23.72927692334931,-99.13869457868381,23.72927692334931,-99.1386945786838,True,True,True,VICTORIA
UNIDAD VICTORIA 5A.,15/06/2021,2021.0,LESIONES,CULPOSO,VICTORIA,23.777551861015027,-99.17023390399194,23.777551861015027,-99.17023390399194,True,True,True,VICTORIA
UNIDAD VICTORIA 2A,15/06/2022,2022.0,LESIONES,CULPOSO,VICTORIA,23.65270358655533,-99.09163407674792,23.65270358655533,-99.09163407674792,True,False,True,VICTORIA
UGI VICTORIA 4A.,15/06/2023,2023.0,LESIONES,CULPOSO,VICTORIA,23.699968,-99.178649,23.699968,-99.178649,True,True,True,VICTORIA
UGI VICTORIA 4A.,15/06/2023,2023.0,LESIONES,CULPOSO,VICTORIA,23.747402,-99.151617,23.747402,-99.151617,True,True,True,VICTORIA
UNIDAD VICTORIA 5A.,15/07/2019,2019.0,LESIONES,CULPOSO,VICTORIA,23.73536219241238,-99.09976813033845,23.73536219241238,-99.09976813033845,True,True,True,VICTORIA
UNIDAD VICTORIA 5A.,15/07/2019,2019.0,LESIONES,CULPOSO,VICTORIA,23.748996349998873,-99.1376043656366,23.74899634999888,-99.1376043656366,True,True,True,VICTORIA
UNIDAD 1 ADOLESCENTES VICTORIA,15/07/2023,2023.0,HOMICIDIO,CULPOSO,VICTORIA,23.718312,-99.098070,23.718312,-99.09807,True,False,True,VICTORIA
UNIDAD VICTORIA 5A.,15/08/2020,2020.0,LESIONES,CULPOSO,VICTORIA,23.7498454965114,-99.17137652635576,23.7498454965114,-99.17137652635576,True,True,True,VICTORIA
UGI VICTORIA 1A.,15/08/2023,2023.0,LESIONES,CULPOSO,VICTORIA,23.729488,-99.139423,23.729488,-99.139423,True,True,True,VICTORIA
UGI VICTORIA 3A,15/09/2022,2022.0,LESIONES,CULPOSO,VICTORIA,23.741014,-99.146954,23.741014,-99.146954,True,True,True,VICTORIA
UNIDAD VICTORIA 4A.,15/10/2019,2019.0,LESIONES,CULPOSO,VICTORIA,23.74540808989704,-99.11396072320673,23.74540808989704,-99.11396072320672,True,True,True,VICTORIA
UNIDAD VICTORIA 1A.,15/10/2020,2020.0,LESIONES,CULPOSO,VICTORIA,23.7217995,-99.1646797,23.7217995,-99.1646797,True,True,True,VICTORIA
UGI VICTORIA 3A,15/11/2023,2023.0,LESIONES,CULPOSO,VICTORIA,23.773416,-99.166196,23.773416,-99.166196,True,True,True,VICTORIA
ATENCION INMEDIATA VICTORIA,15/12/2021,2021.0,LESIONES,CULPOSO,VICTORIA,23.7253782,-99.1530442,23.7253782,-99.1530442,True,True,True,VICTORIA
UGI VICTORIA 1A.,15/12/2022,2022.0,HOMICIDIO,CULPOSO,VICTORIA,23.737356,-99.143858,23.737356,-99.143858,True,True,True,VICTORIA
UGI VICTORIA 4A.,15/12/2022,2022.0,HOMICIDIO,CULPOSO,VICTORIA,23.315079,-99.026002,23.315079,-99.026002,True,False,False,VICTORIA
UGI VICTORIA 3A,15/12/2023,2023.0,HOMICIDIO,CULPOSO,VICTORIA,23.719595,-99.150203,23.719595,-99.150203,True,True,True,VICTORIA
UNIDAD VICTORIA 2A,16/01/2020,2020.0,HOMICIDIO,CULPOSO,VICTORIA,23.751674112645198,99.11592126125655,23.7516741126452,-99.11592126125656,True,True,True,VICTORIA
UNIDAD VICTORIA 2A,16/01/2020,2020.0,LESIONES,CULPOSO,VICTORIA,23.731036311873805,-99.15436684288505,23.731036311873805,-99.15436684288504,True,True,True,VICTORIA
ATENCION INMEDIATA VICTORIA,16/01/2020,2020.0,LESIONES,CULPOSO,VICTORIA,23.7587938,-99.1157534,23.7587938,-99.1157534,True,True,True,VICTORIA
UNIDAD VICTORIA 2A,16/01/2021,2021.0,HOMICIDIO,CULPOSO,VICTORIA,23.76009895610451,-99.10567045211792,23.76009895610451,-99.10567045211792,True,True,True,VICTORIA
UGI VICTORIA 1A.,16/01/2023,2023.0,LESIONES,CULPOSO,VICTORIA,23.803374,-99.129102,23.803374,-99.129102,True,False,True,VICTORIA
UNIDAD VICTORIA 4A.,16/02/2019,2019.0,LESIONES,CULPOSO,VICTORIA,23.7416649265826,-99.1493822932243,23.7416649265826,-99.1493822932243,True,True,True,VICTORIA
ATENCION INMEDIATA VICTORIA,16/02/2019,2019.0,LESIONES,CULPOSO,VICTORIA,23.733433923509725,-99.1665029525757,23.733433923509725,-99.1665029525757,True,True,True,VICTORIA
UNIDAD VICTORIA 2A,16/02/2021,2021.0,LESIONES,CULPOSO,VICTORIA,23.80530727965037,-99.12830829620363,23.80530727965037,-99.12830829620364,True,False,True,VICTORIA
UGI VICTORIA 1A.,16/02/2023,2023.0,LESIONES,CULPOSO,VICTORIA,23.711142,-99.055433,23.711142,-99.055433,True,False,True,VICTORIA
UNIDAD VICTORIA 3A,16/03/2019,2019.0,LESIONES,CULPOSO,VICTORIA,23.71788590709418,-99.15227908389208,23.71788590709418,-99.15227908389208,True,True,True,VICTORIA
UNIDAD VICTORIA 2A,16/03/2021,2021.0,HOMICIDIO,CULPOSO,VICTORIA,23.721546326579247,-99.18420016765596,23.721546326579247,-99.18420016765596,True,True,True,VICTORIA
UNIDAD VICTORIA 1A.,16/04/2021,2021.0,LESIONES,CULPOSO,VICTORIA,23.737159616992404,-99.16285941363358,23.737159616992404,-99.16285941363358,True,True,True,VICTORIA
UNIDAD VICTORIA 3A,16/04/2022,2022.0,LESIONES,CULPOSO,VICTORIA,23.735782209392518,-99.1586276381926,23.73578220939252,-99.1586276381926,True,True,True,VICTORIA
ATENCION INMEDIATA VICTORIA,16/04/2022,2022.0,LESIONES,CULPOSO,VICTORIA,23.7424515,-99.1120966,23.7424515,-99.1120966,True,True,True,VICTORIA
UNIDAD VICTORIA 2A,16/05/2019,2019.0,HOMICIDIO,CULPOSO,VICTORIA,23.7483666215789,-99.1374921798706,23.7483666215789,-99.1374921798706,True,True,True,VICTORIA
UNIDAD 1 ADOLESCENTES VICTORIA,16/05/2023,2023.0,LESIONES,CULPOSO,VICTORIA,23.735589,-99.143081,23.735589,-99.143081,True,True,True,VICTORIA
UNIDAD VICTORIA 5A.,16/06/2020,2020.0,HOMICIDIO,CULPOSO,VICTORIA,23.717718615027305,-99.00042057037355,23.717718615027305,-99.00042057037356,True,False,True,VICTORIA
UNIDAD VICTORIA 5A.,16/06/2021,2021.0,LESIONES,CULPOSO,VICTORIA,23.74971938275615,-99.1367195214042,23.74971938275615,-99.1367195214042,True,True,True,VICTORIA
UNIDAD VICTORIA 5A.,16/06/2021,2021.0,HOMICIDIO,CULPOSO,VICTORIA,23.748607021446784,-99.13744995874062,23.748607021446784,-99.13744995874062,True,True,True,VICTORIA
UNIDAD VICTORIA 2A,16/06/2022,2022.0,LESIONES,CULPOSO,VICTORIA,23.766488684250746,-99.14791299108508,23.766488684250746,-99.14791299108508,True,True,True,VICTORIA
UGI VICTORIA 2A,16/06/2023,2023.0,LESIONES,CULPOSO,VICTORIA,23.748645,-99.136784,23.748645,-99.136784,True,True,True,VICTORIA
UNIDAD VICTORIA 1A.,16/07/2019,2019.0,HOMICIDIO,CULPOSO,VICTORIA,23.72677806693506,-99.15998937768013,23.72677806693506,-99.15998937768012,True,True,True,VICTORIA
UNIDAD VICTORIA 5A.,16/07/2020,2020.0,LESIONES,CULPOSO,VICTORIA,23.729396006744484,-99.14228796958925,23.729396006744484,-99.14228796958923,True,True,True,VICTORIA
UGI VICTORIA 4A.,16/07/2022,2022.0,LESIONES,CULPOSO,VICTORIA,23.739231,-99.152133,23.739231,-99.152133,True,True,True,VICTORIA
UGI VICTORIA 3A,16/07/2023,2023.0,LESIONES,CULPOSO,VICTORIA,23.736714,-99.130541,23.736714,-99.130541,True,True,True,VICTORIA
ATENCION INMEDIATA VICTORIA,16/08/2020,2020.0,LESIONES,CULPOSO,VICTORIA,23.739298902901815,-99.14294806059262,23.73929890290181,-99.14294806059262,True,True,True,VICTORIA
UNIDAD VICTORIA 3A,16/08/2021,2021.0,LESIONES,CULPOSO,VICTORIA,23.727480400378298,-99.15188594749469,23.727480400378298,-99.15188594749468,True,True,True,VICTORIA
UNIDAD VICTORIA 3A,16/09/2021,2021.0,LESIONES,CULPOSO,VICTORIA,23.76474777604869,-99.13950383663179,23.76474777604869,-99.1395038366318,True,True,True,VICTORIA
UGI VICTORIA 1A.,16/09/2022,2022.0,HOMICIDIO,CULPOSO,VICTORIA,23.721298,-99.181804,23.721298,-99.181804,True,True,True,VICTORIA
UNIDAD VICTORIA 1A.,16/10/2020,2020.0,HOMICIDIO,CULPOSO,VICTORIA,23.7308297,-98.7260539,23.7308297,-98.7260539,True,False,False,VICTORIA
UGI VICTORIA 3A,16/10/2023,2023.0,LESIONES,CULPOSO,VICTORIA,23.745066,-99.108001,23.745066,-99.108001,True,True,True,VICTORIA
UNIDAD VICTORIA 2A,16/11/2021,2021.0,LESIONES,CULPOSO,VICTORIA,23.765740156397182,-99.12920799705743,23.765740156397182,-99.12920799705743,True,True,True,VICTORIA
UGI VICTORIA 3A,16/11/2022,2022.0,LESIONES,CULPOSO,VICTORIA,23.737268,-99.099624,23.737268,-99.099624,True,True,True,VICTORIA
ATENCION INMEDIATA VICTORIA,16/12/2019,2019.0,LESIONES,CULPOSO,VICTORIA,23.713648677153984,-99.16161776834454,23.713648677153984,-99.16161776834454,True,True,True,VICTORIA
UGI VICTORIA 4A.,16/12/2022,2022.0,LESIONES,CULPOSO,VICTORIA,23.756386,-99.173687,23.756386,-99.173687,True,True,True,VICTORIA
UNIDAD VICTORIA 2A,17/01/2021,2021.0,HOMICIDIO,CULPOSO,VICTORIA,23.828755,-99.069555,23.828755,-99.069555,True,False,True,VICTORIA
UNIDAD VICTORIA 5A.,17/02/2022,2022.0,LESIONES,CULPOSO,VICTORIA,23.752732000857783,-99.1663830242515,23.752732000857783,-99.1663830242515,True,True,True,VICTORIA
UGI VICTORIA 4A.,17/02/2023,2023.0,LESIONES,CULPOSO,VICTORIA,23.739741936243018,-99.127624,23.739741936243018,-99.127624,True,True,True,VICTORIA
UNIDAD VICTORIA 3A,17/03/2019,2019.0,LESIONES,CULPOSO,VICTORIA,23.711919510085508,-99.13523410232293,23.711919510085508,-99.13523410232293,True,True,True,VICTORIA
UNIDAD VICTORIA 4A.,17/03/2022,2022.0,LESIONES,CULPOSO,VICTORIA,23.719576887769225,-99.14808914261516,23.719576887769225,-99.14808914261516,True,True,True,VICTORIA
UNIDAD VICTORIA 5A.,17/04/2020,2020.0,HOMICIDIO,CULPOSO,VICTORIA,23.778326902369958,-99.11649048328401,23.77832690236996,-99.116490483284,True,False,True,VICTORIA
UGI VICTORIA 1A.,17/04/2023,2023.0,LESIONES,CULPOSO,VICTORIA,23.738288,-99.159518,23.738288,-99.159518,True,True,True,VICTORIA
UNIDAD VICTORIA 5A.,17/05/2021,2021.0,LESIONES,CULPOSO,VICTORIA,23.722306887918958,-99.16393175131311,23.72230688791896,-99.16393175131311,True,True,True,VICTORIA
UNIDAD VICTORIA 3A,17/05/2022,2022.0,LESIONES,CULPOSO,VICTORIA,23.996738413039576,-99.14001082560904,23.996738413039576,-99.14001082560904,True,False,False,VICTORIA
UNIDAD VICTORIA 2A,17/05/2022,2022.0,LESIONES,CULPOSO,VICTORIA,23.739196873061193,-99.11114340776169,23.7391968730612,-99.11114340776167,True,True,True,VICTORIA
UNIDAD VICTORIA 2A,17/05/2022,2022.0,LESIONES,CULPOSO,VICTORIA,23.748539129721962,-99.1370053407982,23.74853912972196,-99.1370053407982,True,True,True,VICTORIA
UNIDAD VICTORIA 2A,17/06/2019,2019.0,LESIONES,CULPOSO,VICTORIA,23.71863048218774,-99.0639213312835,23.71863048218774,-99.0639213312835,True,False,True,VICTORIA
UNIDAD VICTORIA 2A,17/06/2022,2022.0,LESIONES,CULPOSO,VICTORIA,23.756843018335957,-99.14120708420924,23.75684301833596,-99.14120708420924,True,True,True,VICTORIA
UGI VICTORIA 1A.,17/06/2023,2023.0,HOMICIDIO,CULPOSO,VICTORIA,23.756672,-99.139938,23.756672,-99.139938,True,True,True,VICTORIA
UNIDAD 1 ADOLESCENTES VICTORIA,17/07/2019,2019.0,LESIONES,CULPOSO,VICTORIA,23.721810609493136,-99.16345328092576,23.721810609493136,-99.16345328092576,True,True,True,VICTORIA
UNIDAD VICTORIA 1A.,17/07/2019,2019.0,HOMICIDIO,CULPOSO,VICTORIA,23.723091499231717,-99.1459667823471,23.72309149923172,-99.1459667823471,True,True,True,VICTORIA
ATENCION INMEDIATA VICTORIA,17/07/2021,2021.0,LESIONES,CULPOSO,VICTORIA,23.738064512071762,-99.11301510114316,23.73806451207176,-99.11301510114316,True,True,True,VICTORIA
UGI VICTORIA 1A.,17/07/2023,2023.0,LESIONES,CULPOSO,VICTORIA,23.739231,-99.145606,23.739231,-99.145606,True,True,True,VICTORIA
UGI VICTORIA 2A,17/08/2023,2023.0,HOMICIDIO,CULPOSO,VICTORIA,23.719721,-99.129829,23.719721,-99.129829,True,True,True,VICTORIA
UGI VICTORIA 3A,17/08/2023,2023.0,HOMICIDIO,CULPOSO,VICTORIA,23.376256,-98.697910,23.376256,-98.69791,True,False,False,VICTORIA
UNIDAD VICTORIA 5A.,17/09/2019,2019.0,LESIONES,CULPOSO,VICTORIA,23.746531261058028,-99.11650007425541,23.746531261058028,-99.1165000742554,True,True,True,VICTORIA
UNIDAD VICTORIA 5A.,17/09/2019,2019.0,LESIONES,CULPOSO,VICTORIA,23.713541127954066,-99.15619289372202,23.713541127954063,-99.15619289372202,True,True,True,VICTORIA
UGI VICTORIA 4A.,17/10/2022,2022.0,LESIONES,CULPOSO,VICTORIA,23.719745,-99.150194,23.719745,-99.150194,True,True,True,VICTORIA
UGI VICTORIA 1A.,17/10/2023,2023.0,LESIONES,CULPOSO,VICTORIA,23.744573,-99.161403,23.744573,-99.161403,True,True,True,VICTORIA
UNIDAD 1 ADOLESCENTES VICTORIA,17/11/2021,2021.0,LESIONES,CULPOSO,VICTORIA,23.71930680665775,-99.11712348461153,23.71930680665775,-99.11712348461153,True,True,True,VICTORIA
ATENCION INMEDIATA VICTORIA,17/11/2021,2021.0,LESIONES,CULPOSO,VICTORIA,23.7552897,-99.1552189,23.7552897,-99.1552189,True,True,True,VICTORIA
UNIDAD VICTORIA 3A,17/12/2019,2019.0,LESIONES,CULPOSO,VICTORIA,23.716861851293785,-99.175999821375,23.716861851293785,-99.175999821375,True,True,True,VICTORIA
UNIDAD DE TRAMITACION MASIVA DE CASOS-SIIPPTAM,17/12/2019,2019.0,LESIONES,CULPOSO,VICTORIA,23.71874877980576,-99.13374791896769,23.71874877980576,-99.13374791896769,True,True,True,VICTORIA
UNIDAD VICTORIA 3A,17/12/2020,2020.0,LESIONES,CULPOSO,VICTORIA,23.773439081835757,-99.17560436519979,23.77343908183576,-99.1756043651998,True,True,True,VICTORIA
UNIDAD VICTORIA 5A.,18/01/2022,2022.0,LESIONES,CULPOSO,VICTORIA,23.786730237971422,-99.09770613228945,23.786730237971422,-99.09770613228945,True,False,True,VICTORIA
UNIDAD VICTORIA 5A.,18/02/2022,2022.0,LESIONES,CULPOSO,VICTORIA,23.752751,-99.1459002,23.752751,-99.1459002,True,True,True,VICTORIA
UGI VICTORIA 4A.,18/02/2023,2023.0,HOMICIDIO,CULPOSO,VICTORIA,23.147057,-98.749661,23.147057,-98.749661,True,False,False,VICTORIA
UNIDAD VICTORIA 2A,18/03/2021,2021.0,LESIONES,CULPOSO,VICTORIA,23.96385325608066,-99.10730928182603,23.96385325608066,-99.10730928182603,True,False,False,VICTORIA
UNIDAD VICTORIA 2A,18/03/2021,2021.0,HOMICIDIO,CULPOSO,VICTORIA,23.734285421788453,-99.15216124038736,23.734285421788453,-99.15216124038736,True,True,True,VICTORIA
UGI VICTORIA 1A.,18/03/2023,2023.0,LESIONES,CULPOSO,VICTORIA,23.739702,-99.146465,23.739702,-99.146465,True,True,True,VICTORIA
UNIDAD DE INVESTIGACION Y LITIGACION-SIIPPTAM,18/05/2019,2019.0,LESIONES,CULPOSO,VICTORIA,23.752869481075773,-99.16239328885021,23.752869481075773,-99.1623932888502,True,True,True,VICTORIA
UNIDAD VICTORIA 5A.,18/05/2020,2020.0,HOMICIDIO,CULPOSO,VICTORIA,23.820219459077162,-99.12438154220582,23.82021945907716,-99.12438154220582,True,False,True,VICTORIA
UGI VICTORIA 1A.,18/05/2023,2023.0,LESIONES,CULPOSO,VICTORIA,23.750859,-99.142000,23.750859,-99.142,True,True,True,VICTORIA
UGI VICTORIA 3A,18/05/2023,2023.0,LESIONES,CULPOSO,VICTORIA,23.735852,-99.132157,23.735852,-99.132157,True,True,True,VICTORIA
UGI VICTORIA 1A.,18/06/2023,2023.0,HOMICIDIO,CULPOSO,VICTORIA,23.741902,-99.145091,23.741902,-99.145091,True,True,True,VICTORIA
UGI VICTORIA 3A,18/06/2023,2023.0,LESIONES,CULPOSO,VICTORIA,23.716266,-99.137599,23.716266,-99.137599,True,True,True,VICTORIA
UGI VICTORIA 4A.,18/06/2023,2023.0,LESIONES,CULPOSO,VICTORIA,23.743615,-99.150571,23.743615,-99.150571,True,True,True,VICTORIA
UNIDAD 1 ADOLESCENTES VICTORIA,18/07/2023,2023.0,LESIONES,CULPOSO,VICTORIA,23.702854,-99.142741,23.702854,-99.142741,True,True,True,VICTORIA
UGI VICTORIA 1A.,18/07/2023,2023.0,LESIONES,CULPOSO,VICTORIA,23.762613,-99.106978,23.762613,-99.106978,True,True,True,VICTORIA
UGI VICTORIA 4A.,18/08/2023,2023.0,LESIONES,CULPOSO,VICTORIA,23.729212,-99.152217,23.729212,-99.152217,True,True,True,VICTORIA
UNIDAD VICTORIA 5A.,18/09/2019,2019.0,LESIONES,CULPOSO,VICTORIA,23.801702284821467,-99.12960117718835,23.801702284821467,-99.12960117718836,True,False,True,VICTORIA
UNIDAD 1 ADOLESCENTES VICTORIA,18/09/2020,2020.0,LESIONES,CULPOSO,VICTORIA,23.826679971834313,-99.12268638610841,23.82667997183432,-99.1226863861084,True,False,True,VICTORIA
UGI VICTORIA 2A,18/09/2022,2022.0,LESIONES,CULPOSO,VICTORIA,23.773639,-99.157282,23.773639,-99.157282,True,True,True,VICTORIA
UGI VICTORIA 1A.,18/09/2023,2023.0,LESIONES,CULPOSO,VICTORIA,23.745045,-99.151959,23.745045,-99.151959,True,True,True,VICTORIA
UNIDAD VICTORIA 1A.,18/10/2020,2020.0,HOMICIDIO,CULPOSO,VICTORIA,23.7543694,-99.1646548,23.7543694,-99.1646548,True,True,True,VICTORIA
UNIDAD VICTORIA 3A,18/10/2021,2021.0,LESIONES,CULPOSO,VICTORIA,23.71933627427485,-99.14904177188875,23.71933627427485,-99.14904177188876,True,True,True,VICTORIA
UNIDAD VICTORIA 3A,18/10/2021,2021.0,LESIONES,CULPOSO,VICTORIA,23.728259888038664,-99.13714619734994,23.728259888038664,-99.13714619734994,True,True,True,VICTORIA
ATENCION INMEDIATA VICTORIA,18/10/2021,2021.0,LESIONES,CULPOSO,VICTORIA,23.7176066,-99.1622634,23.7176066,-99.1622634,True,True,True,VICTORIA
UNIDAD VICTORIA 3A,18/11/2020,2020.0,HOMICIDIO,CULPOSO,VICTORIA,23.748852996428052,-99.13684190198457,23.74885299642805,-99.13684190198455,True,True,True,VICTORIA
UNIDAD VICTORIA 3A,18/11/2020,2020.0,LESIONES,CULPOSO,VICTORIA,23.745921657548845,-99.15485352520439,23.745921657548845,-99.1548535252044,True,True,True,VICTORIA
UNIDAD VICTORIA 3A,18/12/2020,2020.0,LESIONES,CULPOSO,VICTORIA,23.79970041635311,-99.08916582031003,23.79970041635311,-99.08916582031004,True,False,True,VICTORIA
UNIDAD VICTORIA 1A.,18/12/2021,2021.0,HOMICIDIO,CULPOSO,VICTORIA,23.74838578170388,-99.1369071020617,23.74838578170388,-99.1369071020617,True,True,True,VICTORIA
UNIDAD VICTORIA 4A.,19/02/2019,2019.0,LESIONES,CULPOSO,VICTORIA,23.770284598000117,-99.17342363217682,23.77028459800012,-99.17342363217682,True,True,True,VICTORIA
ATENCION INMEDIATA VICTORIA,19/02/2020,2020.0,LESIONES,CULPOSO,VICTORIA,23.729340759220094,-99.14802789688112,23.729340759220094,-99.14802789688112,True,True,True,VICTORIA
UNIDAD VICTORIA 3A,19/04/2022,2022.0,LESIONES,CULPOSO,VICTORIA,23.72208356310912,-99.16296672873418,23.72208356310912,-99.16296672873418,True,True,True,VICTORIA
UGI VICTORIA 4A.,19/04/2023,2023.0,LESIONES,CULPOSO,VICTORIA,23.719739,-99.150227,23.719739,-99.150227,True,True,True,VICTORIA
UNIDAD VICTORIA 2A,19/05/2019,2019.0,HOMICIDIO,CULPOSO,VICTORIA,23.677844317785887,-98.98232227575366,23.677844317785887,-98.98232227575366,True,False,True,VICTORIA
UGI VICTORIA 1A.,19/05/2023,2023.0,LESIONES,CULPOSO,VICTORIA,23.744102,-99.144919,23.744102,-99.144919,True,True,True,VICTORIA
UGI VICTORIA 4A.,19/06/2023,2023.0,HOMICIDIO,CULPOSO,VICTORIA,23.765657,-99.107767,23.765657,-99.107767,True,True,True,VICTORIA
UNIDAD VICTORIA 4A.,19/08/2021,2021.0,HOMICIDIO,CULPOSO,VICTORIA,23.73848755701233,-99.10676259055697,23.73848755701233,-99.10676259055695,True,True,True,VICTORIA
UNIDAD VICTORIA 4A.,19/08/2021,2021.0,LESIONES,CULPOSO,VICTORIA,23.736621154447274,-99.12712535221645,23.73662115444728,-99.12712535221644,True,True,True,VICTORIA
UNIDAD VICTORIA 4A.,19/08/2021,2021.0,LESIONES,CULPOSO,VICTORIA,23.821476881557714,-99.07555657960401,23.821476881557714,-99.075556579604,True,False,True,VICTORIA
UGI VICTORIA 1A.,19/09/2022,2022.0,LESIONES,CULPOSO,VICTORIA,23.740645,-99.144060,23.740645,-99.14406,True,True,True,VICTORIA
MUJERES,19/09/2023,2023.0,LESIONES,CULPOSO,VICTORIA,23.772585034264537,-99.16312336921693,23.772585034264537,-99.16312336921692,True,True,True,VICTORIA
UNIDAD VICTORIA 1A.,19/10/2020,2020.0,HOMICIDIO,CULPOSO,VICTORIA,23.7907866,-99.1703663,23.7907866,-99.1703663,True,False,True,VICTORIA
UNIDAD VICTORIA 3A,19/10/2021,2021.0,LESIONES,CULPOSO,VICTORIA,23.727479494455768,-99.1519521760008,23.727479494455768,-99.1519521760008,True,True,True,VICTORIA
UGI VICTORIA 4A.,19/10/2022,2022.0,LESIONES,CULPOSO,VICTORIA,23.754143,-99.151343,23.754143,-99.151343,True,True,True,VICTORIA
UNIDAD VICTORIA 3A,19/11/2020,2020.0,LESIONES,CULPOSO,VICTORIA,23.74402605927464,-99.13058095131157,23.74402605927464,-99.13058095131156,True,True,True,VICTORIA
UNIDAD VICTORIA 3A,19/11/2020,2020.0,LESIONES,CULPOSO,VICTORIA,23.735343647215085,-99.14683891890918,23.735343647215085,-99.14683891890918,True,True,True,VICTORIA
UGI VICTORIA 4A.,19/11/2022,2022.0,LESIONES,CULPOSO,VICTORIA,23.773710,-99.151616,23.77371,-99.151616,True,True,True,VICTORIA
UNIDAD VICTORIA 3A,19/12/2020,2020.0,LESIONES,CULPOSO,VICTORIA,23.719260926150742,-99.14859479251575,23.719260926150746,-99.14859479251577,True,True,True,VICTORIA
UGI VICTORIA 1A.,19/12/2022,2022.0,LESIONES,CULPOSO,VICTORIA,23.739388,-99.154194,23.739388,-99.154194,True,True,True,VICTORIA
UGI VICTORIA 4A.,19/12/2023,2023.0,LESIONES,CULPOSO,VICTORIA,23.727777,-99.134574,23.727777,-99.134574,True,True,True,VICTORIA
UNIDAD VICTORIA 3A,20/01/2021,2021.0,LESIONES,CULPOSO,VICTORIA,23.719239890585865,-99.14909005165102,23.719239890585865,-99.14909005165102,True,True,True,VICTORIA
UNIDAD VICTORIA 5A.,20/02/2019,2019.0,LESIONES,CULPOSO,VICTORIA,23.773192553942387,-99.15771109093947,23.773192553942387,-99.15771109093949,True,True,True,VICTORIA
UNIDAD VICTORIA 2A,20/02/2021,2021.0,LESIONES,CULPOSO,VICTORIA,23.71954518486298,-99.14862415022178,23.71954518486298,-99.14862415022178,True,True,True,VICTORIA
UGI VICTORIA 3A,20/02/2023,2023.0,LESIONES,CULPOSO,VICTORIA,23.751195,-99.142212,23.751195,-99.142212,True,True,True,VICTORIA
UNIDAD VICTORIA 4A.,20/03/2019,2019.0,LESIONES,CULPOSO,VICTORIA,23.81246880972179,-99.12553053007431,23.81246880972179,-99.12553053007431,True,False,True,VICTORIA
UNIDAD VICTORIA 5A.,20/03/2020,2020.0,LESIONES,CULPOSO,VICTORIA,23.731815825336955,-99.13060426712038,23.731815825336955,-99.13060426712038,True,True,True,VICTORIA
UGI VICTORIA 1A.,20/04/2023,2023.0,LESIONES,CULPOSO,VICTORIA,23.742216,-99.126026,23.742216,-99.126026,True,True,True,VICTORIA
UNIDAD VICTORIA 1A.,20/05/2021,2021.0,HOMICIDIO,CULPOSO,VICTORIA,23.78725329211886,-99.09821736047108,23.78725329211886,-99.09821736047108,True,False,True,VICTORIA
UNIDAD VICTORIA 2A,20/06/2019,2019.0,LESIONES,CULPOSO,VICTORIA,23.746053908622976,-99.1541647158254,23.746053908622976,-99.1541647158254,True,True,True,VICTORIA
UNIDAD VICTORIA 2A,20/06/2019,2019.0,HOMICIDIO,CULPOSO,VICTORIA,23.744058690537493,-99.13512482599336,23.744058690537493,-99.13512482599336,True,True,True,VICTORIA
UNIDAD VICTORIA 5A.,20/06/2021,2021.0,LESIONES,CULPOSO,VICTORIA,23.737885059473797,-99.14812504539672,23.7378850594738,-99.14812504539672,True,True,True,VICTORIA
UNIDAD VICTORIA 5A.,20/06/2021,2021.0,LESIONES,CULPOSO,VICTORIA,23.717762778821438,-99.10217281259816,23.71776277882144,-99.10217281259816,True,True,True,VICTORIA
UNIDAD VICTORIA 2A,20/06/2022,2022.0,HOMICIDIO,CULPOSO,VICTORIA,23.716899671988806,-99.15419105077981,23.71689967198881,-99.1541910507798,True,True,True,VICTORIA
UNIDAD VICTORIA 2A,20/06/2022,2022.0,HOMICIDIO,CULPOSO,VICTORIA,23.74826998418677,-99.13675313202538,23.74826998418677,-99.13675313202538,True,True,True,VICTORIA
UNIDAD VICTORIA 3A,20/06/2022,2022.0,LESIONES,CULPOSO,VICTORIA,23.726272730408343,-99.14454422103744,23.726272730408343,-99.14454422103744,True,True,True,VICTORIA
UNIDAD VICTORIA 5A.,20/07/2021,2021.0,LESIONES,CULPOSO,VICTORIA,23.719917117974994,-99.14963514955046,23.719917117975,-99.14963514955046,True,True,True,VICTORIA
UNIDAD DE INVESTIGACION Y LITIGACION-SIIPPTAM,20/07/2021,2021.0,LESIONES,CULPOSO,VICTORIA,23.73124979023628,-99.10902024717036,23.73124979023628,-99.10902024717036,True,True,True,VICTORIA
UNIDAD VICTORIA 1A.,20/08/2020,2020.0,LESIONES,CULPOSO,VICTORIA,23.7536952,-99.1020291,23.7536952,-99.1020291,True,True,True,VICTORIA
UNIDAD VICTORIA 4A.,20/08/2021,2021.0,LESIONES,CULPOSO,VICTORIA,23.72980509966298,-99.14516839000376,23.72980509966298,-99.14516839000376,True,True,True,VICTORIA
UGI VICTORIA 1A.,20/08/2022,2022.0,LESIONES,CULPOSO,VICTORIA,23.746886,-99.152378,23.746886,-99.152378,True,True,True,VICTORIA
UNIDAD VICTORIA 5A.,20/09/2019,2019.0,LESIONES,CULPOSO,VICTORIA,23.7575569856153,-99.12640510573937,23.7575569856153,-99.12640510573937,True,True,True,VICTORIA
UNIDAD VICTORIA 4A.,20/09/2021,2021.0,LESIONES,CULPOSO,VICTORIA,23.802833303061306,-99.1706564727398,23.802833303061306,-99.1706564727398,True,False,True,VICTORIA
UNIDAD VICTORIA 4A.,20/09/2021,2021.0,HOMICIDIO,CULPOSO,VICTORIA,23.735452385494977,-99.14242633380262,23.735452385494977,-99.14242633380262,True,True,True,VICTORIA
UNIDAD VICTORIA 4A.,20/10/2019,2019.0,LESIONES,CULPOSO,VICTORIA,23.729662006635476,-99.14316584458994,23.72966200663548,-99.14316584458994,True,True,True,VICTORIA
UNIDAD DE INVESTIGACION Y LITIGACION-SIIPPTAM,20/10/2021,2021.0,HOMICIDIO,CULPOSO,VICTORIA,23.71255670517189,-98.88690948486328,23.71255670517189,-98.88690948486328,True,False,False,VICTORIA
UNIDAD VICTORIA 3A,20/11/2020,2020.0,HOMICIDIO,CULPOSO,VICTORIA,23.719898925472716,-99.15036218864759,23.71989892547272,-99.1503621886476,True,True,True,VICTORIA
UNIDAD VICTORIA 3A,20/12/2019,2019.0,LESIONES,CULPOSO,VICTORIA,23.698303297201534,-99.0670581901942,23.698303297201534,-99.0670581901942,True,False,True,VICTORIA
UNIDAD VICTORIA 3A,20/12/2019,2019.0,HOMICIDIO,CULPOSO,VICTORIA,23.698023574460333,-99.1889274507477,23.698023574460333,-99.1889274507477,True,False,True,VICTORIA
UNIDAD VICTORIA 2A,20/12/2021,2021.0,HOMICIDIO,CULPOSO,VICTORIA,23.740497828455684,-99.10438299179079,23.740497828455684,-99.1043829917908,True,True,True,VICTORIA
UNIDAD VICTORIA 2A,20/12/2021,2021.0,HOMICIDIO,CULPOSO,VICTORIA,23.718995729215578,-99.07384049408779,23.71899572921557,-99.0738404940878,True,False,True,VICTORIA
UGI VICTORIA 4A.,20/12/2023,2023.0,LESIONES,CULPOSO,VICTORIA,23.748239,-99.142836,23.748239,-99.142836,True,True,True,VICTORIA
UNIDAD VICTORIA 5A.,21/01/2020,2020.0,LESIONES,CULPOSO,VICTORIA,23.77282811918324,-99.16750642246888,23.77282811918324,-99.16750642246888,True,True,True,VICTORIA
UNIDAD VICTORIA 5A.,21/01/2020,2020.0,LESIONES,CULPOSO,VICTORIA,23.70663588180604,-99.15516934215255,23.70663588180604,-99.15516934215256,True,True,True,VICTORIA
UNIDAD VICTORIA 2A,21/01/2021,2021.0,HOMICIDIO,CULPOSO,VICTORIA,23.77285995261165,-99.1297996044159,23.77285995261165,-99.1297996044159,True,True,True,VICTORIA
UNIDAD VICTORIA 2A,21/02/2021,2021.0,HOMICIDIO,CULPOSO,VICTORIA,23.85068876501718,-99.14813518524171,23.85068876501718,-99.14813518524171,True,False,False,VICTORIA
UNIDAD VICTORIA 5A.,21/03/2020,2020.0,LESIONES,CULPOSO,VICTORIA,23.749213010242368,-99.15735661983491,23.749213010242368,-99.15735661983491,True,True,True,VICTORIA
UNIDAD VICTORIA 2A,21/03/2021,2021.0,LESIONES,CULPOSO,VICTORIA,23.73782098010209,-99.14768993854524,23.73782098010209,-99.14768993854524,True,True,True,VICTORIA
UNIDAD VICTORIA 2A,21/03/2021,2021.0,LESIONES,CULPOSO,VICTORIA,23.751866301774996,-99.17292952537538,23.751866301775,-99.17292952537538,True,True,True,VICTORIA
UGI VICTORIA 4A.,21/03/2023,2023.0,LESIONES,CULPOSO,VICTORIA,23.748654,-99.136678,23.748654,-99.136678,True,True,True,VICTORIA
UNIDAD VICTORIA 1A.,21/04/2021,2021.0,LESIONES,CULPOSO,VICTORIA,23.824456214197195,-99.12395568499588,23.824456214197195,-99.12395568499588,True,False,True,VICTORIA
UNIDAD VICTORIA 3A,21/05/2022,2022.0,LESIONES,CULPOSO,VICTORIA,23.75039814376436,-99.14120782128342,23.75039814376436,-99.14120782128342,True,True,True,VICTORIA
UNIDAD VICTORIA 5A.,21/06/2020,2020.0,LESIONES,CULPOSO,VICTORIA,23.704123345450586,-99.05603885650636,23.704123345450583,-99.05603885650636,True,False,True,VICTORIA
UNIDAD VICTORIA 2A,21/06/2022,2022.0,LESIONES,CULPOSO,VICTORIA,23.748654366298293,-99.13687232671063,23.748654366298293,-99.13687232671064,True,True,True,VICTORIA
UNIDAD VICTORIA 4A.,21/07/2021,2021.0,LESIONES,CULPOSO,VICTORIA,23.718707040685796,-99.07151001109584,23.7187070406858,-99.07151001109584,True,False,True,VICTORIA
UNIDAD VICTORIA 4A.,21/07/2021,2021.0,LESIONES,CULPOSO,VICTORIA,23.72062049889257,-99.04825704295888,23.72062049889257,-99.04825704295888,True,False,True,VICTORIA
UNIDAD VICTORIA 1A.,21/08/2020,2020.0,HOMICIDIO,CULPOSO,VICTORIA,23.797061534928982,-99.13156986236574,23.797061534928982,-99.13156986236574,True,False,True,VICTORIA
UNIDAD VICTORIA 3A,21/09/2020,2020.0,LESIONES,CULPOSO,VICTORIA,23.727298487828698,-99.1510290926519,23.727298487828698,-99.1510290926519,True,True,True,VICTORIA
UNIDAD VICTORIA 5A.,21/10/2019,2019.0,LESIONES,CULPOSO,VICTORIA,23.70634511648265,-99.12066498173601,23.70634511648265,-99.120664981736,True,True,True,VICTORIA
UNIDAD VICTORIA 5A.,21/10/2019,2019.0,LESIONES,CULPOSO,VICTORIA,23.732512414275398,-99.10749960100397,23.7325124142754,-99.10749960100397,True,True,True,VICTORIA
UGI VICTORIA 1A.,21/10/2023,2023.0,HOMICIDIO,CULPOSO,VICTORIA,23.717842,-99.137409,23.717842,-99.137409,True,True,True,VICTORIA
UNIDAD VICTORIA 3A,21/11/2020,2020.0,HOMICIDIO,CULPOSO,VICTORIA,23.884046175023098,-99.18043142757111,23.88404617502309,-99.18043142757112,True,False,False,VICTORIA
UGI VICTORIA 3A,21/11/2023,2023.0,HOMICIDIO,CULPOSO,VICTORIA,23.745931,-99.143203,23.745931,-99.143203,True,True,True,VICTORIA
UNIDAD VICTORIA 1A.,22/01/2019,2019.0,LESIONES,CULPOSO,VICTORIA,23.7649480485534,-99.1479871697032,23.7649480485534,-99.1479871697032,True,True,True,VICTORIA
UNIDAD VICTORIA 3A,22/01/2021,2021.0,LESIONES,CULPOSO,VICTORIA,23.742358910551037,-99.14896994850841,23.74235891055104,-99.1489699485084,True,True,True,VICTORIA
UNIDAD VICTORIA 5A.,22/02/2019,2019.0,LESIONES,CULPOSO,VICTORIA,23.74650595885119,-99.13766862140659,23.74650595885119,-99.1376686214066,True,True,True,VICTORIA
UNIDAD VICTORIA 2A,22/02/2021,2021.0,HOMICIDIO,CULPOSO,VICTORIA,23.870940425906454,-99.20830249786377,23.87094042590645,-99.20830249786376,True,False,False,VICTORIA
UNIDAD VICTORIA 2A,22/02/2021,2021.0,LESIONES,CULPOSO,VICTORIA,23.75013795515947,-99.13578629493715,23.75013795515947,-99.13578629493716,True,True,True,VICTORIA
UNIDAD VICTORIA 1A.,22/02/2022,2022.0,LESIONES,CULPOSO,VICTORIA,23.73901059923157,-99.14849388672204,23.73901059923157,-99.14849388672204,True,True,True,VICTORIA
UGI VICTORIA 2A,22/02/2023,2023.0,LESIONES,CULPOSO,VICTORIA,23.738413,-99.143596,23.738413,-99.143596,True,True,True,VICTORIA
UGI VICTORIA 1A.,22/03/2023,2023.0,LESIONES,CULPOSO,VICTORIA,23.725088,-99.142343,23.725088,-99.142343,True,True,True,VICTORIA
UGI VICTORIA 4A.,22/03/2023,2023.0,LESIONES,CULPOSO,VICTORIA,23.725268,-99.136007,23.725268,-99.136007,True,True,True,VICTORIA
UNIDAD VICTORIA 2A,22/04/2021,2021.0,LESIONES,CULPOSO,VICTORIA,23.741322785079234,-99.09137964248657,23.74132278507924,-99.09137964248656,True,False,True,VICTORIA
UNIDAD DE TRAMITACION MASIVA DE CASOS-SIIPPTAM,22/04/2022,2022.0,LESIONES,CULPOSO,VICTORIA,23.740929949243373,-99.09133672714235,23.740929949243373,-99.09133672714236,True,False,True,VICTORIA
UGI VICTORIA 1A.,22/04/2023,2023.0,LESIONES,CULPOSO,VICTORIA,23.743894,-99.130733,23.743894,-99.130733,True,True,True,VICTORIA
UNIDAD VICTORIA 3A,22/05/2019,2019.0,HOMICIDIO,CULPOSO,VICTORIA,23.733979930059487,-99.11695619848695,23.733979930059487,-99.11695619848696,True,True,True,VICTORIA
UNIDAD VICTORIA 3A,22/05/2022,2022.0,LESIONES,CULPOSO,VICTORIA,23.747842191876913,-99.1519233887572,23.74784219187692,-99.1519233887572,True,True,True,VICTORIA
UNIDAD VICTORIA 5A.,22/06/2020,2020.0,LESIONES,CULPOSO,VICTORIA,23.86328019540171,-99.1715455055237,23.86328019540171,-99.1715455055237,True,False,False,VICTORIA
UNIDAD VICTORIA 1A.,22/06/2020,2020.0,LESIONES,CULPOSO,VICTORIA,23.7767227,-99.1675487,23.7767227,-99.1675487,True,True,True,VICTORIA
UGI VICTORIA 1A.,22/06/2023,2023.0,LESIONES,CULPOSO,VICTORIA,23.731866,-99.149331,23.731866,-99.149331,True,True,True,VICTORIA
UNIDAD VICTORIA 1A.,22/07/2020,2020.0,LESIONES,CULPOSO,VICTORIA,23.7334637,-99.1528722,23.7334637,-99.1528722,True,True,True,VICTORIA
UNIDAD VICTORIA 1A.,22/07/2020,2020.0,LESIONES,CULPOSO,VICTORIA,23.7457556,-99.1526105,23.7457556,-99.1526105,True,True,True,VICTORIA
UGI VICTORIA 4A.,22/07/2022,2022.0,HOMICIDIO,CULPOSO,VICTORIA,23.718174,-99.138771,23.718174,-99.138771,True,True,True,VICTORIA
UNIDAD VICTORIA 4A.,22/08/2021,2021.0,LESIONES,CULPOSO,VICTORIA,23.656651009452602,-99.11983380458645,23.6566510094526,-99.11983380458643,True,False,True,VICTORIA
UGI VICTORIA 1A.,22/08/2022,2022.0,LESIONES,CULPOSO,VICTORIA,23.772868,-99.130054,23.772868,-99.130054,True,True,True,VICTORIA
UNIDAD VICTORIA 4A.,22/11/2019,2019.0,LESIONES,CULPOSO,VICTORIA,23.75774699692923,-99.1123231074626,23.75774699692923,-99.1123231074626,True,True,True,VICTORIA
UGI VICTORIA 2A,22/11/2023,2023.0,LESIONES,CULPOSO,VICTORIA,23.711859,-99.177506,23.711859,-99.177506,True,True,True,VICTORIA
ATENCION INMEDIATA VICTORIA,22/12/2020,2020.0,LESIONES,CULPOSO,VICTORIA,23.746916884343488,-99.15230870246889,23.746916884343488,-99.15230870246889,True,True,True,VICTORIA
UGI VICTORIA 1A.,22/12/2022,2022.0,HOMICIDIO,CULPOSO,VICTORIA,23.734117,-99.154929,23.734117,-99.154929,True,True,True,VICTORIA
UGI VICTORIA 4A.,22/12/2022,2022.0,LESIONES,CULPOSO,VICTORIA,23.666614,-99.107123,23.666614,-99.107123,True,False,True,VICTORIA
UNIDAD VICTORIA 5A.,23/02/2019,2019.0,HOMICIDIO,CULPOSO,VICTORIA,23.7481615909537,-99.1367373071361,23.7481615909537,-99.1367373071361,True,True,True,VICTORIA
UNIDAD VICTORIA 3A,23/03/2020,2020.0,LESIONES,CULPOSO,VICTORIA,23.74585380265039,-99.13647761542992,23.74585380265039,-99.13647761542992,True,True,True,VICTORIA
UNIDAD VICTORIA 3A,23/03/2020,2020.0,HOMICIDIO,CULPOSO,VICTORIA,23.727599374426,-99.15396598804114,23.727599374426,-99.15396598804114,True,True,True,VICTORIA
UNIDAD DE INVESTIGACION Y LITIGACION-SIIPPTAM,23/03/2021,2021.0,HOMICIDIO,CULPOSO,VICTORIA,23.757042419453544,-99.17331514343051,23.757042419453544,-99.17331514343051,True,True,True,VICTORIA
UNIDAD VICTORIA 3A,23/03/2021,2021.0,LESIONES,CULPOSO,VICTORIA,23.78342791333981,-99.13562536239625,23.78342791333981,-99.13562536239624,True,True,True,VICTORIA
UNIDAD VICTORIA 2A,23/04/2021,2021.0,LESIONES,CULPOSO,VICTORIA,23.721813372029487,-99.15061354637147,23.721813372029487,-99.15061354637147,True,True,True,VICTORIA
ATENCION INMEDIATA VICTORIA,23/04/2022,2022.0,LESIONES,CULPOSO,VICTORIA,23.7790483,-99.1696593,23.7790483,-99.1696593,True,True,True,VICTORIA
UNIDAD VICTORIA 1A.,23/05/2021,2021.0,LESIONES,CULPOSO,VICTORIA,23.745361385570096,-99.13561349516864,23.745361385570096,-99.13561349516864,True,True,True,VICTORIA
UNIDAD VICTORIA 5A.,23/06/2020,2020.0,LESIONES,CULPOSO,VICTORIA,22.20449845507372,-97.84297840630832,22.20449845507372,-97.84297840630832,True,False,False,VICTORIA
UGI VICTORIA 4A.,23/06/2023,2023.0,LESIONES,CULPOSO,VICTORIA,23.753687,-99.147324,23.753687,-99.147324,True,True,True,VICTORIA
UGI VICTORIA 1A.,23/06/2023,2023.0,LESIONES,CULPOSO,VICTORIA,23.751173,-99.124996,23.751173,-99.124996,True,True,True,VICTORIA
UNIDAD VICTORIA 2A,23/07/2019,2019.0,LESIONES,CULPOSO,VICTORIA,23.73597632987473,-99.13345696280325,23.73597632987473,-99.13345696280324,True,True,True,VICTORIA
UNIDAD VICTORIA 4A.,23/08/2021,2021.0,HOMICIDIO,CULPOSO,VICTORIA,23.799103583710966,-99.1309211692396,23.799103583710966,-99.1309211692396,True,False,True,VICTORIA
UGI VICTORIA 4A.,23/08/2022,2022.0,LESIONES,CULPOSO,VICTORIA,23.753463,-99.160000,23.753463,-99.16,True,True,True,VICTORIA
UGI VICTORIA 4A.,23/08/2022,2022.0,LESIONES,CULPOSO,VICTORIA,23.756399,-98.571448,23.756399,-98.571448,True,False,False,VICTORIA
UNIDAD VICTORIA 5A.,23/09/2019,2019.0,LESIONES,CULPOSO,VICTORIA,23.7096421763063,-99.18081566144089,23.7096421763063,-99.18081566144087,True,True,True,VICTORIA
ATENCION INMEDIATA VICTORIA,23/09/2019,2019.0,LESIONES,CULPOSO,VICTORIA,23.7339604,-99.1188256,23.7339604,-99.1188256,True,True,True,VICTORIA
UNIDAD VICTORIA 4A.,23/09/2021,2021.0,LESIONES,CULPOSO,VICTORIA,23.74632494750816,-99.13785048384291,23.74632494750816,-99.13785048384293,True,True,True,VICTORIA
UGI VICTORIA 4A.,23/09/2023,2023.0,LESIONES,CULPOSO,VICTORIA,23.74620795332389,-99.1503232,23.74620795332389,-99.1503232,True,True,True,VICTORIA
UNIDAD VICTORIA 5A.,23/12/2019,2019.0,LESIONES,CULPOSO,VICTORIA,23.716132884307235,-99.18453160452427,23.716132884307235,-99.18453160452428,True,True,True,VICTORIA
UNIDAD VICTORIA 3A,23/12/2019,2019.0,LESIONES,CULPOSO,VICTORIA,23.743095415248128,-99.14847164332116,23.743095415248128,-99.14847164332116,True,True,True,VICTORIA
UNIDAD VICTORIA 4A.,23/12/2020,2020.0,LESIONES,CULPOSO,VICTORIA,23.729631729252134,-99.10844922065735,23.729631729252134,-99.10844922065736,True,True,True,VICTORIA
ATENCION INMEDIATA VICTORIA,23/12/2021,2021.0,LESIONES,CULPOSO,VICTORIA,23.72766412517732,-99.17286952047824,23.72766412517732,-99.17286952047824,True,True,True,VICTORIA
ATENCION INMEDIATA VICTORIA,24/01/2019,2019.0,LESIONES,CULPOSO,VICTORIA,23.736827199195286,-99.15650367736818,23.73682719919529,-99.15650367736818,True,True,True,VICTORIA
UNIDAD 1 ADOLESCENTES VICTORIA,24/01/2020,2020.0,LESIONES,CULPOSO,VICTORIA,23.749257815290232,-99.13897275924684,23.749257815290232,-99.13897275924684,True,True,True,VICTORIA
UNIDAD VICTORIA 2A,24/01/2022,2022.0,HOMICIDIO,CULPOSO,VICTORIA,23.723815274641325,-99.1298693418503,23.723815274641325,-99.1298693418503,True,True,True,VICTORIA
UGI VICTORIA 4A.,24/02/2023,2023.0,LESIONES,CULPOSO,VICTORIA,23.731872,-99.148953,23.731872,-99.148953,True,True,True,VICTORIA
UNIDAD VICTORIA 3A,24/03/2021,2021.0,HOMICIDIO,CULPOSO,VICTORIA,23.749006784069856,-99.16949093341829,23.749006784069856,-99.16949093341827,True,True,True,VICTORIA
UGI VICTORIA 1A.,24/03/2023,2023.0,HOMICIDIO,CULPOSO,VICTORIA,23.748973,-99.153507,23.748973,-99.153507,True,True,True,VICTORIA
UGI VICTORIA 4A.,24/03/2023,2023.0,LESIONES,CULPOSO,VICTORIA,23.709141,-99.172842,23.709141,-99.172842,True,True,True,VICTORIA
ATENCION INMEDIATA VICTORIA,24/05/2019,2019.0,LESIONES,CULPOSO,VICTORIA,23.7253353003181,-99.145712470738,23.7253353003181,-99.145712470738,True,True,True,VICTORIA
ATENCION INMEDIATA VICTORIA,24/06/2019,2019.0,LESIONES,CULPOSO,VICTORIA,23.74175122031219,-99.11229014396667,23.74175122031219,-99.11229014396667,True,True,True,VICTORIA
UNIDAD VICTORIA 3A,24/06/2022,2022.0,LESIONES,CULPOSO,VICTORIA,23.718442420260377,-99.13669288158418,23.718442420260377,-99.13669288158418,True,True,True,VICTORIA
UGI VICTORIA 3A,24/06/2023,2023.0,LESIONES,CULPOSO,VICTORIA,23.734534,-99.093231,23.734534,-99.093231,True,True,True,VICTORIA
UNIDAD VICTORIA 5A.,24/07/2021,2021.0,LESIONES,CULPOSO,VICTORIA,23.73170188043996,-99.138606573001,23.73170188043996,-99.138606573001,True,True,True,VICTORIA
ATENCION INMEDIATA VICTORIA,24/07/2021,2021.0,LESIONES,CULPOSO,VICTORIA,23.780771583627487,-99.17038142681123,23.780771583627487,-99.17038142681125,True,True,True,VICTORIA
UGI VICTORIA 4A.,24/07/2023,2023.0,LESIONES,CULPOSO,VICTORIA,23.738418,-99.140068,23.738418,-99.140068,True,True,True,VICTORIA
UGI VICTORIA 4A.,24/07/2023,2023.0,HOMICIDIO,CULPOSO,VICTORIA,23.748743,-99.136849,23.748743,-99.136849,True,True,True,VICTORIA
UNIDAD VICTORIA 2A,24/08/2020,2020.0,LESIONES,CULPOSO,VICTORIA,23.726824823531175,-99.1445115208626,23.72682482353117,-99.1445115208626,True,True,True,VICTORIA
UNIDAD VICTORIA 5A.,24/08/2021,2021.0,HOMICIDIO,CULPOSO,VICTORIA,23.748608240541994,-99.13704009360308,23.748608240541994,-99.13704009360308,True,True,True,VICTORIA
UGI VICTORIA 1A.,24/08/2023,2023.0,HOMICIDIO,CULPOSO,VICTORIA,23.716946,-98.980382,23.716946,-98.980382,True,False,True,VICTORIA
UGI VICTORIA 1A.,24/09/2023,2023.0,HOMICIDIO,CULPOSO,VICTORIA,23.720123,-98.772372,23.720123,-98.772372,True,False,False,VICTORIA
UNIDAD VICTORIA 5A.,24/10/2019,2019.0,HOMICIDIO,CULPOSO,VICTORIA,23.75656923307052,-99.13188368557802,23.75656923307052,-99.13188368557802,True,True,True,VICTORIA
UNIDAD VICTORIA 5A.,24/10/2019,2019.0,HOMICIDIO,CULPOSO,VICTORIA,23.76293061352754,-99.10716639363403,23.76293061352754,-99.10716639363405,True,True,True,VICTORIA
UNIDAD VICTORIA 5A.,24/10/2019,2019.0,HOMICIDIO,CULPOSO,VICTORIA,23.778836828383636,-99.16651083261145,23.77883682838364,-99.16651083261144,True,True,True,VICTORIA
UNIDAD VICTORIA 5A.,24/12/2019,2019.0,LESIONES,CULPOSO,VICTORIA,23.710027859607514,-99.16262810915653,23.710027859607514,-99.16262810915651,True,True,True,VICTORIA
UNIDAD VICTORIA 4A.,24/12/2020,2020.0,LESIONES,CULPOSO,VICTORIA,23.720387281597258,-99.16530668735506,23.72038728159725,-99.16530668735506,True,True,True,VICTORIA
UGI VICTORIA 4A.,24/12/2022,2022.0,LESIONES,CULPOSO,VICTORIA,23.749706,-99.110747,23.749706,-99.110747,True,True,True,VICTORIA
UGI VICTORIA 3A,24/12/2023,2023.0,LESIONES,CULPOSO,VICTORIA,23.719739,-99.150217,23.719739,-99.150217,True,True,True,VICTORIA
UNIDAD VICTORIA 1A.,25/01/2019,2019.0,LESIONES,CULPOSO,VICTORIA,23.736553365604,-99.1310842574021,23.736553365604,-99.1310842574021,True,True,True,VICTORIA
UNIDAD VICTORIA 3A,25/01/2021,2021.0,HOMICIDIO,CULPOSO,VICTORIA,23.85441620231288,-99.11495238494972,23.85441620231288,-99.11495238494972,True,False,False,VICTORIA
UNIDAD VICTORIA 4A.,25/02/2022,2022.0,LESIONES,CULPOSO,VICTORIA,23.734568659729565,-99.1593772635055,23.734568659729565,-99.1593772635055,True,True,True,VICTORIA
UNIDAD VICTORIA 4A.,25/03/2019,2019.0,HOMICIDIO,CULPOSO,VICTORIA,23.57714231200676,-99.33170322069174,23.57714231200676,-99.33170322069174,True,False,False,VICTORIA
UNIDAD VICTORIA 3A,25/03/2021,2021.0,LESIONES,CULPOSO,VICTORIA,23.7468528245991,-99.13744154144028,23.7468528245991,-99.13744154144028,True,True,True,VICTORIA
UNIDAD VICTORIA 5A.,25/04/2022,2022.0,LESIONES,CULPOSO,VICTORIA,23.75402409938051,-99.15155036696756,23.75402409938051,-99.15155036696756,True,True,True,VICTORIA
UNIDAD VICTORIA 3A,25/05/2019,2019.0,HOMICIDIO,CULPOSO,VICTORIA,23.742485604285914,-99.13330457345035,23.74248560428592,-99.13330457345036,True,True,True,VICTORIA
UNIDAD VICTORIA 4A.,25/05/2022,2022.0,HOMICIDIO,CULPOSO,VICTORIA,23.697565469400423,-99.18752705934838,23.697565469400423,-99.18752705934838,True,False,True,VICTORIA
UNIDAD VICTORIA 3A,25/06/2022,2022.0,LESIONES,CULPOSO,VICTORIA,23.749541385528914,-99.13756198068972,23.749541385528914,-99.13756198068972,True,True,True,VICTORIA
UGI VICTORIA 1A.,25/06/2023,2023.0,HOMICIDIO,CULPOSO,VICTORIA,23.875606,-99.205127,23.875606,-99.205127,True,False,False,VICTORIA
UNIDAD VICTORIA 1A.,25/08/2019,2019.0,LESIONES,CULPOSO,VICTORIA,23.719697865950856,-99.15021151611795,23.719697865950856,-99.15021151611796,True,True,True,VICTORIA
UNIDAD VICTORIA 1A.,25/08/2019,2019.0,LESIONES,CULPOSO,VICTORIA,23.754153134230368,-99.15140614177523,23.754153134230368,-99.15140614177524,True,True,True,VICTORIA
UNIDAD VICTORIA 5A.,25/08/2021,2021.0,LESIONES,CULPOSO,VICTORIA,23.73219000142221,-99.15240925956594,23.73219000142221,-99.15240925956594,True,True,True,VICTORIA
UGI VICTORIA 1A.,25/08/2022,2022.0,LESIONES,CULPOSO,VICTORIA,23.743316,-99.148354,23.743316,-99.148354,True,True,True,VICTORIA
UGI VICTORIA 1A.,25/08/2022,2022.0,LESIONES,CULPOSO,VICTORIA,23.741117,-99.144576,23.741117,-99.144576,True,True,True,VICTORIA
UGI VICTORIA 1A.,25/08/2023,2023.0,LESIONES,CULPOSO,VICTORIA,23.525549,-98.896168,23.525549,-98.896168,True,False,False,VICTORIA
UGI VICTORIA 4A.,25/09/2022,2022.0,HOMICIDIO,CULPOSO,VICTORIA,23.761174,-99.108936,23.761174,-99.108936,True,True,True,VICTORIA
UGI VICTORIA 1A.,25/09/2023,2023.0,LESIONES,CULPOSO,VICTORIA,23.704246,-99.177706,23.704246,-99.177706,True,True,True,VICTORIA
UGI VICTORIA 3A,25/09/2023,2023.0,LESIONES,CULPOSO,VICTORIA,23.738755,-99.146384,23.738755,-99.146384,True,True,True,VICTORIA
UNIDAD VICTORIA 5A.,25/10/2019,2019.0,LESIONES,CULPOSO,VICTORIA,23.719718738784387,-99.14982476379872,23.719718738784387,-99.14982476379872,True,True,True,VICTORIA
UGI VICTORIA 3A,25/10/2022,2022.0,LESIONES,CULPOSO,VICTORIA,23.719833,-99.150253,23.719833,-99.150253,True,True,True,VICTORIA
UNIDAD VICTORIA 5A.,25/11/2019,2019.0,LESIONES,CULPOSO,VICTORIA,23.732756239921944,-99.14206250219823,23.732756239921944,-99.14206250219824,True,True,True,VICTORIA
UNIDAD VICTORIA 5A.,25/12/2019,2019.0,LESIONES,CULPOSO,VICTORIA,23.748804240189664,-99.13637898758897,23.748804240189664,-99.13637898758896,True,True,True,VICTORIA
UNIDAD VICTORIA 2A,25/12/2021,2021.0,LESIONES,CULPOSO,VICTORIA,23.72383676070319,-99.12988543510438,23.72383676070319,-99.12988543510438,True,True,True,VICTORIA
UGI VICTORIA 4A.,26/01/2023,2023.0,LESIONES,CULPOSO,VICTORIA,23.745288,-99.102106,23.745288,-99.102106,True,True,True,VICTORIA
UNIDAD DE INVESTIGACION Y LITIGACION-SIIPPTAM,26/04/2021,2021.0,HOMICIDIO,CULPOSO,VICTORIA,23.756852478448046,-99.17288919317846,23.75685247844805,-99.17288919317846,True,True,True,VICTORIA
UNIDAD VICTORIA 2A,26/04/2021,2021.0,HOMICIDIO,CULPOSO,VICTORIA,23.74320838060106,-99.17343378067017,23.74320838060106,-99.17343378067017,True,True,True,VICTORIA
UNIDAD VICTORIA 2A,26/04/2021,2021.0,LESIONES,CULPOSO,VICTORIA,23.738965752295112,-99.15656805038454,23.738965752295112,-99.15656805038454,True,True,True,VICTORIA
UNIDAD VICTORIA 2A,26/04/2021,2021.0,LESIONES,CULPOSO,VICTORIA,23.70925980285197,-99.15514111518861,23.70925980285197,-99.1551411151886,True,True,True,VICTORIA
UGI VICTORIA 1A.,26/06/2023,2023.0,HOMICIDIO,CULPOSO,VICTORIA,23.744279,-99.128713,23.744279,-99.128713,True,True,True,VICTORIA
UGI VICTORIA 4A.,26/06/2023,2023.0,LESIONES,CULPOSO,VICTORIA,23.734988,-99.144232,23.734988,-99.144232,True,True,True,VICTORIA
UGI VICTORIA 3A,26/07/2023,2023.0,LESIONES,CULPOSO,VICTORIA,23.686990,-99.194358,23.68699,-99.194358,True,False,True,VICTORIA
UNIDAD VICTORIA 5A.,26/08/2021,2021.0,LESIONES,CULPOSO,VICTORIA,23.765782737891204,-99.12940174803235,23.765782737891204,-99.12940174803236,True,True,True,VICTORIA
UGI VICTORIA 3A,26/09/2023,2023.0,LESIONES,CULPOSO,VICTORIA,23.719613,-99.123186,23.719613,-99.123186,True,True,True,VICTORIA
UNIDAD VICTORIA 4A.,26/10/2020,2020.0,LESIONES,CULPOSO,VICTORIA,23.769721676046846,-99.17145967483522,23.76972167604685,-99.17145967483522,True,True,True,VICTORIA
UGI VICTORIA 4A.,26/10/2022,2022.0,HOMICIDIO,CULPOSO,VICTORIA,23.782124,-99.136821,23.782124,-99.136821,True,True,True,VICTORIA
UNIDAD VICTORIA 2A,26/12/2021,2021.0,HOMICIDIO,CULPOSO,VICTORIA,23.50241060073285,-99.34558868408205,23.50241060073285,-99.34558868408205,True,False,False,VICTORIA
UNIDAD VICTORIA 1A.,27/01/2019,2019.0,HOMICIDIO,CULPOSO,VICTORIA,23.7482320132402,-99.121444508899,23.7482320132402,-99.121444508899,True,True,True,VICTORIA
ATENCION INMEDIATA VICTORIA,27/01/2020,2020.0,LESIONES,CULPOSO,VICTORIA,23.73621690597549,-99.12862119549477,23.73621690597549,-99.12862119549476,True,True,True,VICTORIA
UNIDAD VICTORIA 4A.,27/01/2021,2021.0,LESIONES,CULPOSO,VICTORIA,23.723873372544688,-99.15088944279923,23.723873372544688,-99.15088944279924,True,True,True,VICTORIA
UNIDAD VICTORIA 2A,27/01/2022,2022.0,HOMICIDIO,CULPOSO,VICTORIA,23.73330843761448,-99.13023531611175,23.73330843761448,-99.13023531611177,True,True,True,VICTORIA
UNIDAD VICTORIA 3A,27/02/2020,2020.0,LESIONES,CULPOSO,VICTORIA,23.727612815342262,-99.16448409769434,23.727612815342265,-99.16448409769434,True,True,True,VICTORIA
UNIDAD VICTORIA 1A.,27/02/2022,2022.0,LESIONES,CULPOSO,VICTORIA,23.73217005458755,-99.15251725796821,23.73217005458755,-99.1525172579682,True,True,True,VICTORIA
UGI VICTORIA 3A,27/02/2023,2023.0,LESIONES,CULPOSO,VICTORIA,23.750319,-99.140263,23.750319,-99.140263,True,True,True,VICTORIA
UNIDAD VICTORIA 5A.,27/03/2019,2019.0,LESIONES,CULPOSO,VICTORIA,23.732106252281707,-99.11146404308442,23.732106252281707,-99.11146404308442,True,True,True,VICTORIA
UNIDAD VICTORIA 3A,27/03/2021,2021.0,HOMICIDIO,CULPOSO,VICTORIA,23.748358832615292,-99.1370823849481,23.74835883261529,-99.1370823849481,True,True,True,VICTORIA
UNIDAD VICTORIA 5A.,27/03/2022,2022.0,HOMICIDIO,CULPOSO,VICTORIA,23.726973294987417,-99.15747707029836,23.726973294987417,-99.15747707029836,True,True,True,VICTORIA
UNIDAD VICTORIA 4A.,27/04/2019,2019.0,HOMICIDIO,CULPOSO,VICTORIA,23.679517611493548,-99.1956333405472,23.679517611493548,-99.1956333405472,True,False,True,VICTORIA
ATENCION INMEDIATA VICTORIA,27/04/2020,2020.0,LESIONES,CULPOSO,VICTORIA,23.7056104,-99.1385364,23.7056104,-99.1385364,True,True,True,VICTORIA
UNIDAD VICTORIA 3A,27/04/2021,2021.0,LESIONES,CULPOSO,VICTORIA,23.736881558680746,-99.1473156607737,23.736881558680743,-99.1473156607737,True,True,True,VICTORIA
UGI VICTORIA 3A,27/04/2023,2023.0,LESIONES,CULPOSO,VICTORIA,23.778989,-99.176186,23.778989,-99.176186,True,True,True,VICTORIA
UNIDAD VICTORIA 2A,27/05/2021,2021.0,HOMICIDIO,CULPOSO,VICTORIA,23.773491417060217,-99.15912994424407,23.773491417060217,-99.15912994424409,True,True,True,VICTORIA
UNIDAD VICTORIA 3A,27/06/2019,2019.0,HOMICIDIO,CULPOSO,VICTORIA,23.373439907613257,-99.48232859194343,23.373439907613257,-99.48232859194344,True,False,False,VICTORIA
ATENCION INMEDIATA VICTORIA,27/06/2019,2019.0,LESIONES,CULPOSO,VICTORIA,23.767531920890505,-99.11933992487539,23.767531920890505,-99.1193399248754,True,True,True,VICTORIA
UNIDAD VICTORIA 2A,27/08/2019,2019.0,LESIONES,CULPOSO,VICTORIA,23.746672600189186,-99.14874482453824,23.746672600189186,-99.14874482453824,True,True,True,VICTORIA
UNIDAD DE INVESTIGACION Y LITIGACION-SIIPPTAM,27/08/2021,2021.0,LESIONES,CULPOSO,VICTORIA,23.771726337651188,-99.16795159995287,23.771726337651188,-99.16795159995289,True,True,True,VICTORIA
UNIDAD VICTORIA 5A.,27/08/2021,2021.0,LESIONES,CULPOSO,VICTORIA,23.772472417128323,-99.17523278553314,23.772472417128323,-99.17523278553314,True,True,True,VICTORIA
UGI VICTORIA 1A.,27/08/2023,2023.0,LESIONES,CULPOSO,VICTORIA,23.756890,-99.151192,23.75689,-99.151192,True,True,True,VICTORIA
UNIDAD VICTORIA 1A.,27/09/2019,2019.0,HOMICIDIO,CULPOSO,VICTORIA,23.74873652110268,-99.1368444891165,23.74873652110268,-99.1368444891165,True,True,True,VICTORIA
UNIDAD VICTORIA 4A.,27/10/2021,2021.0,LESIONES,CULPOSO,VICTORIA,23.719182086526224,-99.08671806092853,23.719182086526224,-99.08671806092852,True,True,True,VICTORIA
UGI VICTORIA 3A,27/10/2022,2022.0,LESIONES,CULPOSO,VICTORIA,23.733876,-99.152185,23.733876,-99.152185,True,True,True,VICTORIA
UGI VICTORIA 1A.,27/10/2022,2022.0,LESIONES,CULPOSO,VICTORIA,23.729716,-99.137153,23.729716,-99.137153,True,True,True,VICTORIA
UNIDAD VICTORIA 4A.,27/11/2020,2020.0,LESIONES,CULPOSO,VICTORIA,23.752020661161083,-99.15912419557573,23.752020661161083,-99.15912419557571,True,True,True,VICTORIA
UGI VICTORIA 4A.,27/11/2023,2023.0,LESIONES,CULPOSO,VICTORIA,23.603177,-99.155495,23.603177,-99.155495,True,False,False,VICTORIA
UGI VICTORIA 2A,27/11/2023,2023.0,LESIONES,CULPOSO,VICTORIA,23.768428,-99.175210,23.768428,-99.17521,True,True,True,VICTORIA
UNIDAD VICTORIA 3A,27/12/2021,2021.0,HOMICIDIO,CULPOSO,VICTORIA,23.730165786481447,-99.17467832565309,23.730165786481447,-99.17467832565308,True,True,True,VICTORIA
UNIDAD VICTORIA 1A.,28/01/2020,2020.0,LESIONES,CULPOSO,VICTORIA,23.7219324,-99.1647016,23.7219324,-99.1647016,True,True,True,VICTORIA
UNIDAD VICTORIA 1A.,28/02/2019,2019.0,HOMICIDIO,CULPOSO,VICTORIA,23.736593656942,-99.1382323248108,23.736593656942,-99.1382323248108,True,True,True,VICTORIA
UNIDAD VICTORIA 3A,28/02/2021,2021.0,HOMICIDIO,CULPOSO,VICTORIA,23.779221120261564,-99.1297979747431,23.779221120261564,-99.1297979747431,True,False,True,VICTORIA
UNIDAD VICTORIA 3A,28/03/2021,2021.0,HOMICIDIO,CULPOSO,VICTORIA,23.74731958265268,-99.13767887529127,23.74731958265268,-99.13767887529129,True,True,True,VICTORIA
UNIDAD VICTORIA 1A.,28/03/2022,2022.0,LESIONES,CULPOSO,VICTORIA,23.759696683453534,-99.15221117060946,23.759696683453534,-99.15221117060946,True,True,True,VICTORIA
UGI VICTORIA 1A.,28/04/2023,2023.0,LESIONES,CULPOSO,VICTORIA,23.751056,-99.123933,23.751056,-99.123933,True,True,True,VICTORIA
UNIDAD VICTORIA 4A.,28/05/2019,2019.0,HOMICIDIO,CULPOSO,VICTORIA,23.66597092068361,-99.10302985007215,23.66597092068361,-99.10302985007216,True,False,True,VICTORIA
UNIDAD VICTORIA 2A,28/06/2021,2021.0,LESIONES,CULPOSO,VICTORIA,23.729154991762012,-99.14104878108351,23.72915499176201,-99.14104878108353,True,True,True,VICTORIA
ATENCION INMEDIATA VICTORIA,28/06/2022,2022.0,LESIONES,CULPOSO,VICTORIA,23.737334167228227,-99.14338611657875,23.737334167228227,-99.14338611657875,True,True,True,VICTORIA
UGI VICTORIA 3A,28/07/2023,2023.0,LESIONES,CULPOSO,VICTORIA,23.736534,-99.112676,23.736534,-99.112676,True,True,True,VICTORIA
UNIDAD VICTORIA 2A,28/08/2020,2020.0,LESIONES,CULPOSO,VICTORIA,23.752187942524564,-99.17217219416736,23.752187942524564,-99.17217219416736,True,True,True,VICTORIA
UNIDAD VICTORIA 5A.,28/08/2021,2021.0,HOMICIDIO,CULPOSO,VICTORIA,23.749097332851996,-99.13651701044063,23.749097332852,-99.13651701044064,True,True,True,VICTORIA
UNIDAD VICTORIA 4A.,28/09/2020,2020.0,LESIONES,CULPOSO,VICTORIA,23.752817005384696,-99.14230406284334,23.752817005384696,-99.14230406284334,True,True,True,VICTORIA
UGI VICTORIA 1A.,28/09/2023,2023.0,LESIONES,CULPOSO,VICTORIA,23.750615,-99.116205,23.750615,-99.116205,True,True,True,VICTORIA
UNIDAD VICTORIA 4A.,28/10/2020,2020.0,LESIONES,CULPOSO,VICTORIA,23.72918361057822,-99.12940263748169,23.72918361057822,-99.12940263748168,True,True,True,VICTORIA
UGI VICTORIA 4A.,28/10/2022,2022.0,HOMICIDIO,CULPOSO,VICTORIA,23.738373,-99.152665,23.738373,-99.152665,True,True,True,VICTORIA
UNIDAD VICTORIA 4A.,28/11/2020,2020.0,LESIONES,CULPOSO,VICTORIA,23.717440510676084,-99.1357058286667,23.717440510676084,-99.1357058286667,True,True,True,VICTORIA
UGI VICTORIA 4A.,28/11/2022,2022.0,LESIONES,CULPOSO,VICTORIA,23.784004232064873,-99.148768,23.78400423206488,-99.148768,True,False,True,VICTORIA
UNIDAD DE INVESTIGACION Y LITIGACION-SIIPPTAM,29/01/2019,2019.0,LESIONES,CULPOSO,VICTORIA,23.7527515529843,-99.1488891155186,23.7527515529843,-99.1488891155186,True,True,True,VICTORIA
UGI VICTORIA 4A.,29/01/2023,2023.0,LESIONES,CULPOSO,VICTORIA,23.739545,-99.147495,23.739545,-99.147495,True,True,True,VICTORIA
UNIDAD VICTORIA 3A,29/02/2020,2020.0,LESIONES,CULPOSO,VICTORIA,23.74076246647909,-99.13140873964228,23.74076246647909,-99.13140873964228,True,True,True,VICTORIA
UNIDAD VICTORIA 5A.,29/03/2019,2019.0,LESIONES,CULPOSO,VICTORIA,23.69875724385231,-99.14294088389643,23.69875724385231,-99.14294088389644,True,True,True,VICTORIA
UNIDAD VICTORIA 4A.,29/03/2021,2021.0,LESIONES,CULPOSO,VICTORIA,23.722508990561458,-99.16214472873341,23.72250899056145,-99.1621447287334,True,True,True,VICTORIA
UNIDAD VICTORIA 3A,29/04/2021,2021.0,LESIONES,CULPOSO,VICTORIA,23.74828654305315,-99.1369649224174,23.74828654305315,-99.1369649224174,True,True,True,VICTORIA
UNIDAD VICTORIA 5A.,29/04/2022,2022.0,LESIONES,CULPOSO,VICTORIA,23.719665058360963,-99.15028954912158,23.719665058360963,-99.15028954912158,True,True,True,VICTORIA
UNIDAD VICTORIA 1A.,29/05/2020,2020.0,LESIONES,CULPOSO,VICTORIA,23.7276953,-99.1577179,23.7276953,-99.1577179,True,True,True,VICTORIA
UGI VICTORIA 3A,29/05/2023,2023.0,LESIONES,CULPOSO,VICTORIA,23.746652,-99.104927,23.746652,-99.104927,True,True,True,VICTORIA
UGI VICTORIA 1A.,29/05/2023,2023.0,LESIONES,CULPOSO,VICTORIA,23.759880,-99.160599,23.75988,-99.160599,True,True,True,VICTORIA
UNIDAD VICTORIA 3A,29/06/2022,2022.0,LESIONES,CULPOSO,VICTORIA,23.749048421817108,-99.13581246197614,23.749048421817108,-99.13581246197614,True,True,True,VICTORIA
UNIDAD VICTORIA 4A.,29/06/2022,2022.0,LESIONES,CULPOSO,VICTORIA,24.845648555150373,-98.13470350806395,24.845648555150373,-98.13470350806396,True,False,False,VICTORIA
UGI VICTORIA 1A.,29/06/2023,2023.0,LESIONES,CULPOSO,VICTORIA,23.732395,-99.146043,23.732395,-99.146043,True,True,True,VICTORIA
UNIDAD VICTORIA 2A,29/08/2020,2020.0,LESIONES,CULPOSO,VICTORIA,23.7502202628293,-99.14880779020048,23.7502202628293,-99.14880779020048,True,True,True,VICTORIA
UNIDAD VICTORIA 5A.,29/08/2021,2021.0,LESIONES,CULPOSO,VICTORIA,23.75899695914944,-99.1326834036877,23.75899695914944,-99.1326834036877,True,True,True,VICTORIA
UGI VICTORIA 3A,29/08/2022,2022.0,LESIONES,CULPOSO,VICTORIA,23.763391,-99.175720,23.763391,-99.17572,True,True,True,VICTORIA
UNIDAD VICTORIA 4A.,29/09/2020,2020.0,LESIONES,CULPOSO,VICTORIA,23.848662443533332,-99.05453681945802,23.84866244353333,-99.05453681945802,True,False,False,VICTORIA
UGI VICTORIA 1A.,29/10/2022,2022.0,LESIONES,CULPOSO,VICTORIA,23.748659,-99.149041,23.748659,-99.149041,True,True,True,VICTORIA
UGI VICTORIA 4A.,29/10/2022,2022.0,HOMICIDIO,CULPOSO,VICTORIA,23.727254,-98.736514,23.727254,-98.736514,True,False,False,VICTORIA
UNIDAD VICTORIA 4A.,29/11/2020,2020.0,LESIONES,CULPOSO,VICTORIA,23.757542187785315,-99.17599797248842,23.757542187785315,-99.17599797248842,True,True,True,VICTORIA
UNIDAD VICTORIA 3A,29/11/2021,2021.0,LESIONES,CULPOSO,VICTORIA,23.73752996248723,-99.09237421766301,23.73752996248723,-99.092374217663,True,True,True,VICTORIA
UGI VICTORIA 1A.,29/11/2022,2022.0,LESIONES,CULPOSO,VICTORIA,23.740645,-99.149556,23.740645,-99.149556,True,True,True,VICTORIA
UGI VICTORIA 3A,29/12/2022,2022.0,LESIONES,CULPOSO,VICTORIA,23.731751,-99.148994,23.731751,-99.148994,True,True,True,VICTORIA
UNIDAD VICTORIA 4A.,30/03/2021,2021.0,LESIONES,CULPOSO,VICTORIA,23.729706093162907,-99.14598191945134,23.729706093162907,-99.14598191945134,True,True,True,VICTORIA
UNIDAD VICTORIA 2A,30/04/2020,2020.0,HOMICIDIO,CULPOSO,VICTORIA,23.85319314221233,-99.11609026211413,23.85319314221233,-99.11609026211411,True,False,False,VICTORIA
ATENCION INMEDIATA VICTORIA,30/04/2021,2021.0,LESIONES,CULPOSO,VICTORIA,23.7324892,-99.1023867,23.7324892,-99.1023867,True,True,True,VICTORIA
UGI VICTORIA 2A,30/04/2023,2023.0,LESIONES,CULPOSO,VICTORIA,23.727252,-99.137225,23.727252,-99.137225,True,True,True,VICTORIA
UGI VICTORIA 1A.,30/05/2023,2023.0,LESIONES,CULPOSO,VICTORIA,23.748659,-99.138564,23.748659,-99.138564,True,True,True,VICTORIA
UNIDAD VICTORIA 2A,30/07/2020,2020.0,HOMICIDIO,CULPOSO,VICTORIA,23.73827590729865,-99.09243122128063,23.73827590729865,-99.09243122128063,True,True,True,VICTORIA
UNIDAD VICTORIA 1A.,30/07/2021,2021.0,LESIONES,CULPOSO,VICTORIA,23.775966060720275,-99.1064608889267,23.775966060720275,-99.1064608889267,True,True,True,VICTORIA
UNIDAD 1 ADOLESCENTES VICTORIA,30/08/2021,2021.0,LESIONES,CULPOSO,VICTORIA,23.71755040187028,-99.14228796958925,23.71755040187028,-99.14228796958923,True,True,True,VICTORIA
UNIDAD VICTORIA 5A.,30/09/2021,2021.0,LESIONES,CULPOSO,VICTORIA,23.72350130909885,-99.16205817434357,23.72350130909885,-99.16205817434356,True,True,True,VICTORIA
ATENCION INMEDIATA VICTORIA,30/09/2021,2021.0,LESIONES,CULPOSO,VICTORIA,23.73383546060047,-99.13843631744386,23.73383546060047,-99.13843631744386,True,True,True,VICTORIA
UGI VICTORIA 4A.,30/09/2023,2023.0,HOMICIDIO,CULPOSO,VICTORIA,23.756452,-99.158491,23.756452,-99.158491,True,True,True,VICTORIA
UNIDAD VICTORIA 5A.,30/11/2019,2019.0,HOMICIDIO,CULPOSO,VICTORIA,23.74884045260348,-99.15216421168167,23.74884045260348,-99.15216421168168,True,True,True,VICTORIA
UNIDAD VICTORIA 5A.,30/11/2019,2019.0,HOMICIDIO,CULPOSO,VICTORIA,23.73493414529268,-99.11973379433425,23.73493414529268,-99.11973379433424,True,True,True,VICTORIA
UNIDAD VICTORIA 1A.,30/12/2019,2019.0,HOMICIDIO,CULPOSO,VICTORIA,23.72195702383854,-99.15075074445713,23.72195702383854,-99.15075074445711,True,True,True,VICTORIA
UNIDAD VICTORIA 5A.,30/12/2020,2020.0,LESIONES,CULPOSO,VICTORIA,23.73967286660805,-99.12725687026979,23.73967286660805,-99.1272568702698,True,True,True,VICTORIA
UGI VICTORIA 1A.,31/01/2023,2023.0,LESIONES,CULPOSO,VICTORIA,23.763765,-99.114392,23.763765,-99.114392,True,True,True,VICTORIA
UNIDAD VICTORIA 3A,31/03/2020,2020.0,LESIONES,CULPOSO,VICTORIA,23.744162438608726,-99.12569992188786,23.74416243860873,-99.12569992188786,True,True,True,VICTORIA
ATENCION INMEDIATA VICTORIA,31/03/2020,2020.0,LESIONES,CULPOSO,VICTORIA,23.749554878505325,-99.14603233337404,23.749554878505325,-99.14603233337404,True,True,True,VICTORIA
UGI VICTORIA 1A.,31/03/2023,2023.0,HOMICIDIO,CULPOSO,VICTORIA,23.711965,-99.174763,23.711965,-99.174763,True,True,True,VICTORIA
UNIDAD VICTORIA 3A,31/05/2021,2021.0,LESIONES,CULPOSO,VICTORIA,23.719200267684432,-99.14958663668506,23.719200267684432,-99.14958663668506,True,True,True,VICTORIA
UGI VICTORIA 4A.,31/05/2023,2023.0,LESIONES,CULPOSO,VICTORIA,23.740250,-99.145268,23.74025,-99.145268,True,True,True,VICTORIA
UNIDAD VICTORIA 3A,31/07/2019,2019.0,LESIONES,CULPOSO,VICTORIA,23.74273483598507,-99.13372460329659,23.74273483598507,-99.1337246032966,True,True,True,VICTORIA
UGI VICTORIA 1A.,31/07/2023,2023.0,LESIONES,CULPOSO,VICTORIA,23.738760,-99.149728,23.73876,-99.149728,True,True,True,VICTORIA
UNIDAD VICTORIA 2A,31/08/2019,2019.0,LESIONES,CULPOSO,VICTORIA,23.765924223358116,-99.11289688313552,23.76592422335812,-99.11289688313552,True,True,True,VICTORIA
UNIDAD VICTORIA 2A,31/08/2019,2019.0,HOMICIDIO,CULPOSO,VICTORIA,23.389635633530567,-99.36216178251698,23.389635633530567,-99.36216178251698,True,False,False,VICTORIA
ATENCION INMEDIATA VICTORIA,31/08/2020,2020.0,LESIONES,CULPOSO,VICTORIA,23.73676772997015,-99.14447807148015,23.73676772997015,-99.14447807148017,True,True,True,VICTORIA
UGI VICTORIA 4A.,31/08/2022,2022.0,LESIONES,CULPOSO,VICTORIA,23.740684,-99.143184,23.740684,-99.143184,True,True,True,VICTORIA
UGI VICTORIA 4A.,31/08/2023,2023.0,LESIONES,CULPOSO,VICTORIA,23.712787,-99.128485,23.712787,-99.128485,True,True,True,VICTORIA
UNIDAD VICTORIA 1A.,31/10/2019,2019.0,HOMICIDIO,CULPOSO,VICTORIA,23.71152036943656,-99.1173417293916,23.71152036943656,-99.1173417293916,True,True,True,VICTORIA
UNIDAD VICTORIA 1A.,31/10/2019,2019.0,LESIONES,CULPOSO,VICTORIA,23.743459627696257,-99.13418300482226,23.743459627696257,-99.13418300482226,True,True,True,VICTORIA
UNIDAD VICTORIA 4A.,31/10/2020,2020.0,LESIONES,CULPOSO,VICTORIA,23.71474906838934,-99.14958894252779,23.71474906838934,-99.1495889425278,True,True,True,VICTORIA
UNIDAD VICTORIA 5A.,31/12/2020,2020.0,LESIONES,CULPOSO,VICTORIA,23.695936890474258,-99.11305725574495,23.695936890474258,-99.11305725574496,True,False,True,VICTORIA
UNIDAD VICTORIA 5A.,31/12/2020,2020.0,LESIONES,CULPOSO,VICTORIA,23.744394957459455,-99.13489233697105,23.74439495745945,-99.13489233697103,True,True,True,VICTORIA
UNIDAD VICTORIA 3A,31/12/2021,2021.0,LESIONES,CULPOSO,VICTORIA,23.85459851784502,-99.11632343088878,23.85459851784502,-99.11632343088878,True,False,False,VICTORIA
UNIDAD 1 ADOLESCENTES LAREDO,01/04/2019,2019.0,LESIONES,CULPOSO,NUEVO LAREDO,27.495958502120672,-99.52781402324015,27.495958502120672,-99.52781402324015,True,True,True,NUEVO LAREDO
ATENCION INMEDIATA EN NUEVO LAREDO,01/04/2019,2019.0,LESIONES,CULPOSO,NUEVO LAREDO,27.476758041054854,-99.5128606496847,27.47675804105485,-99.5128606496847,True,True,True,NUEVO LAREDO
UNIDAD NUEVO LAREDO 2A.,01/05/2021,2021.0,HOMICIDIO,CULPOSO,NUEVO LAREDO,27.502514156749502,-99.53673362731935,27.502514156749506,-99.53673362731936,True,True,True,NUEVO LAREDO
UNIDAD NUEVO LAREDO 1A.,01/06/2021,2021.0,HOMICIDIO,CULPOSO,NUEVO LAREDO,27.47637313609467,-99.53601479530334,27.47637313609467,-99.53601479530334,True,True,True,NUEVO LAREDO
UNIDAD NUEVO LAREDO 3,01/07/2022,2022.0,HOMICIDIO,CULPOSO,NUEVO LAREDO,27.425769890554076,-99.53199961881671,27.42576989055408,-99.53199961881673,True,True,True,NUEVO LAREDO
ATENCION INMEDIATA EN NUEVO LAREDO,01/07/2022,2022.0,LESIONES,CULPOSO,NUEVO LAREDO,27.46714740697926,-99.61664736270906,27.46714740697926,-99.61664736270906,True,True,True,NUEVO LAREDO
UNIDAD NUEVO LAREDO 3,01/09/2022,2022.0,HOMICIDIO,CULPOSO,NUEVO LAREDO,27.48348053495229,-99.56109524292705,27.48348053495229,-99.56109524292704,True,True,True,NUEVO LAREDO
UNIDAD NUEVO LAREDO 1A.,01/09/2023,2023.0,HOMICIDIO,CULPOSO,NUEVO LAREDO,27.46345048670695,-99.48829198612891,27.46345048670695,-99.48829198612891,True,True,True,NUEVO LAREDO
ATENCION INMEDIATA EN NUEVO LAREDO,01/12/2023,2023.0,LESIONES,CULPOSO,NUEVO LAREDO,27.4929866411274,-99.5539291904953,27.4929866411274,-99.5539291904953,True,True,True,NUEVO LAREDO
UNIDAD NUEVO LAREDO 2A.,02/04/2019,2019.0,HOMICIDIO,CULPOSO,NUEVO LAREDO,27.464573581044583,-99.54093505676232,27.464573581044583,-99.54093505676232,True,True,True,NUEVO LAREDO
UNIDAD NUEVO LAREDO 2A.,02/05/2023,2023.0,HOMICIDIO,CULPOSO,NUEVO LAREDO,27.465792257831357,-99.5563788640145,27.46579225783136,-99.5563788640145,True,True,True,NUEVO LAREDO
UNIDAD NUEVO LAREDO 2A.,02/05/2023,2023.0,LESIONES,CULPOSO,NUEVO LAREDO,27.5070531286588,-99.55466288543091,27.5070531286588,-99.55466288543091,True,True,True,NUEVO LAREDO
UNIDAD NUEVO LAREDO 2A.,02/06/2022,2022.0,HOMICIDIO,CULPOSO,NUEVO LAREDO,27.482041648924806,-99.56046318790446,27.48204164892481,-99.56046318790446,True,True,True,NUEVO LAREDO
UNIDAD NUEVO LAREDO 2A.,02/08/2022,2022.0,LESIONES,CULPOSO,NUEVO LAREDO,27.50967023912808,-99.56162452697755,27.50967023912808,-99.56162452697755,True,True,True,NUEVO LAREDO
UNIDAD NUEVO LAREDO 3,02/08/2023,2023.0,HOMICIDIO,CULPOSO,NUEVO LAREDO,27.484041602932937,-99.50282418512617,27.484041602932937,-99.50282418512616,True,True,True,NUEVO LAREDO
UNIDAD NUEVO LAREDO 3,02/09/2019,2019.0,LESIONES,CULPOSO,NUEVO LAREDO,27.48292818914659,-99.49963049020754,27.48292818914659,-99.49963049020754,True,True,True,NUEVO LAREDO
UNIDAD NUEVO LAREDO 3,02/09/2019,2019.0,HOMICIDIO,CULPOSO,NUEVO LAREDO,27.485451833106755,-99.50436992745574,27.485451833106755,-99.50436992745574,True,True,True,NUEVO LAREDO
UNIDAD NUEVO LAREDO 3,02/09/2022,2022.0,LESIONES,CULPOSO,NUEVO LAREDO,27.485451833106755,-99.50436992745574,27.485451833106755,-99.50436992745574,True,True,True,NUEVO LAREDO
ATENCION INMEDIATA EN NUEVO LAREDO,02/10/2021,2021.0,LESIONES,CULPOSO,NUEVO LAREDO,27.47964571348614,-99.57435429096223,27.47964571348614,-99.57435429096223,True,True,True,NUEVO LAREDO
UNIDAD NUEVO LAREDO 3,02/11/2022,2022.0,HOMICIDIO,CULPOSO,NUEVO LAREDO,27.409003739404184,99.53993661743455,27.409003739404184,-99.53993661743456,True,True,True,NUEVO LAREDO
UNIDAD NUEVO LAREDO 1A.,02/11/2023,2023.0,HOMICIDIO,CULPOSO,NUEVO LAREDO,27.457261627699264,-99.56555128097536,27.457261627699264,-99.56555128097536,True,True,True,NUEVO LAREDO
UNIDAD NUEVO LAREDO 3,02/12/2021,2021.0,HOMICIDIO,CULPOSO,NUEVO LAREDO,27.53273978116164,99.57020621762042,27.53273978116164,-99.57020621762042,True,True,True,NUEVO LAREDO
UNIDAD NUEVO LAREDO 3,03/01/2021,2021.0,HOMICIDIO,CULPOSO,NUEVO LAREDO,27.487067620731096,99.5749271562417,27.487067620731096,-99.5749271562417,True,True,True,NUEVO LAREDO
UNIDAD NUEVO LAREDO 3,03/01/2023,2023.0,LESIONES,CULPOSO,NUEVO LAREDO,27.48582643307349,-99.48308607163088,27.48582643307349,-99.48308607163088,True,True,True,NUEVO LAREDO
UNIDAD NUEVO LAREDO 3,03/01/2023,2023.0,LESIONES,CULPOSO,NUEVO LAREDO,27.4967008269518,-99.50514006198132,27.4967008269518,-99.50514006198132,True,True,True,NUEVO LAREDO
ATENCION INMEDIATA EN NUEVO LAREDO,03/03/2020,2020.0,LESIONES,CULPOSO,NUEVO LAREDO,27.495445046379686,-99.49162901975858,27.49544504637969,-99.49162901975858,True,True,True,NUEVO LAREDO
UNIDAD NUEVO LAREDO 2A.,03/06/2019,2019.0,LESIONES,CULPOSO,NUEVO LAREDO,27.479764530779825,-99.52531965165186,27.479764530779825,-99.52531965165186,True,True,True,NUEVO LAREDO
UNIDAD NUEVO LAREDO 1A.,03/06/2021,2021.0,HOMICIDIO,CULPOSO,NUEVO LAREDO,27.49713905714218,-99.50064718723299,27.49713905714218,-99.500647187233,True,True,True,NUEVO LAREDO
UNIDAD NUEVO LAREDO 1A.,03/10/2019,2019.0,HOMICIDIO,CULPOSO,NUEVO LAREDO,27.43438812872493,-99.54083375537789,27.43438812872493,-99.54083375537788,True,True,True,NUEVO LAREDO
ATENCION INMEDIATA EN NUEVO LAREDO,03/10/2020,2020.0,LESIONES,CULPOSO,NUEVO LAREDO,27.387746933616658,-99.56159078169924,27.387746933616658,-99.56159078169924,True,True,False,NUEVO LAREDO
UNIDAD NUEVO LAREDO 2A.,03/11/2019,2019.0,LESIONES,CULPOSO,NUEVO LAREDO,27.50129605382682,-99.54583168029787,27.50129605382682,-99.54583168029788,True,True,True,NUEVO LAREDO
UNIDAD NUEVO LAREDO 3,03/12/2021,2021.0,HOMICIDIO,CULPOSO,NUEVO LAREDO,27.496910198089033,99.50506496046287,27.49691019808904,-99.50506496046287,True,True,True,NUEVO LAREDO
UNIDAD NUEVO LAREDO 1A.,04/02/2019,2019.0,HOMICIDIO,CULPOSO,NUEVO LAREDO,27.48547909837502,-99.50409296203178,27.48547909837502,-99.50409296203178,True,True,True,NUEVO LAREDO
UNIDAD NUEVO LAREDO 1A.,04/02/2020,2020.0,LESIONES,CULPOSO,NUEVO LAREDO,27.480416697391306,-99.55043971538544,27.480416697391306,-99.55043971538544,True,True,True,NUEVO LAREDO
UNIDAD NUEVO LAREDO 1A.,04/02/2020,2020.0,HOMICIDIO,CULPOSO,NUEVO LAREDO,27.495380912460448,-99.49961853027345,27.495380912460448,-99.49961853027344,True,True,True,NUEVO LAREDO
UNIDAD NUEVO LAREDO 1A.,04/02/2023,2023.0,LESIONES,CULPOSO,NUEVO LAREDO,27.469671812658813,-99.50779795646669,27.469671812658813,-99.50779795646667,True,True,True,NUEVO LAREDO
UNIDAD NUEVO LAREDO 1A.,04/03/2019,2019.0,HOMICIDIO,CULPOSO,NUEVO LAREDO,27.4856974351372,-99.5044451951981,27.4856974351372,-99.5044451951981,True,True,True,NUEVO LAREDO
UNIDAD NUEVO LAREDO 2A.,04/04/2019,2019.0,LESIONES,CULPOSO,NUEVO LAREDO,27.448147827616662,-99.54316582892099,27.448147827616665,-99.543165828921,True,True,True,NUEVO LAREDO
UNIDAD NUEVO LAREDO 1A.,04/04/2021,2021.0,HOMICIDIO,CULPOSO,NUEVO LAREDO,27.358604548515718,-99.56694200368484,27.35860454851572,-99.56694200368484,True,True,False,NUEVO LAREDO
UNIDAD NUEVO LAREDO 1A.,04/04/2023,2023.0,LESIONES,CULPOSO,NUEVO LAREDO,27.501444266520743,-99.58510168975954,27.501444266520743,-99.58510168975954,True,False,True,NUEVO LAREDO
UNIDAD NUEVO LAREDO 1A.,04/04/2023,2023.0,LESIONES,CULPOSO,NUEVO LAREDO,27.49372527225168,-99.50746240326588,27.49372527225168,-99.50746240326588,True,True,True,NUEVO LAREDO
UNIDAD NUEVO LAREDO 1A.,04/04/2023,2023.0,LESIONES,CULPOSO,NUEVO LAREDO,27.45258615914696,-99.56525897653464,27.45258615914696,-99.56525897653464,True,True,True,NUEVO LAREDO
UNIDAD NUEVO LAREDO 1A.,04/06/2021,2021.0,HOMICIDIO,CULPOSO,NUEVO LAREDO,27.362648956720633,-99.56505775451662,27.36264895672064,-99.56505775451662,True,True,False,NUEVO LAREDO
UNIDAD NUEVO LAREDO 3,04/06/2023,2023.0,HOMICIDIO,CULPOSO,NUEVO LAREDO,27.6517990,99.7303680,27.651799,-99.730368,True,False,False,NUEVO LAREDO
UNIDAD NUEVO LAREDO 3,04/07/2019,2019.0,LESIONES,CULPOSO,NUEVO LAREDO,27.48590236838805,99.50444420485245,27.48590236838805,-99.50444420485243,True,True,True,NUEVO LAREDO
UNIDAD NUEVO LAREDO 2A.,04/07/2020,2020.0,HOMICIDIO,CULPOSO,NUEVO LAREDO,27.503661453219188,-99.55929602760658,27.503661453219188,-99.55929602760658,True,True,True,NUEVO LAREDO
UNIDAD NUEVO LAREDO 2A.,04/09/2023,2023.0,HOMICIDIO,CULPOSO,NUEVO LAREDO,27.48376617514526,-99.55208891755555,27.48376617514526,-99.55208891755557,True,True,True,NUEVO LAREDO
UNIDAD NUEVO LAREDO 1A.,04/09/2023,2023.0,LESIONES,CULPOSO,NUEVO LAREDO,27.482853821239527,-99.55431241166491,27.482853821239527,-99.55431241166492,True,True,True,NUEVO LAREDO
UNIDAD NUEVO LAREDO 3,04/11/2019,2019.0,HOMICIDIO,CULPOSO,NUEVO LAREDO,27.48011987864297,99.52538291297567,27.48011987864297,-99.52538291297569,True,True,True,NUEVO LAREDO
UNIDAD NUEVO LAREDO 1A.,04/12/2022,2022.0,HOMICIDIO,CULPOSO,NUEVO LAREDO,27.462986443855208,-99.52205389738086,27.462986443855208,-99.52205389738086,True,True,True,NUEVO LAREDO
UNIDAD NUEVO LAREDO 3,04/12/2023,2023.0,HOMICIDIO,CULPOSO,NUEVO LAREDO,27.479624638634245,-99.58984591792611,27.479624638634245,-99.58984591792613,True,True,True,NUEVO LAREDO
UNIDAD NUEVO LAREDO 3,05/02/2022,2022.0,HOMICIDIO,CULPOSO,NUEVO LAREDO,27.30606771736902,-99.59576571822406,27.30606771736902,-99.59576571822406,True,False,False,NUEVO LAREDO
UNIDAD NUEVO LAREDO 1A.,05/02/2023,2023.0,HOMICIDIO,CULPOSO,NUEVO LAREDO,27.487128669549342,-99.59669709205627,27.487128669549342,-99.59669709205627,True,True,True,NUEVO LAREDO
UNIDAD NUEVO LAREDO 2A.,05/03/2023,2023.0,HOMICIDIO,CULPOSO,NUEVO LAREDO,27.511801748170264,-99.56831932067873,27.511801748170264,-99.56831932067873,True,True,True,NUEVO LAREDO
UNIDAD NUEVO LAREDO 2A.,05/04/2021,2021.0,LESIONES,CULPOSO,NUEVO LAREDO,27.463535286257027,-99.58040256418451,27.463535286257027,-99.58040256418452,True,True,True,NUEVO LAREDO
UNIDAD NUEVO LAREDO 2A.,05/05/2020,2020.0,HOMICIDIO,CULPOSO,NUEVO LAREDO,27.475984299261842,-99.54505340536292,27.47598429926184,-99.54505340536292,True,True,True,NUEVO LAREDO
UNIDAD NUEVO LAREDO 2A.,05/05/2023,2023.0,LESIONES,CULPOSO,NUEVO LAREDO,27.482367692718594,-99.57147947554995,27.4823676927186,-99.57147947554996,True,True,True,NUEVO LAREDO
UNIDAD NUEVO LAREDO 1A.,05/12/2019,2019.0,LESIONES,CULPOSO,NUEVO LAREDO,27.49134132487705,-99.52706114037773,27.49134132487705,-99.52706114037773,True,True,True,NUEVO LAREDO
UNIDAD NUEVO LAREDO 2A.,05/12/2020,2020.0,HOMICIDIO,CULPOSO,NUEVO LAREDO,27.47811293371906,-99.54745577537993,27.47811293371906,-99.54745577537992,True,True,True,NUEVO LAREDO
UNIDAD NUEVO LAREDO 2A.,05/12/2022,2022.0,HOMICIDIO,CULPOSO,NUEVO LAREDO,27.51347647630249,-99.57964897155763,27.51347647630249,-99.57964897155765,True,True,True,NUEVO LAREDO
UNIDAD NUEVO LAREDO 3,05/12/2023,2023.0,HOMICIDIO,CULPOSO,NUEVO LAREDO,27.4794786407608,-99.54589824126391,27.4794786407608,-99.54589824126391,True,True,True,NUEVO LAREDO
UNIDAD NUEVO LAREDO 3,06/01/2020,2020.0,HOMICIDIO,CULPOSO,NUEVO LAREDO,27.415644171731607,-99.54572298145573,27.415644171731607,-99.54572298145573,True,True,True,NUEVO LAREDO
UNIDAD NUEVO LAREDO 2A.,06/03/2020,2020.0,HOMICIDIO,CULPOSO,NUEVO LAREDO,27.504036766443374,-99.55115318298341,27.50403676644337,-99.5511531829834,True,True,True,NUEVO LAREDO
UNIDAD NUEVO LAREDO 1A.,06/03/2022,2022.0,HOMICIDIO,CULPOSO,NUEVO LAREDO,27.427436488711805,-99.54556345939638,27.427436488711805,-99.54556345939638,True,True,True,NUEVO LAREDO
UNIDAD NUEVO LAREDO 2A.,06/04/2021,2021.0,HOMICIDIO,CULPOSO,NUEVO LAREDO,27.47781748224327,-99.50662505719426,27.47781748224327,-99.50662505719426,True,True,True,NUEVO LAREDO
UNIDAD NUEVO LAREDO 2A.,06/05/2023,2023.0,HOMICIDIO,CULPOSO,NUEVO LAREDO,27.449200477789326,-99.5563788640145,27.44920047778933,-99.5563788640145,True,True,True,NUEVO LAREDO
UNIDAD NUEVO LAREDO 2A.,06/06/2019,2019.0,LESIONES,CULPOSO,NUEVO LAREDO,27.487546139610867,-99.52068650947619,27.487546139610867,-99.5206865094762,True,True,True,NUEVO LAREDO
ATENCION INMEDIATA EN NUEVO LAREDO,06/06/2022,2022.0,LESIONES,CULPOSO,NUEVO LAREDO,27.469993680638442,-99.53868091106416,27.46999368063844,-99.53868091106416,True,True,True,NUEVO LAREDO
ATENCION INMEDIATA EN NUEVO LAREDO,06/06/2022,2022.0,LESIONES,CULPOSO,NUEVO LAREDO,27.476761614736528,-99.50278222560884,27.476761614736528,-99.50278222560884,True,True,True,NUEVO LAREDO
UNIDAD NUEVO LAREDO 1A.,06/10/2019,2019.0,HOMICIDIO,CULPOSO,NUEVO LAREDO,27.45960603309089,-99.54149433579707,27.45960603309089,-99.54149433579708,True,True,True,NUEVO LAREDO
UNIDAD NUEVO LAREDO 3,06/10/2023,2023.0,HOMICIDIO,CULPOSO,NUEVO LAREDO,27.48520510020306,-99.50425059760836,27.48520510020306,-99.50425059760836,True,True,True,NUEVO LAREDO
UNIDAD NUEVO LAREDO 1A.,06/12/2019,2019.0,LESIONES,CULPOSO,NUEVO LAREDO,27.476797479398495,-99.50279204025041,27.47679747939849,-99.5027920402504,True,True,True,NUEVO LAREDO
UNIDAD NUEVO LAREDO 2A.,06/12/2020,2020.0,HOMICIDIO,CULPOSO,NUEVO LAREDO,27.521931158438946,-99.58520730421854,27.521931158438942,-99.58520730421854,True,True,True,NUEVO LAREDO
UNIDAD NUEVO LAREDO 1A.,07/02/2020,2020.0,LESIONES,CULPOSO,NUEVO LAREDO,27.46214147593552,-99.5581855981787,27.46214147593552,-99.5581855981787,True,True,True,NUEVO LAREDO
UNIDAD NUEVO LAREDO 2A.,07/02/2023,2023.0,LESIONES,CULPOSO,NUEVO LAREDO,27.451181096848487,-99.53149717455271,27.451181096848487,-99.53149717455273,True,True,True,NUEVO LAREDO
UNIDAD NUEVO LAREDO 2A.,07/04/2019,2019.0,HOMICIDIO,CULPOSO,NUEVO LAREDO,27.444034081293495,-99.55998241904,27.44403408129349,-99.55998241904,True,True,True,NUEVO LAREDO
ATENCION INMEDIATA EN NUEVO LAREDO,07/05/2019,2019.0,LESIONES,CULPOSO,NUEVO LAREDO,27.425137884376465,-99.5336437225342,27.425137884376465,-99.5336437225342,True,True,True,NUEVO LAREDO
UNIDAD NUEVO LAREDO 1A.,07/05/2022,2022.0,HOMICIDIO,CULPOSO,NUEVO LAREDO,27.43435216050843,-99.54644196652566,27.43435216050843,-99.54644196652566,True,True,True,NUEVO LAREDO
UNIDAD NUEVO LAREDO 1A.,07/05/2022,2022.0,LESIONES,CULPOSO,NUEVO LAREDO,27.488843289194097,-99.56966036507309,27.488843289194097,-99.56966036507308,True,True,True,NUEVO LAREDO
UNIDAD NUEVO LAREDO 2A.,07/05/2023,2023.0,HOMICIDIO,CULPOSO,NUEVO LAREDO,27.489830671124935,-99.56375757192387,27.48983067112493,-99.56375757192389,True,True,True,NUEVO LAREDO
UNIDAD NUEVO LAREDO 2A.,07/06/2021,2021.0,LESIONES,CULPOSO,NUEVO LAREDO,27.505102580694317,-99.54068183898927,27.50510258069432,-99.54068183898929,True,True,True,NUEVO LAREDO
UNIDAD NUEVO LAREDO 1A.,07/07/2022,2022.0,HOMICIDIO,CULPOSO,NUEVO LAREDO,27.32945914102427,-99.62226317732312,27.32945914102427,-99.62226317732312,True,False,False,NUEVO LAREDO
UNIDAD NUEVO LAREDO 2A.,07/07/2023,2023.0,LESIONES,CULPOSO,NUEVO LAREDO,27.51195399723583,-99.54960823059082,27.51195399723583,-99.54960823059082,True,True,True,NUEVO LAREDO
UNIDAD NUEVO LAREDO 2A.,07/07/2023,2023.0,HOMICIDIO,CULPOSO,NUEVO LAREDO,27.51591239897963,-99.5841121673584,27.51591239897963,-99.5841121673584,True,True,True,NUEVO LAREDO
UNIDAD NUEVO LAREDO 3,07/10/2020,2020.0,HOMICIDIO,CULPOSO,NUEVO LAREDO,27.490175304733953,99.4947385093066,27.49017530473396,-99.4947385093066,True,True,True,NUEVO LAREDO
UNIDAD NUEVO LAREDO 2A.,07/10/2022,2022.0,LESIONES,CULPOSO,NUEVO LAREDO,27.44095768298434,-99.56076357943445,27.44095768298434,-99.56076357943444,True,True,True,NUEVO LAREDO
UNIDAD NUEVO LAREDO 3,07/12/2020,2020.0,HOMICIDIO,CULPOSO,NUEVO LAREDO,27.47178855245941,-99.50090326198206,27.47178855245941,-99.50090326198206,True,True,True,NUEVO LAREDO
UNIDAD NUEVO LAREDO 2A.,08/01/2019,2019.0,HOMICIDIO,CULPOSO,NUEVO LAREDO,27.502666418666873,-99.54720497131349,27.50266641866688,-99.54720497131348,True,True,True,NUEVO LAREDO
UNIDAD NUEVO LAREDO 2A.,08/01/2022,2022.0,HOMICIDIO,CULPOSO,NUEVO LAREDO,27.505407097155693,-99.5508098602295,27.505407097155693,-99.5508098602295,True,True,True,NUEVO LAREDO
UNIDAD NUEVO LAREDO 2A.,08/01/2022,2022.0,HOMICIDIO,CULPOSO,NUEVO LAREDO,27.49764166416898,-99.55441474914552,27.49764166416898,-99.55441474914552,True,True,True,NUEVO LAREDO
UNIDAD NUEVO LAREDO 2A.,08/04/2019,2019.0,HOMICIDIO,CULPOSO,NUEVO LAREDO,27.473436377857904,-99.53733150173684,27.473436377857904,-99.53733150173684,True,True,True,NUEVO LAREDO
UNIDAD NUEVO LAREDO 1A.,08/05/2022,2022.0,HOMICIDIO,CULPOSO,NUEVO LAREDO,27.484393484684233,-99.62668418884277,27.48439348468424,-99.62668418884276,True,False,False,NUEVO LAREDO
UNIDAD NUEVO LAREDO 3,08/05/2023,2023.0,HOMICIDIO,CULPOSO,NUEVO LAREDO,27.485451833106755,-99.50436992745574,27.485451833106755,-99.50436992745574,True,True,True,NUEVO LAREDO
UNIDAD NUEVO LAREDO 2A.,08/08/2022,2022.0,LESIONES,CULPOSO,NUEVO LAREDO,27.50936573446514,-99.57140922546388,27.50936573446514,-99.57140922546388,True,True,True,NUEVO LAREDO
UNIDAD NUEVO LAREDO 1A.,08/08/2023,2023.0,LESIONES,CULPOSO,NUEVO LAREDO,27.485400002542637,-99.50426816940309,27.48540000254264,-99.50426816940308,True,True,True,NUEVO LAREDO
UNIDAD NUEVO LAREDO 1A.,08/09/2022,2022.0,HOMICIDIO,CULPOSO,NUEVO LAREDO,27.44497620375079,-99.49674725532533,27.44497620375079,-99.49674725532532,True,True,True,NUEVO LAREDO
UNIDAD NUEVO LAREDO 3,08/11/2021,2021.0,HOMICIDIO,CULPOSO,NUEVO LAREDO,27.485451833106755,-99.50436992745574,27.485451833106755,-99.50436992745574,True,True,True,NUEVO LAREDO
UNIDAD NUEVO LAREDO 3,08/12/2023,2023.0,LESIONES,CULPOSO,NUEVO LAREDO,27.4858833327608,-99.50441201780644,27.4858833327608,-99.50441201780644,True,True,True,NUEVO LAREDO
UNIDAD NUEVO LAREDO 1A.,09/01/2021,2021.0,HOMICIDIO,CULPOSO,NUEVO LAREDO,27.56938935509111,-99.59166744584478,27.56938935509111,-99.59166744584478,True,False,True,NUEVO LAREDO
UNIDAD NUEVO LAREDO 1A.,09/01/2023,2023.0,LESIONES,CULPOSO,NUEVO LAREDO,27.497095273059408,-99.504791200161,27.497095273059408,-99.504791200161,True,True,True,NUEVO LAREDO
UNIDAD NUEVO LAREDO 3,09/02/2021,2021.0,HOMICIDIO,CULPOSO,NUEVO LAREDO,27.533814830917503,99.57092504986439,27.533814830917503,-99.5709250498644,True,True,True,NUEVO LAREDO
UNIDAD NUEVO LAREDO 3,09/02/2021,2021.0,HOMICIDIO,CULPOSO,NUEVO LAREDO,27.458194986311668,99.54860567116452,27.458194986311668,-99.54860567116452,True,True,True,NUEVO LAREDO
UNIDAD NUEVO LAREDO 3,09/04/2019,2019.0,LESIONES,CULPOSO,NUEVO LAREDO,27.466095229994405,99.51010717951692,27.466095229994405,-99.51010717951692,True,True,True,NUEVO LAREDO
UNIDAD NUEVO LAREDO 1A.,09/04/2020,2020.0,HOMICIDIO,CULPOSO,NUEVO LAREDO,27.497102027259526,-99.50488499415864,27.49710202725953,-99.50488499415864,True,True,True,NUEVO LAREDO
UNIDAD NUEVO LAREDO 1A.,09/04/2020,2020.0,HOMICIDIO,CULPOSO,NUEVO LAREDO,27.485929973237727,-99.50423397128701,27.485929973237727,-99.504233971287,True,True,True,NUEVO LAREDO
UNIDAD NUEVO LAREDO 2A.,09/05/2020,2020.0,HOMICIDIO,CULPOSO,NUEVO LAREDO,27.48041532819389,-99.55174572183884,27.48041532819389,-99.55174572183884,True,True,True,NUEVO LAREDO
UNIDAD NUEVO LAREDO 2A.,09/05/2020,2020.0,HOMICIDIO,CULPOSO,NUEVO LAREDO,27.450571679387615,-99.51742615016741,27.45057167938761,-99.5174261501674,True,True,True,NUEVO LAREDO
ATENCION INMEDIATA EN NUEVO LAREDO,09/06/2020,2020.0,LESIONES,CULPOSO,NUEVO LAREDO,27.471795263473304,-99.5119398299045,27.471795263473304,-99.5119398299045,True,True,True,NUEVO LAREDO
UNIDAD NUEVO LAREDO 3,09/08/2020,2020.0,HOMICIDIO,CULPOSO,NUEVO LAREDO,27.493245927849834,-99.52397279081647,27.493245927849834,-99.52397279081649,True,True,True,NUEVO LAREDO
UNIDAD NUEVO LAREDO 2A.,09/10/2019,2019.0,LESIONES,CULPOSO,NUEVO LAREDO,27.478587550529213,-99.5278936195272,27.478587550529213,-99.5278936195272,True,True,True,NUEVO LAREDO
UNIDAD NUEVO LAREDO 3,09/10/2020,2020.0,HOMICIDIO,CULPOSO,NUEVO LAREDO,27.4045410744381,99.54327562668287,27.4045410744381,-99.54327562668288,True,True,True,NUEVO LAREDO
UNIDAD NUEVO LAREDO 1A.,09/10/2021,2021.0,LESIONES,CULPOSO,NUEVO LAREDO,27.485704573509587,-99.50426816940309,27.485704573509587,-99.50426816940308,True,True,True,NUEVO LAREDO
UNIDAD NUEVO LAREDO 1A.,09/11/2022,2022.0,HOMICIDIO,CULPOSO,NUEVO LAREDO,27.496847900897606,-99.5049360394478,27.49684790089761,-99.5049360394478,True,True,True,NUEVO LAREDO
UNIDAD NUEVO LAREDO 1A.,10/03/2019,2019.0,LESIONES,CULPOSO,NUEVO LAREDO,27.48981263006823,-99.48584675788881,27.48981263006823,-99.4858467578888,True,True,True,NUEVO LAREDO
UNIDAD NUEVO LAREDO 1A.,10/03/2019,2019.0,LESIONES,CULPOSO,NUEVO LAREDO,27.478779398484956,-99.55628170204804,27.47877939848496,-99.55628170204804,True,True,True,NUEVO LAREDO
UNIDAD NUEVO LAREDO 3,10/03/2020,2020.0,LESIONES,CULPOSO,NUEVO LAREDO,27.49791294276407,99.54975237523084,27.49791294276407,-99.54975237523084,True,True,True,NUEVO LAREDO
UNIDAD NUEVO LAREDO 1A.,10/03/2021,2021.0,LESIONES,CULPOSO,NUEVO LAREDO,27.49903418487327,-99.51679234192171,27.49903418487327,-99.51679234192171,True,True,True,NUEVO LAREDO
UNIDAD NUEVO LAREDO 1A.,10/04/2020,2020.0,HOMICIDIO,CULPOSO,NUEVO LAREDO,27.45942778065465,-99.56601208359137,27.45942778065465,-99.56601208359136,True,True,True,NUEVO LAREDO
UNIDAD NUEVO LAREDO 1A.,10/04/2023,2023.0,HOMICIDIO,CULPOSO,NUEVO LAREDO,27.390985720594994,-99.55031312012704,27.390985720595,-99.55031312012704,True,True,False,NUEVO LAREDO
UNIDAD NUEVO LAREDO 3,10/05/2021,2021.0,HOMICIDIO,CULPOSO,NUEVO LAREDO,27.48140727243877,99.62330365364886,27.48140727243877,-99.62330365364886,True,True,False,NUEVO LAREDO
ATENCION INMEDIATA EN NUEVO LAREDO,10/06/2022,2022.0,LESIONES,CULPOSO,NUEVO LAREDO,27.485765844520312,-99.49184954166412,27.485765844520312,-99.49184954166412,True,True,True,NUEVO LAREDO
UNIDAD NUEVO LAREDO 1A.,10/06/2023,2023.0,LESIONES,CULPOSO,NUEVO LAREDO,27.49697603196859,-99.50471038118549,27.49697603196859,-99.50471038118548,True,True,True,NUEVO LAREDO
UNIDAD NUEVO LAREDO 1A.,10/07/2019,2019.0,LESIONES,CULPOSO,NUEVO LAREDO,27.458623765965754,-99.50169890752537,27.45862376596576,-99.50169890752537,True,True,True,NUEVO LAREDO
UNIDAD NUEVO LAREDO 2A.,10/08/2021,2021.0,LESIONES,CULPOSO,NUEVO LAREDO,27.47203776487784,-99.55037293897202,27.47203776487784,-99.55037293897202,True,True,True,NUEVO LAREDO
UNIDAD NUEVO LAREDO 3,10/10/2022,2022.0,LESIONES,CULPOSO,NUEVO LAREDO,27.462688956513972,-99.50785586198243,27.46268895651397,-99.50785586198243,True,True,True,NUEVO LAREDO
UNIDAD NUEVO LAREDO 2A.,11/01/2021,2021.0,HOMICIDIO,CULPOSO,NUEVO LAREDO,27.48524771420259,-99.54505340536292,27.48524771420259,-99.54505340536292,True,True,True,NUEVO LAREDO
UNIDAD NUEVO LAREDO 1A.,11/01/2023,2023.0,LESIONES,CULPOSO,NUEVO LAREDO,27.497776160540308,-99.499447448225,27.497776160540308,-99.499447448225,True,True,True,NUEVO LAREDO
UNIDAD NUEVO LAREDO 1A.,11/03/2019,2019.0,LESIONES,CULPOSO,NUEVO LAREDO,27.496701412740457,-99.59402860971343,27.496701412740457,-99.59402860971343,True,False,True,NUEVO LAREDO
UNIDAD NUEVO LAREDO 3,11/04/2022,2022.0,LESIONES,CULPOSO,NUEVO LAREDO,27.480906823105713,99.50665016046342,27.48090682310572,-99.50665016046342,True,True,True,NUEVO LAREDO
UNIDAD NUEVO LAREDO 3,11/06/2022,2022.0,HOMICIDIO,CULPOSO,NUEVO LAREDO,27.485451833106755,-99.50436992745574,27.485451833106755,-99.50436992745574,True,True,True,NUEVO LAREDO
UNIDAD NUEVO LAREDO 3,11/06/2022,2022.0,HOMICIDIO,CULPOSO,NUEVO LAREDO,27.48830772502662,-99.49691489068938,27.48830772502662,-99.49691489068938,True,True,True,NUEVO LAREDO
UNIDAD NUEVO LAREDO 3,11/09/2021,2021.0,HOMICIDIO,CULPOSO,NUEVO LAREDO,27.43978632526466,99.56018620483326,27.43978632526466,-99.56018620483326,True,True,True,NUEVO LAREDO
UNIDAD NUEVO LAREDO 1A.,11/09/2022,2022.0,HOMICIDIO,CULPOSO,NUEVO LAREDO,27.466781503173028,-99.4868016242981,27.466781503173028,-99.4868016242981,True,True,True,NUEVO LAREDO
UNIDAD NUEVO LAREDO 1A.,11/09/2022,2022.0,LESIONES,CULPOSO,NUEVO LAREDO,27.43196927716498,-99.49747681617738,27.43196927716498,-99.49747681617738,True,False,True,NUEVO LAREDO
UNIDAD NUEVO LAREDO 3,11/11/2021,2021.0,HOMICIDIO,CULPOSO,NUEVO LAREDO,27.412091940882956,-99.53963825947625,27.41209194088296,-99.53963825947623,True,True,True,NUEVO LAREDO
UNIDAD NUEVO LAREDO 3,11/12/2020,2020.0,HOMICIDIO,CULPOSO,NUEVO LAREDO,27.487118821715484,-99.57497529877561,27.487118821715484,-99.5749752987756,True,True,True,NUEVO LAREDO
UNIDAD NUEVO LAREDO 3,11/12/2020,2020.0,HOMICIDIO,CULPOSO,NUEVO LAREDO,27.42536354860821,-99.53204515090546,27.42536354860821,-99.53204515090546,True,True,True,NUEVO LAREDO
UNIDAD NUEVO LAREDO 3,11/12/2020,2020.0,HOMICIDIO,CULPOSO,NUEVO LAREDO,27.334123161077688,-99.580919281277,27.334123161077688,-99.580919281277,True,False,False,NUEVO LAREDO
UNIDAD NUEVO LAREDO 1A.,11/12/2023,2023.0,LESIONES,CULPOSO,NUEVO LAREDO,27.29026394940677,-99.60421800613405,27.29026394940677,-99.60421800613403,True,False,False,NUEVO LAREDO
UNIDAD NUEVO LAREDO 1A.,12/03/2021,2021.0,LESIONES,CULPOSO,NUEVO LAREDO,27.463529280810416,-99.5497279504458,27.463529280810416,-99.5497279504458,True,True,True,NUEVO LAREDO
UNIDAD NUEVO LAREDO 3,12/04/2021,2021.0,HOMICIDIO,CULPOSO,NUEVO LAREDO,27.466588820451804,-99.50286089054131,27.466588820451804,-99.50286089054131,True,True,True,NUEVO LAREDO
ATENCION INMEDIATA EN NUEVO LAREDO,12/04/2021,2021.0,LESIONES,CULPOSO,NUEVO LAREDO,27.471760863840593,-99.50472067300659,27.4717608638406,-99.5047206730066,True,True,True,NUEVO LAREDO
UNIDAD NUEVO LAREDO 2A.,12/04/2023,2023.0,HOMICIDIO,CULPOSO,NUEVO LAREDO,27.51591239897963,-99.57467079162599,27.51591239897963,-99.574670791626,True,True,True,NUEVO LAREDO
UNIDAD NUEVO LAREDO 3,12/06/2019,2019.0,HOMICIDIO,CULPOSO,NUEVO LAREDO,27.546300051109853,-99.57783481964978,27.546300051109853,-99.57783481964978,True,False,True,NUEVO LAREDO
UNIDAD NUEVO LAREDO 1A.,12/06/2020,2020.0,HOMICIDIO,CULPOSO,NUEVO LAREDO,27.52621898802654,-99.58177749697116,27.52621898802654,-99.58177749697116,True,True,True,NUEVO LAREDO
UNIDAD NUEVO LAREDO 2A.,12/06/2021,2021.0,HOMICIDIO,CULPOSO,NUEVO LAREDO,27.502057369733436,-99.54926490783691,27.50205736973344,-99.54926490783691,True,True,True,NUEVO LAREDO
UNIDAD NUEVO LAREDO 3,12/06/2022,2022.0,HOMICIDIO,CULPOSO,NUEVO LAREDO,27.486971732651053,-99.56354244975438,27.486971732651053,-99.56354244975438,True,True,True,NUEVO LAREDO
UNIDAD NUEVO LAREDO 2A.,12/06/2023,2023.0,LESIONES,CULPOSO,NUEVO LAREDO,27.473699480549744,-99.54917175396353,27.473699480549744,-99.54917175396352,True,True,True,NUEVO LAREDO
UNIDAD NUEVO LAREDO 1A.,12/07/2019,2019.0,HOMICIDIO,CULPOSO,NUEVO LAREDO,27.37498674631835,-99.55879159683585,27.37498674631835,-99.55879159683585,True,True,False,NUEVO LAREDO
UNIDAD NUEVO LAREDO 3,12/09/2021,2021.0,HOMICIDIO,CULPOSO,NUEVO LAREDO,27.484810519670607,99.57726062831458,27.484810519670607,-99.57726062831458,True,True,True,NUEVO LAREDO
UNIDAD NUEVO LAREDO 3,12/09/2021,2021.0,LESIONES,CULPOSO,NUEVO LAREDO,27.481928866613426,99.52255808277063,27.481928866613423,-99.52255808277064,True,True,True,NUEVO LAREDO
UNIDAD NUEVO LAREDO 3,12/09/2023,2023.0,HOMICIDIO,CULPOSO,NUEVO LAREDO,27.425807982564415,-99.53197816198359,27.42580798256441,-99.5319781619836,True,True,True,NUEVO LAREDO
UNIDAD NUEVO LAREDO 3,12/10/2022,2022.0,HOMICIDIO,CULPOSO,NUEVO LAREDO,27.485451833106755,-99.50436992745574,27.485451833106755,-99.50436992745574,True,True,True,NUEVO LAREDO
UNIDAD NUEVO LAREDO 3,13/01/2020,2020.0,LESIONES,CULPOSO,NUEVO LAREDO,27.480012149612826,-99.49199456198187,27.480012149612826,-99.49199456198188,True,True,True,NUEVO LAREDO
UNIDAD NUEVO LAREDO 1A.,13/01/2023,2023.0,LESIONES,CULPOSO,NUEVO LAREDO,27.461579596473012,-99.55513832751802,27.46157959647301,-99.55513832751802,True,True,True,NUEVO LAREDO
UNIDAD NUEVO LAREDO 1A.,13/01/2023,2023.0,HOMICIDIO,CULPOSO,NUEVO LAREDO,27.472715711751086,-99.49867584871004,27.47271571175109,-99.49867584871004,True,True,True,NUEVO LAREDO
UNIDAD NUEVO LAREDO 3,13/02/2023,2023.0,LESIONES,CULPOSO,NUEVO LAREDO,27.485451833106755,-99.50436992745574,27.485451833106755,-99.50436992745574,True,True,True,NUEVO LAREDO
UNIDAD NUEVO LAREDO 3,13/02/2023,2023.0,LESIONES,CULPOSO,NUEVO LAREDO,27.484290266086997,-99.50518757547657,27.484290266087,-99.50518757547655,True,True,True,NUEVO LAREDO
UNIDAD NUEVO LAREDO 3,13/03/2020,2020.0,LESIONES,CULPOSO,NUEVO LAREDO,27.485897067437204,-99.50750886428092,27.485897067437204,-99.50750886428092,True,True,True,NUEVO LAREDO
UNIDAD NUEVO LAREDO 2A.,13/03/2022,2022.0,HOMICIDIO,CULPOSO,NUEVO LAREDO,27.491207637198237,-99.5977339478786,27.49120763719824,-99.5977339478786,True,True,True,NUEVO LAREDO
UNIDAD NUEVO LAREDO 2A.,13/05/2022,2022.0,LESIONES,CULPOSO,NUEVO LAREDO,27.503732246189912,-99.51802253723146,27.503732246189912,-99.51802253723146,True,False,True,NUEVO LAREDO
UNIDAD NUEVO LAREDO 1A.,13/06/2020,2020.0,HOMICIDIO,CULPOSO,NUEVO LAREDO,27.35794786060637,-99.56831164736519,27.35794786060637,-99.5683116473652,True,True,False,NUEVO LAREDO
UNIDAD NUEVO LAREDO 1A.,13/06/2020,2020.0,LESIONES,CULPOSO,NUEVO LAREDO,27.48167172263247,-99.62181673916271,27.48167172263247,-99.62181673916272,True,True,False,NUEVO LAREDO
UNIDAD NUEVO LAREDO 1A.,13/07/2019,2019.0,HOMICIDIO,CULPOSO,NUEVO LAREDO,27.460838084176004,-99.55158548838847,27.460838084176004,-99.55158548838848,True,True,True,NUEVO LAREDO
UNIDAD NUEVO LAREDO 1A.,13/07/2021,2021.0,LESIONES,CULPOSO,NUEVO LAREDO,27.497886721437364,-99.53542470932008,27.497886721437364,-99.53542470932008,True,True,True,NUEVO LAREDO
UNIDAD NUEVO LAREDO 2A.,13/09/2020,2020.0,HOMICIDIO,CULPOSO,NUEVO LAREDO,27.498193036276565,-99.55466288543091,27.498193036276565,-99.55466288543091,True,True,True,NUEVO LAREDO
ATENCION INMEDIATA EN NUEVO LAREDO,13/09/2023,2023.0,LESIONES,CULPOSO,NUEVO LAREDO,27.461700371930274,-99.51501846313477,27.46170037193028,-99.51501846313477,True,True,True,NUEVO LAREDO
ATENCION INMEDIATA EN NUEVO LAREDO,13/11/2020,2020.0,LESIONES,CULPOSO,NUEVO LAREDO,27.49293512851214,-99.50748675554323,27.49293512851214,-99.50748675554324,True,True,True,NUEVO LAREDO
UNIDAD NUEVO LAREDO 2A.,13/12/2021,2021.0,HOMICIDIO,CULPOSO,NUEVO LAREDO,27.444809749904955,-99.54093505676232,27.444809749904955,-99.54093505676232,True,True,True,NUEVO LAREDO
UNIDAD NUEVO LAREDO 1A.,13/12/2023,2023.0,HOMICIDIO,CULPOSO,NUEVO LAREDO,27.38455446439678,-99.55393731594086,27.38455446439678,-99.55393731594086,True,True,False,NUEVO LAREDO
UNIDAD 1 ADOLESCENTES LAREDO,14/01/2019,2019.0,LESIONES,CULPOSO,NUEVO LAREDO,27.503195402817234,-99.55525898976079,27.50319540281724,-99.5552589897608,True,True,True,NUEVO LAREDO
UNIDAD NUEVO LAREDO 2A.,14/01/2021,2021.0,HOMICIDIO,CULPOSO,NUEVO LAREDO,27.469157396880753,-99.55586407043943,27.46915739688076,-99.55586407043944,True,True,True,NUEVO LAREDO
ATENCION INMEDIATA EN NUEVO LAREDO,14/01/2021,2021.0,LESIONES,CULPOSO,NUEVO LAREDO,27.479898474620715,-99.49779260656564,27.479898474620715,-99.49779260656564,True,True,True,NUEVO LAREDO
UNIDAD NUEVO LAREDO 1A.,14/02/2019,2019.0,HOMICIDIO,CULPOSO,NUEVO LAREDO,27.48018052465417,-99.54994082450867,27.48018052465417,-99.54994082450868,True,True,True,NUEVO LAREDO
UNIDAD NUEVO LAREDO 3,14/02/2023,2023.0,LESIONES,CULPOSO,NUEVO LAREDO,27.485451833106755,-99.50436992745574,27.485451833106755,-99.50436992745574,True,True,True,NUEVO LAREDO
UNIDAD NUEVO LAREDO 3,14/03/2022,2022.0,HOMICIDIO,CULPOSO,NUEVO LAREDO,27.485451833106755,-99.50436992745574,27.485451833106755,-99.50436992745574,True,True,True,NUEVO LAREDO
UNIDAD NUEVO LAREDO 3,14/05/2023,2023.0,HOMICIDIO,CULPOSO,NUEVO LAREDO,27.453033417641134,-99.53247276198269,27.453033417641134,-99.53247276198267,True,True,True,NUEVO LAREDO
UNIDAD NUEVO LAREDO 3,14/07/2023,2023.0,HOMICIDIO,CULPOSO,NUEVO LAREDO,27.486142014504612,-99.50483294580415,27.48614201450461,-99.50483294580415,True,True,True,NUEVO LAREDO
UNIDAD NUEVO LAREDO 1A.,14/08/2020,2020.0,HOMICIDIO,CULPOSO,NUEVO LAREDO,27.321838267751353,-99.61992502212526,27.32183826775136,-99.61992502212526,True,False,False,NUEVO LAREDO
UNIDAD NUEVO LAREDO 2A.,14/08/2021,2021.0,HOMICIDIO,CULPOSO,NUEVO LAREDO,27.47417029597654,-99.57525462843381,27.47417029597654,-99.5752546284338,True,True,True,NUEVO LAREDO
UNIDAD NUEVO LAREDO 1A.,14/09/2019,2019.0,HOMICIDIO,CULPOSO,NUEVO LAREDO,27.463068407379758,-99.5237346344988,27.46306840737976,-99.5237346344988,True,True,True,NUEVO LAREDO
ATENCION INMEDIATA EN NUEVO LAREDO,14/09/2019,2019.0,LESIONES,CULPOSO,NUEVO LAREDO,27.493128230327066,-99.5677399635315,27.493128230327063,-99.5677399635315,True,True,True,NUEVO LAREDO
UNIDAD NUEVO LAREDO 2A.,14/10/2019,2019.0,HOMICIDIO,CULPOSO,NUEVO LAREDO,27.48617539795297,-99.5423078396292,27.48617539795297,-99.5423078396292,True,True,True,NUEVO LAREDO
UNIDAD NUEVO LAREDO 3,14/10/2022,2022.0,HOMICIDIO,CULPOSO,NUEVO LAREDO,27.42524649940243,-99.53174939081873,27.42524649940243,-99.53174939081872,True,True,True,NUEVO LAREDO
UNIDAD NUEVO LAREDO 2A.,14/11/2022,2022.0,LESIONES,CULPOSO,NUEVO LAREDO,27.496947098589978,-99.50491367576906,27.496947098589978,-99.50491367576906,True,True,True,NUEVO LAREDO
UNIDAD NUEVO LAREDO 1A.,14/11/2022,2022.0,HOMICIDIO,CULPOSO,NUEVO LAREDO,27.429528819849356,-99.52974110841753,27.42952881984936,-99.52974110841753,True,True,True,NUEVO LAREDO
UNIDAD NUEVO LAREDO 2A.,14/12/2021,2021.0,HOMICIDIO,CULPOSO,NUEVO LAREDO,27.463496509243118,-99.56359230343901,27.46349650924312,-99.563592303439,True,True,True,NUEVO LAREDO
UNIDAD NUEVO LAREDO 3,15/01/2022,2022.0,HOMICIDIO,CULPOSO,NUEVO LAREDO,27.525081673350762,99.61586687354408,27.52508167335076,-99.61586687354408,True,False,True,NUEVO LAREDO
UNIDAD NUEVO LAREDO 3,15/02/2021,2021.0,HOMICIDIO,CULPOSO,NUEVO LAREDO,27.47180741510164,99.50755317348221,27.47180741510164,-99.5075531734822,True,True,True,NUEVO LAREDO
UNIDAD TAMPICO 3A.,15/05/2019,2019.0,LESIONES,CULPOSO,NUEVO LAREDO,22.216281520969176,-97.85889205833601,22.216281520969176,-97.858892058336,True,False,False,NUEVO LAREDO
UNIDAD NUEVO LAREDO 2A.,15/06/2021,2021.0,LESIONES,CULPOSO,NUEVO LAREDO,27.51164949889397,-99.56677436828615,27.51164949889397,-99.56677436828616,True,True,True,NUEVO LAREDO
UNIDAD NUEVO LAREDO 1A.,15/06/2022,2022.0,HOMICIDIO,CULPOSO,NUEVO LAREDO,27.497246716355257,-99.56458568572998,27.497246716355257,-99.56458568572998,True,True,True,NUEVO LAREDO
UNIDAD NUEVO LAREDO 1A.,15/09/2019,2019.0,LESIONES,CULPOSO,NUEVO LAREDO,27.42199306827322,-99.54913008345427,27.42199306827322,-99.54913008345429,True,True,True,NUEVO LAREDO
UNIDAD NUEVO LAREDO 3,15/10/2022,2022.0,HOMICIDIO,CULPOSO,NUEVO LAREDO,27.485451833106755,-99.50436992745574,27.485451833106755,-99.50436992745574,True,True,True,NUEVO LAREDO
UNIDAD NUEVO LAREDO 1A.,15/12/2023,2023.0,HOMICIDIO,CULPOSO,NUEVO LAREDO,27.479361947218102,-99.55704331398012,27.479361947218106,-99.55704331398012,True,True,True,NUEVO LAREDO
UNIDAD NUEVO LAREDO 1A.,15/12/2023,2023.0,HOMICIDIO,CULPOSO,NUEVO LAREDO,27.469005465609982,-99.48621153831483,27.469005465609985,-99.48621153831483,True,True,True,NUEVO LAREDO
UNIDAD NUEVO LAREDO 1A.,16/01/2020,2020.0,LESIONES,CULPOSO,NUEVO LAREDO,27.49796199647605,-99.50748935637883,27.49796199647605,-99.50748935637884,True,True,True,NUEVO LAREDO
UNIDAD NUEVO LAREDO 3,16/02/2023,2023.0,HOMICIDIO,CULPOSO,NUEVO LAREDO,27.460529356355632,-99.52017016198248,27.460529356355632,-99.52017016198248,True,True,True,NUEVO LAREDO
UNIDAD NUEVO LAREDO 1A.,16/04/2019,2019.0,HOMICIDIO,CULPOSO,NUEVO LAREDO,27.48529303889127,-99.50447774290018,27.48529303889127,-99.50447774290018,True,True,True,NUEVO LAREDO
UNIDAD NUEVO LAREDO 3,16/05/2023,2023.0,LESIONES,CULPOSO,NUEVO LAREDO,27.47615032967598,99.61730722619404,27.47615032967598,-99.61730722619404,True,True,True,NUEVO LAREDO
UNIDAD NUEVO LAREDO 1A.,16/08/2020,2020.0,HOMICIDIO,CULPOSO,NUEVO LAREDO,27.494658107653066,-99.5893907546997,27.494658107653063,-99.5893907546997,True,False,True,NUEVO LAREDO
ATENCION INMEDIATA EN NUEVO LAREDO,16/08/2021,2021.0,LESIONES,CULPOSO,NUEVO LAREDO,27.49652997762229,-99.55725922467256,27.49652997762229,-99.55725922467256,True,True,True,NUEVO LAREDO
UNIDAD NUEVO LAREDO 1A.,16/10/2020,2020.0,LESIONES,CULPOSO,NUEVO LAREDO,27.593068290850233,-99.6392270894278,27.59306829085024,-99.6392270894278,True,False,False,NUEVO LAREDO
UNIDAD NUEVO LAREDO 3,16/10/2022,2022.0,HOMICIDIO,CULPOSO,NUEVO LAREDO,27.383584556300132,-99.55547836198495,27.38358455630013,-99.55547836198495,True,True,False,NUEVO LAREDO
UNIDAD NUEVO LAREDO 1A.,16/11/2021,2021.0,HOMICIDIO,CULPOSO,NUEVO LAREDO,27.49704388868935,-99.50496017932893,27.49704388868935,-99.50496017932892,True,True,True,NUEVO LAREDO
ATENCION INMEDIATA EN NUEVO LAREDO,16/12/2021,2021.0,LESIONES,CULPOSO,NUEVO LAREDO,27.495458429642735,-99.51614767313005,27.49545842964273,-99.51614767313004,True,True,True,NUEVO LAREDO
UNIDAD NUEVO LAREDO 1A.,17/03/2020,2020.0,LESIONES,CULPOSO,NUEVO LAREDO,27.478332068510895,-99.54950895145926,27.47833206851089,-99.54950895145926,True,True,True,NUEVO LAREDO
UNIDAD NUEVO LAREDO 1A.,17/04/2019,2019.0,HOMICIDIO,CULPOSO,NUEVO LAREDO,27.486942907302268,-99.5094298678026,27.486942907302268,-99.5094298678026,True,True,True,NUEVO LAREDO
UNIDAD NUEVO LAREDO 1A.,17/04/2022,2022.0,HOMICIDIO,CULPOSO,NUEVO LAREDO,27.55347190905609,-99.60744365794866,27.55347190905609,-99.60744365794866,True,False,True,NUEVO LAREDO
UNIDAD NUEVO LAREDO 2A.,17/06/2023,2023.0,HOMICIDIO,CULPOSO,NUEVO LAREDO,27.460765129247022,-99.54968654753856,27.460765129247022,-99.54968654753856,True,True,True,NUEVO LAREDO
UNIDAD NUEVO LAREDO 2A.,17/07/2019,2019.0,LESIONES,CULPOSO,NUEVO LAREDO,27.49992567192373,-99.55098152160645,27.49992567192373,-99.55098152160645,True,True,True,NUEVO LAREDO
UNIDAD NUEVO LAREDO 1A.,17/10/2022,2022.0,LESIONES,CULPOSO,NUEVO LAREDO,27.3896621943989,-99.55063222990128,27.3896621943989,-99.55063222990128,True,True,False,NUEVO LAREDO
UNIDAD NUEVO LAREDO 1A.,18/01/2020,2020.0,LESIONES,CULPOSO,NUEVO LAREDO,27.501134945761294,-99.55627219229142,27.501134945761294,-99.55627219229142,True,True,True,NUEVO LAREDO
UNIDAD NUEVO LAREDO 1A.,18/01/2022,2022.0,HOMICIDIO,CULPOSO,NUEVO LAREDO,27.492906267244233,-99.50617158952191,27.49290626724424,-99.50617158952193,True,True,True,NUEVO LAREDO
ATENCION INMEDIATA EN NUEVO LAREDO,18/03/2022,2022.0,LESIONES,CULPOSO,NUEVO LAREDO,27.467139672439824,-99.51443910598756,27.467139672439824,-99.51443910598756,True,True,True,NUEVO LAREDO
UNIDAD NUEVO LAREDO 1A.,18/03/2023,2023.0,HOMICIDIO,CULPOSO,NUEVO LAREDO,27.461989718505773,-99.6898259524014,27.461989718505773,-99.6898259524014,True,False,False,NUEVO LAREDO
UNIDAD NUEVO LAREDO 2A.,18/05/2019,2019.0,HOMICIDIO,CULPOSO,NUEVO LAREDO,27.507843198508738,-99.5588779449463,27.507843198508738,-99.5588779449463,True,True,True,NUEVO LAREDO
UNIDAD NUEVO LAREDO 2A.,18/05/2020,2020.0,HOMICIDIO,CULPOSO,NUEVO LAREDO,27.50936573446514,-99.55458641052248,27.50936573446514,-99.55458641052248,True,True,True,NUEVO LAREDO
UNIDAD NUEVO LAREDO 1A.,18/06/2019,2019.0,LESIONES,CULPOSO,NUEVO LAREDO,27.47453334689336,-99.53729957342149,27.47453334689336,-99.53729957342148,True,True,True,NUEVO LAREDO
UNIDAD NUEVO LAREDO 1A.,18/10/2020,2020.0,LESIONES,CULPOSO,NUEVO LAREDO,27.46491960031614,-99.56610812282501,27.46491960031614,-99.566108122825,True,True,True,NUEVO LAREDO
UNIDAD NUEVO LAREDO 2A.,18/12/2021,2021.0,LESIONES,CULPOSO,NUEVO LAREDO,27.46122215040957,-99.53887588246207,27.46122215040957,-99.53887588246208,True,True,True,NUEVO LAREDO
UNIDAD NUEVO LAREDO 3,19/01/2019,2019.0,HOMICIDIO,CULPOSO,NUEVO LAREDO,27.487670847344898,-99.57513623046333,27.48767084734489,-99.57513623046331,True,True,True,NUEVO LAREDO
UNIDAD NUEVO LAREDO 1A.,19/02/2021,2021.0,HOMICIDIO,CULPOSO,NUEVO LAREDO,27.485821056730522,-99.50422058318541,27.48582105673052,-99.5042205831854,True,True,True,NUEVO LAREDO
UNIDAD NUEVO LAREDO 1A.,19/02/2021,2021.0,LESIONES,CULPOSO,NUEVO LAREDO,27.482491800567264,-99.56815242696281,27.482491800567264,-99.5681524269628,True,True,True,NUEVO LAREDO
ATENCION INMEDIATA EN NUEVO LAREDO,19/02/2022,2022.0,LESIONES,CULPOSO,NUEVO LAREDO,27.42027662143443,-99.53424274028643,27.42027662143443,-99.53424274028644,True,True,True,NUEVO LAREDO
ATENCION INMEDIATA EN NUEVO LAREDO,19/03/2021,2021.0,LESIONES,CULPOSO,NUEVO LAREDO,27.497899633478156,-99.5080452431449,27.49789963347816,-99.5080452431449,True,True,True,NUEVO LAREDO
UNIDAD NUEVO LAREDO 2A.,19/04/2020,2020.0,HOMICIDIO,CULPOSO,NUEVO LAREDO,27.50951798690196,-99.55647468566896,27.50951798690196,-99.55647468566896,True,True,True,NUEVO LAREDO
UNIDAD NUEVO LAREDO 2A.,19/04/2020,2020.0,HOMICIDIO,CULPOSO,NUEVO LAREDO,27.50068699730972,-99.57123756408691,27.50068699730972,-99.57123756408691,True,True,True,NUEVO LAREDO
ATENCION INMEDIATA EN NUEVO LAREDO,19/04/2021,2021.0,LESIONES,CULPOSO,NUEVO LAREDO,27.44343105683725,-99.51009660959245,27.44343105683725,-99.51009660959244,True,True,True,NUEVO LAREDO
ATENCION INMEDIATA EN NUEVO LAREDO,19/04/2021,2021.0,LESIONES,CULPOSO,NUEVO LAREDO,27.48933324027035,-99.50559976267836,27.48933324027035,-99.50559976267836,True,True,True,NUEVO LAREDO
UNIDAD NUEVO LAREDO 2A.,19/05/2021,2021.0,HOMICIDIO,CULPOSO,NUEVO LAREDO,27.482337854445277,-99.60030846887489,27.48233785444528,-99.60030846887489,True,False,True,NUEVO LAREDO
UNIDAD NUEVO LAREDO 1A.,19/06/2022,2022.0,HOMICIDIO,CULPOSO,NUEVO LAREDO,27.487545663274968,-99.5027393102646,27.487545663274968,-99.5027393102646,True,True,True,NUEVO LAREDO
UNIDAD NUEVO LAREDO 2A.,19/09/2022,2022.0,HOMICIDIO,CULPOSO,NUEVO LAREDO,27.507995453052487,-99.57072257995607,27.507995453052487,-99.57072257995608,True,True,True,NUEVO LAREDO
UNIDAD NUEVO LAREDO 1A.,19/09/2023,2023.0,HOMICIDIO,CULPOSO,NUEVO LAREDO,27.492037912088946,-99.50270712375642,27.492037912088943,-99.50270712375642,True,True,True,NUEVO LAREDO
ATENCION INMEDIATA EN NUEVO LAREDO,19/11/2021,2021.0,LESIONES,CULPOSO,NUEVO LAREDO,27.4649864745473,-99.49635565280914,27.4649864745473,-99.49635565280914,True,True,True,NUEVO LAREDO
UNIDAD NUEVO LAREDO 2A.,20/02/2022,2022.0,LESIONES,CULPOSO,NUEVO LAREDO,27.502361894621476,-99.52986717224123,27.50236189462148,-99.52986717224124,True,True,True,NUEVO LAREDO
UNIDAD NUEVO LAREDO 3,20/03/2022,2022.0,LESIONES,CULPOSO,NUEVO LAREDO,27.485451833106755,-99.50436992745574,27.485451833106755,-99.50436992745574,True,True,True,NUEVO LAREDO
UNIDAD NUEVO LAREDO 3,20/05/2022,2022.0,HOMICIDIO,CULPOSO,NUEVO LAREDO,27.485587465255154,-99.50431249172955,27.48558746525516,-99.50431249172956,True,True,True,NUEVO LAREDO
UNIDAD NUEVO LAREDO 1A.,20/06/2019,2019.0,LESIONES,CULPOSO,NUEVO LAREDO,27.485909983480383,-99.50427256636532,27.485909983480383,-99.50427256636532,True,True,True,NUEVO LAREDO
UNIDAD NUEVO LAREDO 3,20/06/2021,2021.0,LESIONES,CULPOSO,NUEVO LAREDO,27.456659222206213,99.50679233348205,27.456659222206213,-99.50679233348204,True,True,True,NUEVO LAREDO
UNIDAD NUEVO LAREDO 1A.,20/07/2023,2023.0,LESIONES,CULPOSO,NUEVO LAREDO,27.479777087124887,-99.51173233644039,27.479777087124887,-99.5117323364404,True,True,True,NUEVO LAREDO
UNIDAD NUEVO LAREDO 1A.,20/07/2023,2023.0,LESIONES,CULPOSO,NUEVO LAREDO,27.46230964405318,-99.68762397766115,27.46230964405318,-99.68762397766116,True,False,False,NUEVO LAREDO
ATENCION INMEDIATA EN NUEVO LAREDO,20/08/2019,2019.0,LESIONES,CULPOSO,NUEVO LAREDO,27.471173812948,-99.62163008809766,27.471173812948,-99.62163008809766,True,True,False,NUEVO LAREDO
ATENCION INMEDIATA EN NUEVO LAREDO,20/11/2023,2023.0,LESIONES,CULPOSO,NUEVO LAREDO,27.445767662881437,-99.55256938934328,27.44576766288144,-99.55256938934328,True,True,True,NUEVO LAREDO
UNIDAD NUEVO LAREDO 1A.,20/12/2022,2022.0,LESIONES,CULPOSO,NUEVO LAREDO,27.49481038043819,-99.62552547454835,27.49481038043819,-99.62552547454835,True,False,False,NUEVO LAREDO
UNIDAD NUEVO LAREDO 1A.,20/12/2022,2022.0,LESIONES,CULPOSO,NUEVO LAREDO,27.479931263709815,-99.49198901653291,27.47993126370981,-99.49198901653293,True,True,True,NUEVO LAREDO
UNIDAD NUEVO LAREDO 2A.,21/01/2023,2023.0,LESIONES,CULPOSO,NUEVO LAREDO,27.510279245925606,-99.53450202941896,27.51027924592561,-99.53450202941896,True,True,True,NUEVO LAREDO
UNIDAD NUEVO LAREDO 3,21/02/2020,2020.0,HOMICIDIO,CULPOSO,NUEVO LAREDO,27.526255504940938,-99.58173946198042,27.52625550494093,-99.58173946198042,True,True,True,NUEVO LAREDO
UNIDAD NUEVO LAREDO 1A.,21/02/2023,2023.0,HOMICIDIO,CULPOSO,NUEVO LAREDO,27.481805466127625,-99.5037290453911,27.481805466127625,-99.5037290453911,True,True,True,NUEVO LAREDO
UNIDAD NUEVO LAREDO 1A.,21/03/2020,2020.0,LESIONES,CULPOSO,NUEVO LAREDO,27.496630499767456,-99.5040535926819,27.496630499767456,-99.5040535926819,True,True,True,NUEVO LAREDO
UNIDAD NUEVO LAREDO 1A.,21/03/2022,2022.0,HOMICIDIO,CULPOSO,NUEVO LAREDO,27.50530955681838,-99.56546545028688,27.50530955681838,-99.56546545028688,True,True,True,NUEVO LAREDO
UNIDAD NUEVO LAREDO 3,21/04/2020,2020.0,HOMICIDIO,CULPOSO,NUEVO LAREDO,27.4869008514851,-99.5601985119426,27.4869008514851,-99.5601985119426,True,True,True,NUEVO LAREDO
UNIDAD NUEVO LAREDO 1A.,21/04/2021,2021.0,HOMICIDIO,CULPOSO,NUEVO LAREDO,27.49376903061364,-99.50305311757553,27.49376903061364,-99.50305311757552,True,True,True,NUEVO LAREDO
UNIDAD NUEVO LAREDO 3,21/05/2019,2019.0,LESIONES,CULPOSO,NUEVO LAREDO,27.487685050909207,99.49865527347782,27.487685050909207,-99.49865527347782,True,True,True,NUEVO LAREDO
UNIDAD NUEVO LAREDO 2A.,21/05/2021,2021.0,HOMICIDIO,CULPOSO,NUEVO LAREDO,27.48704072305997,-99.56449541998283,27.48704072305997,-99.56449541998283,True,True,True,NUEVO LAREDO
UNIDAD NUEVO LAREDO 1A.,21/07/2023,2023.0,HOMICIDIO,CULPOSO,NUEVO LAREDO,27.49685466635816,-99.50484475474717,27.49685466635816,-99.50484475474715,True,True,True,NUEVO LAREDO
UNIDAD NUEVO LAREDO 3,21/10/2019,2019.0,HOMICIDIO,CULPOSO,NUEVO LAREDO,27.541373102315035,-99.56675953314485,27.541373102315035,-99.56675953314485,True,True,True,NUEVO LAREDO
UNIDAD NUEVO LAREDO 1A.,21/10/2022,2022.0,HOMICIDIO,CULPOSO,NUEVO LAREDO,27.479381210359,-99.54940560938614,27.479381210359,-99.54940560938614,True,True,True,NUEVO LAREDO
UNIDAD NUEVO LAREDO 3,22/01/2021,2021.0,HOMICIDIO,CULPOSO,NUEVO LAREDO,27.4967008269518,-99.50514006198132,27.4967008269518,-99.50514006198132,True,True,True,NUEVO LAREDO
UNIDAD NUEVO LAREDO 3,22/02/2020,2020.0,LESIONES,CULPOSO,NUEVO LAREDO,27.485451833106755,-99.50436992745574,27.485451833106755,-99.50436992745574,True,True,True,NUEVO LAREDO
UNIDAD NUEVO LAREDO 3,22/03/2021,2021.0,LESIONES,CULPOSO,NUEVO LAREDO,27.49703353435621,99.51187523114778,27.49703353435621,-99.51187523114778,True,True,True,NUEVO LAREDO
UNIDAD NUEVO LAREDO 1A.,22/04/2019,2019.0,HOMICIDIO,CULPOSO,NUEVO LAREDO,27.463342820056464,-99.55425534537657,27.463342820056464,-99.55425534537656,True,True,True,NUEVO LAREDO
UNIDAD NUEVO LAREDO 3,22/07/2019,2019.0,HOMICIDIO,CULPOSO,NUEVO LAREDO,27.485451833106755,-99.50436992745574,27.485451833106755,-99.50436992745574,True,True,True,NUEVO LAREDO
UNIDAD NUEVO LAREDO 3,22/07/2022,2022.0,LESIONES,CULPOSO,NUEVO LAREDO,27.4967008269518,-99.50514006198132,27.4967008269518,-99.50514006198132,True,True,True,NUEVO LAREDO
UNIDAD NUEVO LAREDO 1A.,22/08/2019,2019.0,HOMICIDIO,CULPOSO,NUEVO LAREDO,27.48543037384997,-99.5042468182519,27.48543037384997,-99.5042468182519,True,True,True,NUEVO LAREDO
UNIDAD NUEVO LAREDO 2A.,22/08/2020,2020.0,HOMICIDIO,CULPOSO,NUEVO LAREDO,27.507995453052487,-99.56540107727052,27.507995453052487,-99.56540107727052,True,True,True,NUEVO LAREDO
UNIDAD NUEVO LAREDO 2A.,22/08/2020,2020.0,HOMICIDIO,CULPOSO,NUEVO LAREDO,27.506168384622246,-99.56368446350099,27.50616838462225,-99.563684463501,True,True,True,NUEVO LAREDO
ATENCION INMEDIATA EN NUEVO LAREDO,22/10/2019,2019.0,LESIONES,CULPOSO,NUEVO LAREDO,27.503019415700148,-99.55815106630328,27.503019415700148,-99.55815106630328,True,True,True,NUEVO LAREDO
ATENCION INMEDIATA EN NUEVO LAREDO,22/10/2019,2019.0,LESIONES,CULPOSO,NUEVO LAREDO,27.454382893493378,-99.50022339820863,27.45438289349337,-99.50022339820865,True,True,True,NUEVO LAREDO
UNIDAD NUEVO LAREDO 2A.,22/10/2020,2020.0,HOMICIDIO,CULPOSO,NUEVO LAREDO,27.48711692015545,-99.50369832149883,27.48711692015545,-99.50369832149885,True,True,True,NUEVO LAREDO
ATENCION INMEDIATA EN NUEVO LAREDO,22/10/2020,2020.0,LESIONES,CULPOSO,NUEVO LAREDO,27.462617573415883,-99.51183114810472,27.462617573415883,-99.51183114810472,True,True,True,NUEVO LAREDO
UNIDAD NUEVO LAREDO 1A.,22/11/2021,2021.0,LESIONES,CULPOSO,NUEVO LAREDO,27.485662932997414,-99.50436472892763,27.48566293299741,-99.50436472892764,True,True,True,NUEVO LAREDO
UNIDAD NUEVO LAREDO 1A.,22/11/2023,2023.0,HOMICIDIO,CULPOSO,NUEVO LAREDO,27.485802062320868,-99.50429776908112,27.485802062320868,-99.50429776908112,True,True,True,NUEVO LAREDO
UNIDAD NUEVO LAREDO 1A.,22/12/2022,2022.0,HOMICIDIO,CULPOSO,NUEVO LAREDO,27.37867225484977,-99.55683946609498,27.37867225484977,-99.55683946609498,True,True,False,NUEVO LAREDO
UNIDAD NUEVO LAREDO 1A.,22/12/2022,2022.0,LESIONES,CULPOSO,NUEVO LAREDO,27.528979584553053,-99.56813693046571,27.528979584553053,-99.56813693046573,True,True,True,NUEVO LAREDO
UNIDAD NUEVO LAREDO 1A.,22/12/2022,2022.0,HOMICIDIO,CULPOSO,NUEVO LAREDO,27.486960919844872,-99.56726789474489,27.486960919844872,-99.56726789474487,True,True,True,NUEVO LAREDO
UNIDAD NUEVO LAREDO 3,23/01/2023,2023.0,LESIONES,CULPOSO,NUEVO LAREDO,27.3368563,99.5792111,27.3368563,-99.5792111,True,False,False,NUEVO LAREDO
UNIDAD NUEVO LAREDO 1A.,23/02/2023,2023.0,LESIONES,CULPOSO,NUEVO LAREDO,27.47890714629745,-99.58170086145402,27.47890714629745,-99.58170086145402,True,True,True,NUEVO LAREDO
UNIDAD NUEVO LAREDO 3,23/03/2019,2019.0,HOMICIDIO,CULPOSO,NUEVO LAREDO,27.4967008269518,-99.50514006198132,27.4967008269518,-99.50514006198132,True,True,True,NUEVO LAREDO
UNIDAD NUEVO LAREDO 2A.,23/05/2021,2021.0,LESIONES,CULPOSO,NUEVO LAREDO,27.439886243808452,-99.52378202460665,27.43988624380845,-99.52378202460665,True,True,True,NUEVO LAREDO
UNIDAD NUEVO LAREDO 2A.,23/05/2023,2023.0,LESIONES,CULPOSO,NUEVO LAREDO,27.51271523940309,-99.57810401916505,27.51271523940309,-99.57810401916504,True,True,True,NUEVO LAREDO
ATENCION INMEDIATA EN NUEVO LAREDO,23/06/2022,2022.0,LESIONES,CULPOSO,NUEVO LAREDO,27.49501678110368,-99.52706158161163,27.49501678110368,-99.52706158161163,True,True,True,NUEVO LAREDO
UNIDAD NUEVO LAREDO 3,23/07/2019,2019.0,HOMICIDIO,CULPOSO,NUEVO LAREDO,27.3073984566989,-99.59519032603362,27.3073984566989,-99.59519032603362,True,False,False,NUEVO LAREDO
UNIDAD NUEVO LAREDO 3,23/07/2019,2019.0,HOMICIDIO,CULPOSO,NUEVO LAREDO,27.303304109323825,-99.59733308053002,27.303304109323825,-99.59733308053002,True,False,False,NUEVO LAREDO
UNIDAD NUEVO LAREDO 2A.,23/07/2021,2021.0,LESIONES,CULPOSO,NUEVO LAREDO,27.507234178226884,-99.55647468566896,27.507234178226884,-99.55647468566896,True,True,True,NUEVO LAREDO
UNIDAD NUEVO LAREDO 1A.,23/07/2023,2023.0,HOMICIDIO,CULPOSO,NUEVO LAREDO,27.308872206852282,-99.59428397132602,27.30887220685228,-99.59428397132602,True,False,False,NUEVO LAREDO
UNIDAD NUEVO LAREDO 1A.,23/07/2023,2023.0,HOMICIDIO,CULPOSO,NUEVO LAREDO,27.514683756515527,-99.59095763254324,27.514683756515527,-99.59095763254324,True,True,True,NUEVO LAREDO
UNIDAD NUEVO LAREDO 2A.,23/09/2021,2021.0,HOMICIDIO,CULPOSO,NUEVO LAREDO,27.480719954856244,-99.54694098180487,27.480719954856244,-99.54694098180488,True,True,True,NUEVO LAREDO
UNIDAD NUEVO LAREDO 3,23/09/2022,2022.0,HOMICIDIO,CULPOSO,NUEVO LAREDO,27.440489446362044,99.56079576598606,27.440489446362044,-99.56079576598606,True,True,True,NUEVO LAREDO
ATENCION INMEDIATA EN NUEVO LAREDO,23/09/2022,2022.0,LESIONES,CULPOSO,NUEVO LAREDO,27.439644120586447,-99.56036925315857,27.439644120586447,-99.56036925315856,True,True,True,NUEVO LAREDO
UNIDAD NUEVO LAREDO 2A.,23/10/2020,2020.0,HOMICIDIO,CULPOSO,NUEVO LAREDO,27.468380872462156,-99.54573979679635,27.46838087246216,-99.54573979679635,True,True,True,NUEVO LAREDO
UNIDAD NUEVO LAREDO 2A.,23/10/2020,2020.0,HOMICIDIO,CULPOSO,NUEVO LAREDO,27.46612424007655,-99.54093505676232,27.46612424007655,-99.54093505676232,True,True,True,NUEVO LAREDO
UNIDAD NUEVO LAREDO 3,23/10/2021,2021.0,HOMICIDIO,CULPOSO,NUEVO LAREDO,27.487278383519826,99.58965869879187,27.487278383519826,-99.58965869879188,True,True,True,NUEVO LAREDO
UNIDAD NUEVO LAREDO 2A.,23/11/2019,2019.0,LESIONES,CULPOSO,NUEVO LAREDO,27.489069165886463,-99.55174572183884,27.489069165886463,-99.55174572183884,True,True,True,NUEVO LAREDO
ATENCION INMEDIATA EN NUEVO LAREDO,23/12/2020,2020.0,LESIONES,CULPOSO,NUEVO LAREDO,27.479854224711968,-99.50876086950305,27.479854224711968,-99.50876086950304,True,True,True,NUEVO LAREDO
UNIDAD NUEVO LAREDO 3,24/03/2021,2021.0,LESIONES,CULPOSO,NUEVO LAREDO,27.477133094662168,99.5008381711645,27.477133094662168,-99.5008381711645,True,True,True,NUEVO LAREDO
ATENCION INMEDIATA EN NUEVO LAREDO,24/03/2022,2022.0,LESIONES,CULPOSO,NUEVO LAREDO,27.48684670713391,-99.56731081008913,27.48684670713391,-99.56731081008913,True,True,True,NUEVO LAREDO
UNIDAD NUEVO LAREDO 2A.,24/04/2022,2022.0,HOMICIDIO,CULPOSO,NUEVO LAREDO,27.48962717781936,-99.50961134280263,27.48962717781936,-99.50961134280264,True,True,True,NUEVO LAREDO
UNIDAD NUEVO LAREDO 2A.,24/05/2020,2020.0,HOMICIDIO,CULPOSO,NUEVO LAREDO,27.49703258743012,-99.52952384948732,27.49703258743012,-99.52952384948732,True,True,True,NUEVO LAREDO
UNIDAD NUEVO LAREDO 2A.,24/06/2022,2022.0,LESIONES,CULPOSO,NUEVO LAREDO,27.501143790013536,-99.53089714050294,27.501143790013536,-99.53089714050294,True,True,True,NUEVO LAREDO
UNIDAD NUEVO LAREDO 1A.,24/08/2019,2019.0,HOMICIDIO,CULPOSO,NUEVO LAREDO,27.485442662021654,-99.50430839945592,27.48544266202165,-99.50430839945592,True,True,True,NUEVO LAREDO
UNIDAD NUEVO LAREDO 1A.,24/08/2019,2019.0,HOMICIDIO,CULPOSO,NUEVO LAREDO,27.426474047314162,-99.542140130315,27.42647404731416,-99.542140130315,True,True,True,NUEVO LAREDO
UNIDAD NUEVO LAREDO 2A.,24/08/2022,2022.0,LESIONES,CULPOSO,NUEVO LAREDO,27.474822404392164,-99.56646722594661,27.474822404392164,-99.5664672259466,True,True,True,NUEVO LAREDO
UNIDAD NUEVO LAREDO 2A.,24/09/2021,2021.0,HOMICIDIO,CULPOSO,NUEVO LAREDO,27.485718480275523,-99.54556819893801,27.485718480275523,-99.545568198938,True,True,True,NUEVO LAREDO
UNIDAD NUEVO LAREDO 1A.,24/09/2023,2023.0,HOMICIDIO,CULPOSO,NUEVO LAREDO,27.488249968635248,-99.4847470521927,27.488249968635248,-99.4847470521927,True,True,True,NUEVO LAREDO
UNIDAD NUEVO LAREDO 1A.,24/12/2022,2022.0,HOMICIDIO,CULPOSO,NUEVO LAREDO,27.496872585266914,-99.5049172639847,27.49687258526692,-99.5049172639847,True,True,True,NUEVO LAREDO
UNIDAD NUEVO LAREDO 1A.,25/03/2019,2019.0,HOMICIDIO,CULPOSO,NUEVO LAREDO,27.333812929578443,-99.58085063160027,27.333812929578443,-99.58085063160028,True,False,False,NUEVO LAREDO
UNIDAD NUEVO LAREDO 1A.,25/03/2022,2022.0,HOMICIDIO,CULPOSO,NUEVO LAREDO,27.48547614536333,-99.5041823387146,27.48547614536333,-99.5041823387146,True,True,True,NUEVO LAREDO
UNIDAD NUEVO LAREDO 1A.,25/04/2023,2023.0,LESIONES,CULPOSO,NUEVO LAREDO,27.47960942475888,-99.58955168724061,27.47960942475888,-99.5895516872406,True,True,True,NUEVO LAREDO
UNIDAD NUEVO LAREDO 1A.,25/07/2020,2020.0,HOMICIDIO,CULPOSO,NUEVO LAREDO,27.495255531504334,-99.54957030234426,27.49525553150433,-99.54957030234426,True,True,True,NUEVO LAREDO
UNIDAD NUEVO LAREDO 2A.,25/07/2023,2023.0,LESIONES,CULPOSO,NUEVO LAREDO,27.469295878538063,-99.53836108888697,27.469295878538063,-99.53836108888696,True,True,True,NUEVO LAREDO
UNIDAD NUEVO LAREDO 1A.,25/08/2019,2019.0,LESIONES,CULPOSO,NUEVO LAREDO,27.453244226876826,-99.53335730609719,27.453244226876823,-99.5333573060972,True,True,True,NUEVO LAREDO
UNIDAD NUEVO LAREDO 1A.,25/08/2019,2019.0,HOMICIDIO,CULPOSO,NUEVO LAREDO,27.485349728022225,-99.50433604718526,27.485349728022225,-99.50433604718526,True,True,True,NUEVO LAREDO
ATENCION INMEDIATA EN NUEVO LAREDO,25/09/2019,2019.0,LESIONES,CULPOSO,NUEVO LAREDO,27.49280107650677,-99.52108025550844,27.49280107650677,-99.52108025550844,True,True,True,NUEVO LAREDO
UNIDAD NUEVO LAREDO 3,25/09/2022,2022.0,HOMICIDIO,CULPOSO,NUEVO LAREDO,27.454632336755544,99.55282334605201,27.454632336755544,-99.552823346052,True,True,True,NUEVO LAREDO
UNIDAD NUEVO LAREDO 3,25/11/2019,2019.0,HOMICIDIO,CULPOSO,NUEVO LAREDO,27.46036461637105,-99.56564640431242,27.46036461637105,-99.56564640431242,True,True,True,NUEVO LAREDO
UNIDAD NUEVO LAREDO 1A.,25/11/2023,2023.0,LESIONES,CULPOSO,NUEVO LAREDO,26.66040345861699,-99.98743057250978,26.66040345861699,-99.98743057250978,True,False,False,NUEVO LAREDO
UNIDAD NUEVO LAREDO 1A.,25/12/2019,2019.0,HOMICIDIO,CULPOSO,NUEVO LAREDO,27.470188995393187,-99.51053693294588,27.470188995393187,-99.51053693294588,True,True,True,NUEVO LAREDO
UNIDAD NUEVO LAREDO 2A.,25/12/2020,2020.0,LESIONES,CULPOSO,NUEVO LAREDO,27.500839261754972,-99.52214241027833,27.50083926175497,-99.52214241027832,True,False,True,NUEVO LAREDO
UNIDAD NUEVO LAREDO 1A.,26/01/2021,2021.0,LESIONES,CULPOSO,NUEVO LAREDO,27.48350036209243,-99.49748340249229,27.48350036209243,-99.49748340249228,True,True,True,NUEVO LAREDO
UNIDAD NUEVO LAREDO 2A.,26/01/2022,2022.0,HOMICIDIO,CULPOSO,NUEVO LAREDO,27.48222422922027,-99.51142022512492,27.48222422922027,-99.51142022512492,True,True,True,NUEVO LAREDO
UNIDAD NUEVO LAREDO 3,26/01/2023,2023.0,LESIONES,CULPOSO,NUEVO LAREDO,27.478874724184994,-99.5213967561722,27.478874724185,-99.5213967561722,True,True,True,NUEVO LAREDO
UNIDAD NUEVO LAREDO 3,26/02/2019,2019.0,HOMICIDIO,CULPOSO,NUEVO LAREDO,27.45260940854699,99.56518637348748,27.45260940854699,-99.56518637348748,True,True,True,NUEVO LAREDO
UNIDAD NUEVO LAREDO 1A.,26/02/2023,2023.0,LESIONES,CULPOSO,NUEVO LAREDO,27.484063333271376,-99.6133509362147,27.484063333271376,-99.6133509362147,True,False,True,NUEVO LAREDO
UNIDAD NUEVO LAREDO 2A.,26/04/2022,2022.0,HOMICIDIO,CULPOSO,NUEVO LAREDO,27.466813563723818,-99.5096541854573,27.46681356372381,-99.5096541854573,True,True,True,NUEVO LAREDO
UNIDAD NUEVO LAREDO 3,26/05/2020,2020.0,LESIONES,CULPOSO,NUEVO LAREDO,27.41195647235794,99.53994779861708,27.41195647235794,-99.53994779861708,True,True,True,NUEVO LAREDO
UNIDAD NUEVO LAREDO 2A.,26/05/2023,2023.0,HOMICIDIO,CULPOSO,NUEVO LAREDO,27.504645804422214,-99.57381248474123,27.50464580442221,-99.57381248474124,True,True,True,NUEVO LAREDO
UNIDAD NUEVO LAREDO 3,26/08/2023,2023.0,HOMICIDIO,CULPOSO,NUEVO LAREDO,27.487268,-99.595966,27.487268,-99.595966,True,True,True,NUEVO LAREDO
UNIDAD NUEVO LAREDO 1A.,26/09/2020,2020.0,HOMICIDIO,CULPOSO,NUEVO LAREDO,27.46834684898752,-99.62033808231355,27.46834684898752,-99.62033808231357,True,True,False,NUEVO LAREDO
UNIDAD NUEVO LAREDO 1A.,26/09/2020,2020.0,HOMICIDIO,CULPOSO,NUEVO LAREDO,27.476719375930646,-99.50366735458375,27.47671937593065,-99.50366735458375,True,True,True,NUEVO LAREDO
UNIDAD NUEVO LAREDO 2A.,26/09/2021,2021.0,HOMICIDIO,CULPOSO,NUEVO LAREDO,27.489069165886463,-99.53801789317029,27.489069165886463,-99.53801789317028,True,True,True,NUEVO LAREDO
UNIDAD NUEVO LAREDO 3,26/12/2021,2021.0,HOMICIDIO,CULPOSO,NUEVO LAREDO,27.487185694342347,-99.56746366690646,27.487185694342347,-99.56746366690646,True,True,True,NUEVO LAREDO
ATENCION INMEDIATA EN NUEVO LAREDO,27/02/2019,2019.0,LESIONES,CULPOSO,NUEVO LAREDO,27.483266494996375,-99.54222947359087,27.48326649499637,-99.54222947359088,True,True,True,NUEVO LAREDO
UNIDAD NUEVO LAREDO 3,27/02/2022,2022.0,HOMICIDIO,CULPOSO,NUEVO LAREDO,27.468970223801836,99.51218175999182,27.46897022380184,-99.51218175999182,True,True,True,NUEVO LAREDO
UNIDAD NUEVO LAREDO 3,27/03/2021,2021.0,HOMICIDIO,CULPOSO,NUEVO LAREDO,27.48984052452741,99.51703272883546,27.48984052452741,-99.51703272883546,True,True,True,NUEVO LAREDO
UNIDAD NUEVO LAREDO 3,27/03/2021,2021.0,HOMICIDIO,CULPOSO,NUEVO LAREDO,27.416149334741206,99.54577085392525,27.41614933474121,-99.54577085392523,True,True,True,NUEVO LAREDO
UNIDAD NUEVO LAREDO 1A.,27/03/2022,2022.0,HOMICIDIO,CULPOSO,NUEVO LAREDO,27.485872325127758,-99.50389266014099,27.48587232512776,-99.503892660141,True,True,True,NUEVO LAREDO
UNIDAD NUEVO LAREDO 2A.,27/04/2019,2019.0,HOMICIDIO,CULPOSO,NUEVO LAREDO,27.507995453052487,-99.56316947937012,27.507995453052487,-99.56316947937012,True,True,True,NUEVO LAREDO
UNIDAD NUEVO LAREDO 1A.,27/04/2023,2023.0,LESIONES,CULPOSO,NUEVO LAREDO,27.50524889144305,-99.58562493324281,27.50524889144305,-99.5856249332428,True,True,True,NUEVO LAREDO
UNIDAD NUEVO LAREDO 1A.,27/09/2020,2020.0,LESIONES,CULPOSO,NUEVO LAREDO,27.485361931112546,-99.5043969154358,27.485361931112543,-99.5043969154358,True,True,True,NUEVO LAREDO
UNIDAD NUEVO LAREDO 3,27/11/2022,2022.0,LESIONES,CULPOSO,NUEVO LAREDO,27.47162661441921,-99.50759606198216,27.47162661441921,-99.50759606198216,True,True,True,NUEVO LAREDO
UNIDAD NUEVO LAREDO 2A.,27/12/2020,2020.0,HOMICIDIO,CULPOSO,NUEVO LAREDO,27.49703258743012,-99.53261375427248,27.49703258743012,-99.53261375427248,True,True,True,NUEVO LAREDO
UNIDAD NUEVO LAREDO 1A.,27/12/2021,2021.0,HOMICIDIO,CULPOSO,NUEVO LAREDO,27.5150691095876,-99.59124684333803,27.5150691095876,-99.59124684333804,True,True,True,NUEVO LAREDO
ATENCION INMEDIATA EN NUEVO LAREDO,28/01/2021,2021.0,LESIONES,CULPOSO,NUEVO LAREDO,27.492841227255244,-99.50166374444963,27.492841227255244,-99.50166374444964,True,True,True,NUEVO LAREDO
UNIDAD NUEVO LAREDO 2A.,28/01/2022,2022.0,HOMICIDIO,CULPOSO,NUEVO LAREDO,27.475538105288713,-99.5788581834593,27.47553810528872,-99.5788581834593,True,True,True,NUEVO LAREDO
UNIDAD NUEVO LAREDO 2A.,28/02/2023,2023.0,LESIONES,CULPOSO,NUEVO LAREDO,27.513171982174892,-99.57655906677248,27.51317198217489,-99.57655906677248,True,True,True,NUEVO LAREDO
UNIDAD NUEVO LAREDO 2A.,28/03/2020,2020.0,HOMICIDIO,CULPOSO,NUEVO LAREDO,27.492904330493857,-99.53973387175384,27.492904330493857,-99.53973387175384,True,True,True,NUEVO LAREDO
UNIDAD NUEVO LAREDO 3,28/03/2021,2021.0,HOMICIDIO,CULPOSO,NUEVO LAREDO,27.50679083251459,99.54991110464385,27.50679083251459,-99.54991110464384,True,True,True,NUEVO LAREDO
UNIDAD NUEVO LAREDO 1A.,28/03/2022,2022.0,LESIONES,CULPOSO,NUEVO LAREDO,27.472813108763443,-99.50357079505922,27.472813108763443,-99.50357079505922,True,True,True,NUEVO LAREDO
UNIDAD NUEVO LAREDO 2A.,28/04/2021,2021.0,LESIONES,CULPOSO,NUEVO LAREDO,27.506168384622246,-99.54102516174318,27.50616838462225,-99.54102516174318,True,True,True,NUEVO LAREDO
UNIDAD NUEVO LAREDO 1A.,28/06/2020,2020.0,LESIONES,CULPOSO,NUEVO LAREDO,27.47849867447027,-99.51497767492303,27.47849867447027,-99.51497767492305,True,True,True,NUEVO LAREDO
UNIDAD NUEVO LAREDO 2A.,28/06/2021,2021.0,HOMICIDIO,CULPOSO,NUEVO LAREDO,27.45200158515557,-99.5248870457192,27.45200158515557,-99.5248870457192,True,True,True,NUEVO LAREDO
UNIDAD NUEVO LAREDO 2A.,28/07/2020,2020.0,HOMICIDIO,CULPOSO,NUEVO LAREDO,27.481744600724895,-99.55088773254707,27.48174460072489,-99.55088773254708,True,True,True,NUEVO LAREDO
UNIDAD NUEVO LAREDO 2A.,28/08/2022,2022.0,HOMICIDIO,CULPOSO,NUEVO LAREDO,27.477892692229513,-99.53471196366658,27.47789269222952,-99.53471196366658,True,True,True,NUEVO LAREDO
UNIDAD NUEVO LAREDO 3,28/09/2019,2019.0,HOMICIDIO,CULPOSO,NUEVO LAREDO,27.486974318100344,99.56907690591612,27.486974318100344,-99.56907690591612,True,True,True,NUEVO LAREDO
UNIDAD NUEVO LAREDO 1A.,28/12/2019,2019.0,LESIONES,CULPOSO,NUEVO LAREDO,27.30759900002939,-99.59389686584473,27.30759900002939,-99.59389686584473,True,False,False,NUEVO LAREDO
UNIDAD NUEVO LAREDO 2A.,29/01/2022,2022.0,LESIONES,CULPOSO,NUEVO LAREDO,27.484688165275422,-99.50833146367447,27.484688165275426,-99.50833146367448,True,True,True,NUEVO LAREDO
UNIDAD NUEVO LAREDO 3,29/05/2023,2023.0,HOMICIDIO,CULPOSO,NUEVO LAREDO,27.5402787078445,-99.57410937811186,27.5402787078445,-99.57410937811186,True,True,True,NUEVO LAREDO
UNIDAD NUEVO LAREDO 1A.,29/07/2019,2019.0,LESIONES,CULPOSO,NUEVO LAREDO,27.497168434251986,-99.50476651678416,27.497168434251986,-99.50476651678416,True,True,True,NUEVO LAREDO
ATENCION INMEDIATA EN NUEVO LAREDO,29/07/2022,2022.0,LESIONES,CULPOSO,NUEVO LAREDO,27.473738524659,-99.5037826895714,27.473738524659,-99.5037826895714,True,True,True,NUEVO LAREDO
UNIDAD NUEVO LAREDO 2A.,29/07/2023,2023.0,HOMICIDIO,CULPOSO,NUEVO LAREDO,27.466069227103993,-99.54865696038844,27.466069227104,-99.54865696038844,True,True,True,NUEVO LAREDO
UNIDAD NUEVO LAREDO 3,29/11/2019,2019.0,HOMICIDIO,CULPOSO,NUEVO LAREDO,27.48715776586131,-99.56733506826401,27.48715776586131,-99.567335068264,True,True,True,NUEVO LAREDO
UNIDAD NUEVO LAREDO 1A.,29/12/2021,2021.0,LESIONES,CULPOSO,NUEVO LAREDO,27.5058495961366,-99.55857753753664,27.5058495961366,-99.55857753753664,True,True,True,NUEVO LAREDO
UNIDAD NUEVO LAREDO 2A.,29/12/2022,2022.0,LESIONES,CULPOSO,NUEVO LAREDO,27.506777410803263,-99.54720497131349,27.506777410803263,-99.54720497131348,True,True,True,NUEVO LAREDO
UNIDAD NUEVO LAREDO 1A.,30/03/2019,2019.0,HOMICIDIO,CULPOSO,NUEVO LAREDO,27.495942852360162,-99.5941066233136,27.49594285236016,-99.5941066233136,True,False,True,NUEVO LAREDO
UNIDAD NUEVO LAREDO 3,30/04/2022,2022.0,HOMICIDIO,CULPOSO,NUEVO LAREDO,27.4967008269518,-99.50514006198132,27.4967008269518,-99.50514006198132,True,True,True,NUEVO LAREDO
UNIDAD NUEVO LAREDO 1A.,30/04/2023,2023.0,HOMICIDIO,CULPOSO,NUEVO LAREDO,27.49686693462866,-99.50490921735766,27.49686693462866,-99.50490921735766,True,True,True,NUEVO LAREDO
UNIDAD NUEVO LAREDO 3,30/05/2020,2020.0,HOMICIDIO,CULPOSO,NUEVO LAREDO,27.485921404010977,99.5045193064986,27.485921404010977,-99.5045193064986,True,True,True,NUEVO LAREDO
UNIDAD NUEVO LAREDO 3,30/05/2021,2021.0,HOMICIDIO,CULPOSO,NUEVO LAREDO,27.480931319505178,-99.55115401893343,27.48093131950517,-99.55115401893345,True,True,True,NUEVO LAREDO
UNIDAD NUEVO LAREDO 3,30/05/2023,2023.0,HOMICIDIO,CULPOSO,NUEVO LAREDO,27.454361,99.636783,27.454361,-99.636783,True,False,False,NUEVO LAREDO
UNIDAD NUEVO LAREDO 3,30/06/2022,2022.0,HOMICIDIO,CULPOSO,NUEVO LAREDO,27.51404406483027,-99.57988825991836,27.51404406483027,-99.57988825991836,True,True,True,NUEVO LAREDO
ATENCION INMEDIATA EN NUEVO LAREDO,30/06/2022,2022.0,LESIONES,CULPOSO,NUEVO LAREDO,27.474181150922067,-99.54234212636949,27.474181150922067,-99.54234212636948,True,True,True,NUEVO LAREDO
UNIDAD NUEVO LAREDO 1A.,30/06/2023,2023.0,HOMICIDIO,CULPOSO,NUEVO LAREDO,27.39714964087752,-99.54934000968935,27.39714964087752,-99.54934000968936,True,True,False,NUEVO LAREDO
ATENCION INMEDIATA EN NUEVO LAREDO,30/06/2023,2023.0,LESIONES,CULPOSO,NUEVO LAREDO,27.38787352637797,-99.56484586000444,27.38787352637797,-99.56484586000444,True,True,False,NUEVO LAREDO
UNIDAD NUEVO LAREDO 1A.,30/07/2019,2019.0,HOMICIDIO,CULPOSO,NUEVO LAREDO,27.48237270562675,-99.5598965575584,27.48237270562675,-99.5598965575584,True,True,True,NUEVO LAREDO
UNIDAD NUEVO LAREDO 1A.,30/07/2022,2022.0,HOMICIDIO,CULPOSO,NUEVO LAREDO,27.486554928811056,-99.56486731767656,27.486554928811056,-99.56486731767656,True,True,True,NUEVO LAREDO
UNIDAD NUEVO LAREDO 3,30/09/2019,2019.0,HOMICIDIO,CULPOSO,NUEVO LAREDO,27.471231196986718,-99.50704869545449,27.47123119698672,-99.50704869545449,True,True,True,NUEVO LAREDO
UNIDAD NUEVO LAREDO 1A.,30/09/2019,2019.0,HOMICIDIO,CULPOSO,NUEVO LAREDO,27.484611765691476,-99.49770226233316,27.48461176569148,-99.49770226233316,True,True,True,NUEVO LAREDO
UNIDAD NUEVO LAREDO 3,30/09/2021,2021.0,HOMICIDIO,CULPOSO,NUEVO LAREDO,27.485451833106755,-99.50436992745574,27.485451833106755,-99.50436992745574,True,True,True,NUEVO LAREDO
UNIDAD NUEVO LAREDO 1A.,30/09/2022,2022.0,HOMICIDIO,CULPOSO,NUEVO LAREDO,27.4610305281624,-99.52802658010002,27.4610305281624,-99.52802658010002,True,True,True,NUEVO LAREDO
UNIDAD NUEVO LAREDO 1A.,30/10/2021,2021.0,HOMICIDIO,CULPOSO,NUEVO LAREDO,27.392191287893798,-99.54977572964053,27.3921912878938,-99.54977572964052,True,True,False,NUEVO LAREDO
UNIDAD NUEVO LAREDO 3,30/11/2019,2019.0,HOMICIDIO,CULPOSO,NUEVO LAREDO,27.50779283999059,-99.58703646198096,27.50779283999059,-99.58703646198096,True,True,True,NUEVO LAREDO
UNIDAD NUEVO LAREDO 3,30/11/2019,2019.0,HOMICIDIO,CULPOSO,NUEVO LAREDO,27.479982149623165,-99.54545941965198,27.479982149623165,-99.54545941965198,True,True,True,NUEVO LAREDO
UNIDAD NUEVO LAREDO 3,31/01/2019,2019.0,HOMICIDIO,CULPOSO,NUEVO LAREDO,27.483748068637976,99.55634710510512,27.483748068637976,-99.55634710510512,True,True,True,NUEVO LAREDO
UNIDAD NUEVO LAREDO 3,31/01/2022,2022.0,HOMICIDIO,CULPOSO,NUEVO LAREDO,27.502435825460864,-99.56571776198113,27.502435825460864,-99.56571776198112,True,True,True,NUEVO LAREDO
ATENCION INMEDIATA EN NUEVO LAREDO,31/01/2022,2022.0,LESIONES,CULPOSO,NUEVO LAREDO,27.441300168283604,-99.55287501965952,27.441300168283604,-99.55287501965952,True,True,True,NUEVO LAREDO
UNIDAD NUEVO LAREDO 1A.,31/03/2019,2019.0,HOMICIDIO,CULPOSO,NUEVO LAREDO,27.45566197157604,-99.58424273521715,27.45566197157604,-99.58424273521716,True,True,True,NUEVO LAREDO
UNIDAD NUEVO LAREDO 3,31/03/2023,2023.0,LESIONES,CULPOSO,NUEVO LAREDO,27.485451833106755,-99.50436992745574,27.485451833106755,-99.50436992745574,True,True,True,NUEVO LAREDO
UNIDAD NUEVO LAREDO 1A.,31/05/2019,2019.0,LESIONES,CULPOSO,NUEVO LAREDO,27.481939001156046,-99.53550829785135,27.481939001156046,-99.53550829785137,True,True,True,NUEVO LAREDO
UNIDAD NUEVO LAREDO 1A.,31/05/2021,2021.0,LESIONES,CULPOSO,NUEVO LAREDO,27.485514216753955,-99.50422525405884,27.485514216753955,-99.50422525405884,True,True,True,NUEVO LAREDO
UNIDAD NUEVO LAREDO 2A.,31/08/2021,2021.0,HOMICIDIO,CULPOSO,NUEVO LAREDO,27.502209632282796,-99.5475482940674,27.5022096322828,-99.5475482940674,True,True,True,NUEVO LAREDO
UNIDAD NUEVO LAREDO 3,31/12/2020,2020.0,HOMICIDIO,CULPOSO,NUEVO LAREDO,27.416367984034345,99.54559424430532,27.416367984034345,-99.54559424430532,True,True,True,NUEVO LAREDO
UNIDAD MATAMOROS 3,01/01/2019,2019.0,LESIONES,CULPOSO,MATAMOROS,25.85833714391942,-97.52893388271333,25.85833714391942,-97.52893388271332,True,True,True,MATAMOROS
UNIDAD MATAMOROS 3,01/01/2021,2021.0,LESIONES,CULPOSO,MATAMOROS,25.854140329795765,-97.49752521514894,25.854140329795765,-97.49752521514894,True,True,True,MATAMOROS
UNIDAD MATAMOROS 2A.,01/02/2019,2019.0,LESIONES,CULPOSO,MATAMOROS,25.833908449805346,-97.486909031868,25.833908449805342,-97.486909031868,True,True,True,MATAMOROS
UNIDAD MATAMOROS 3,01/02/2019,2019.0,LESIONES,CULPOSO,MATAMOROS,25.823019218862086,-97.50336438417436,25.82301921886209,-97.50336438417436,True,True,True,MATAMOROS
UNIDAD MATAMOROS 3,01/02/2019,2019.0,LESIONES,CULPOSO,MATAMOROS,25.841237587779762,-97.55310595035554,25.84123758777976,-97.55310595035554,True,True,True,MATAMOROS
UNIDAD MATAMOROS 3,01/03/2019,2019.0,LESIONES,CULPOSO,MATAMOROS,25.8781883781756,-97.5490665435791,25.8781883781756,-97.5490665435791,True,True,True,MATAMOROS
UNIDAD MATAMOROS 3,01/03/2019,2019.0,LESIONES,CULPOSO,MATAMOROS,25.8296817980173,-97.5118160247803,25.8296817980173,-97.5118160247803,True,True,True,MATAMOROS
UNIDAD MATAMOROS 1A.,01/03/2023,2023.0,LESIONES,CULPOSO,MATAMOROS,25.81571581432337,-97.52362847328187,25.81571581432337,-97.52362847328187,True,True,True,MATAMOROS
UNIDAD MATAMOROS 3,01/04/2019,2019.0,LESIONES,CULPOSO,MATAMOROS,25.843954461284987,-97.55400046401789,25.843954461284987,-97.55400046401788,True,True,True,MATAMOROS
UNIDAD MATAMOROS 1A.,01/04/2023,2023.0,HOMICIDIO,CULPOSO,MATAMOROS,25.869416631779046,-97.55408357864803,25.86941663177905,-97.55408357864803,True,True,True,MATAMOROS
UNIDAD MATAMOROS 1A.,01/06/2023,2023.0,HOMICIDIO,CULPOSO,MATAMOROS,25.81794550272281,-97.51959108460314,25.81794550272281,-97.51959108460314,True,True,True,MATAMOROS
UNIDAD MATAMOROS 3,01/07/2019,2019.0,HOMICIDIO,CULPOSO,MATAMOROS,25.82588172633871,-97.48503684997559,25.82588172633871,-97.4850368499756,True,True,True,MATAMOROS
UNIDAD MATAMOROS 1A.,01/07/2019,2019.0,HOMICIDIO,CULPOSO,MATAMOROS,25.872846231675243,-97.50613242387773,25.872846231675243,-97.50613242387772,True,True,True,MATAMOROS
UNIDAD MATAMOROS 1A.,01/07/2021,2021.0,HOMICIDIO,CULPOSO,MATAMOROS,25.848301351097305,-97.50325441360474,25.848301351097305,-97.50325441360474,True,True,True,MATAMOROS
ATENCION INMEDIATA EN MATAMOROS,01/07/2021,2021.0,LESIONES,CULPOSO,MATAMOROS,25.84551355622376,-97.49393191020235,25.84551355622376,-97.49393191020236,True,True,True,MATAMOROS
UNIDAD MATAMOROS 2A.,01/10/2019,2019.0,HOMICIDIO,CULPOSO,MATAMOROS,25.876988384602868,-97.5082165002823,25.876988384602868,-97.5082165002823,True,True,True,MATAMOROS
UNIDAD MATAMOROS 2A.,01/11/2019,2019.0,HOMICIDIO,CULPOSO,MATAMOROS,25.872038878747297,-97.50107750678234,25.872038878747297,-97.50107750678234,True,True,True,MATAMOROS
UNIDAD MATAMOROS 1A.,01/11/2021,2021.0,HOMICIDIO,CULPOSO,MATAMOROS,25.870464526020434,-97.54839062690736,25.870464526020434,-97.54839062690736,True,True,True,MATAMOROS
ATENCION INMEDIATA EN MATAMOROS,01/12/2020,2020.0,LESIONES,CULPOSO,MATAMOROS,25.842868389954873,-97.49307847824402,25.84286838995488,-97.49307847824402,True,True,True,MATAMOROS
UNIDAD MATAMOROS 3,01/12/2021,2021.0,HOMICIDIO,CULPOSO,MATAMOROS,25.868927780004675,-97.49471962451936,25.868927780004675,-97.49471962451936,True,True,True,MATAMOROS
UNIDAD MATAMOROS 3,01/12/2023,2023.0,HOMICIDIO,CULPOSO,MATAMOROS,25.819161635516057,-97.51608221209247,25.819161635516057,-97.51608221209248,True,True,True,MATAMOROS
UNIDAD MATAMOROS 3,02/01/2020,2020.0,LESIONES,CULPOSO,MATAMOROS,25.869869973326814,-97.55118597208347,25.86986997332681,-97.55118597208347,True,True,True,MATAMOROS
UNIDAD MATAMOROS 3,02/02/2019,2019.0,HOMICIDIO,CULPOSO,MATAMOROS,26.04854662789005,-97.89972782135011,26.04854662789005,-97.89972782135013,True,False,False,MATAMOROS
ATENCION INMEDIATA EN MATAMOROS,02/02/2022,2022.0,LESIONES,CULPOSO,MATAMOROS,25.847932549832727,-97.48962999167125,25.847932549832727,-97.48962999167124,True,True,True,MATAMOROS
UNIDAD MATAMOROS 1A.,02/02/2023,2023.0,LESIONES,CULPOSO,MATAMOROS,25.853357068909784,-97.50096917152406,25.853357068909784,-97.50096917152406,True,True,True,MATAMOROS
UNIDAD MATAMOROS 3,02/03/2022,2022.0,LESIONES,CULPOSO,MATAMOROS,25.846557929129048,-97.48889875737834,25.846557929129048,-97.48889875737834,True,True,True,MATAMOROS
UNIDAD 1 ADOLESCENTES MATAMOROS,02/04/2019,2019.0,LESIONES,CULPOSO,MATAMOROS,25.841048162879122,-97.55289390659654,25.84104816287912,-97.55289390659654,True,True,True,MATAMOROS
UNIDAD MATAMOROS 1A.,02/04/2023,2023.0,LESIONES,CULPOSO,MATAMOROS,25.82854891139332,-97.53269970417023,25.82854891139332,-97.53269970417024,True,True,True,MATAMOROS
UNIDAD MATAMOROS 1A.,02/04/2023,2023.0,LESIONES,CULPOSO,MATAMOROS,25.84033957551647,-97.4619644880295,25.84033957551647,-97.4619644880295,True,True,True,MATAMOROS
UNIDAD MATAMOROS 1A.,02/06/2022,2022.0,HOMICIDIO,CULPOSO,MATAMOROS,25.835939337605417,-97.41871330414713,25.835939337605417,-97.41871330414712,True,False,True,MATAMOROS
UNIDAD MATAMOROS 1A.,02/07/2019,2019.0,HOMICIDIO,CULPOSO,MATAMOROS,25.82485510329206,-97.50706697902595,25.82485510329206,-97.50706697902596,True,True,True,MATAMOROS
UNIDAD MATAMOROS 1A.,02/07/2023,2023.0,LESIONES,CULPOSO,MATAMOROS,25.71613547288206,-97.57196982505647,25.71613547288206,-97.57196982505648,True,False,False,MATAMOROS
UNIDAD MATAMOROS 2A.,02/08/2020,2020.0,HOMICIDIO,CULPOSO,MATAMOROS,25.957793865211343,-97.81248092651369,25.957793865211343,-97.81248092651369,True,True,False,MATAMOROS
UNIDAD MATAMOROS 2A.,02/09/2022,2022.0,HOMICIDIO,CULPOSO,MATAMOROS,25.82670983367525,-97.53175020217897,25.82670983367525,-97.53175020217896,True,True,True,MATAMOROS
UNIDAD MATAMOROS 2A.,02/10/2019,2019.0,HOMICIDIO,CULPOSO,MATAMOROS,25.823625120345476,-97.51825689987545,25.82362512034548,-97.51825689987544,True,True,True,MATAMOROS
UNIDAD MATAMOROS 2A.,02/10/2021,2021.0,HOMICIDIO,CULPOSO,MATAMOROS,25.837288386527426,-97.4726041215276,25.837288386527423,-97.4726041215276,True,True,True,MATAMOROS
UNIDAD MATAMOROS 3,02/11/2021,2021.0,LESIONES,CULPOSO,MATAMOROS,25.882421138995582,-97.50494956970215,25.882421138995586,-97.50494956970216,True,True,True,MATAMOROS
UNIDAD MATAMOROS 3,02/12/2021,2021.0,HOMICIDIO,CULPOSO,MATAMOROS,25.87002045855372,-97.51691222190858,25.87002045855372,-97.51691222190858,True,True,True,MATAMOROS
UNIDAD MATAMOROS 3,02/12/2022,2022.0,HOMICIDIO,CULPOSO,MATAMOROS,25.826685087111414,-97.53250658512117,25.82668508711141,-97.53250658512115,True,True,True,MATAMOROS
UNIDAD MATAMOROS 3,03/01/2019,2019.0,HOMICIDIO,CULPOSO,MATAMOROS,25.871099515229186,-97.49935195930216,25.871099515229183,-97.49935195930216,True,True,True,MATAMOROS
UNIDAD MATAMOROS 1A.,03/01/2022,2022.0,HOMICIDIO,CULPOSO,MATAMOROS,25.824491072415526,-97.55146980285646,25.82449107241553,-97.55146980285646,True,False,True,MATAMOROS
UNIDAD MATAMOROS 1A.,03/02/2021,2021.0,LESIONES,CULPOSO,MATAMOROS,25.843023935993774,-97.49174773693086,25.843023935993774,-97.49174773693086,True,True,True,MATAMOROS
UNIDAD MATAMOROS 3,03/03/2020,2020.0,HOMICIDIO,CULPOSO,MATAMOROS,25.852301046404836,-97.5289821624756,25.85230104640484,-97.5289821624756,True,True,True,MATAMOROS
UNIDAD MATAMOROS 1A.,03/03/2023,2023.0,LESIONES,CULPOSO,MATAMOROS,25.832102650459856,-97.47916281223299,25.832102650459856,-97.479162812233,True,True,True,MATAMOROS
UNIDAD MATAMOROS 2A.,03/04/2019,2019.0,HOMICIDIO,CULPOSO,MATAMOROS,25.843556092009717,-97.50757571847404,25.84355609200972,-97.50757571847404,True,True,True,MATAMOROS
UNIDAD MATAMOROS 1A.,03/04/2022,2022.0,LESIONES,CULPOSO,MATAMOROS,25.834999641401566,-97.50624239444734,25.834999641401566,-97.50624239444734,True,True,True,MATAMOROS
UNIDAD MATAMOROS 1A.,03/06/2021,2021.0,LESIONES,CULPOSO,MATAMOROS,25.836873716833157,-97.54385439860928,25.83687371683316,-97.54385439860928,True,True,True,MATAMOROS
UNIDAD MATAMOROS 1A.,03/08/2019,2019.0,HOMICIDIO,CULPOSO,MATAMOROS,25.863411905401804,-97.49906849786008,25.863411905401804,-97.49906849786008,True,True,True,MATAMOROS
UNIDAD MATAMOROS 2A.,03/09/2020,2020.0,LESIONES,CULPOSO,MATAMOROS,25.843451838070894,-97.50162366765828,25.84345183807089,-97.50162366765828,True,True,True,MATAMOROS
UNIDAD MATAMOROS 2A.,03/10/2021,2021.0,HOMICIDIO,CULPOSO,MATAMOROS,25.851655029416797,-97.65003614382343,25.8516550294168,-97.65003614382344,True,False,False,MATAMOROS
UNIDAD MATAMOROS 2A.,03/11/2019,2019.0,HOMICIDIO,CULPOSO,MATAMOROS,25.790393873449016,-97.52905965368159,25.790393873449016,-97.5290596536816,True,True,True,MATAMOROS
UNIDAD MATAMOROS 3,03/11/2021,2021.0,LESIONES,CULPOSO,MATAMOROS,25.882421138995582,-97.50477790832521,25.882421138995586,-97.5047779083252,True,True,True,MATAMOROS
UNIDAD MATAMOROS 3,03/11/2022,2022.0,HOMICIDIO,CULPOSO,MATAMOROS,25.856647574553126,-97.47949540615083,25.85664757455313,-97.47949540615085,True,True,True,MATAMOROS
UNIDAD MATAMOROS 3,03/12/2019,2019.0,LESIONES,CULPOSO,MATAMOROS,25.83405329882649,-97.51907408237457,25.83405329882649,-97.51907408237456,True,True,True,MATAMOROS
UNIDAD MATAMOROS 3,03/12/2019,2019.0,LESIONES,CULPOSO,MATAMOROS,25.82625292677222,-97.51303208165861,25.82625292677222,-97.5130320816586,True,True,True,MATAMOROS
UNIDAD MATAMOROS 3,03/12/2020,2020.0,LESIONES,CULPOSO,MATAMOROS,25.842856768740745,-97.55671100513037,25.842856768740745,-97.55671100513035,True,True,True,MATAMOROS
UNIDAD MATAMOROS 1A.,04/02/2020,2020.0,LESIONES,CULPOSO,MATAMOROS,25.882266696569715,-97.51198768615723,25.882266696569715,-97.51198768615724,True,True,True,MATAMOROS
UNIDAD MATAMOROS 2A.,04/05/2020,2020.0,HOMICIDIO,CULPOSO,MATAMOROS,25.864813401652675,-97.52177238464357,25.864813401652675,-97.52177238464355,True,True,True,MATAMOROS
UNIDAD MATAMOROS 1A.,04/05/2023,2023.0,LESIONES,CULPOSO,MATAMOROS,25.849682927754962,-97.50126061222674,25.84968292775496,-97.50126061222674,True,True,True,MATAMOROS
UNIDAD MATAMOROS 2A.,04/06/2021,2021.0,LESIONES,CULPOSO,MATAMOROS,25.82443367084032,-97.51534153983172,25.82443367084032,-97.51534153983172,True,True,True,MATAMOROS
UNIDAD MATAMOROS 1A.,04/07/2019,2019.0,LESIONES,CULPOSO,MATAMOROS,25.842691894997,-97.5404319757945,25.842691894997,-97.5404319757945,True,True,True,MATAMOROS
UNIDAD MATAMOROS 1A.,04/07/2022,2022.0,LESIONES,CULPOSO,MATAMOROS,25.827265121064553,-97.52172190117265,25.82726512106456,-97.52172190117264,True,True,True,MATAMOROS
UNIDAD MATAMOROS 2A.,04/08/2022,2022.0,HOMICIDIO,CULPOSO,MATAMOROS,25.830611276015173,-97.52638578414918,25.830611276015173,-97.52638578414918,True,True,True,MATAMOROS
UNIDAD MATAMOROS 2A.,04/10/2020,2020.0,HOMICIDIO,CULPOSO,MATAMOROS,25.84639202884761,-97.4921591047774,25.84639202884761,-97.4921591047774,True,True,True,MATAMOROS
UNIDAD MATAMOROS 2A.,04/10/2021,2021.0,LESIONES,CULPOSO,MATAMOROS,25.83947880065059,-97.54767117758757,25.83947880065059,-97.54767117758756,True,True,True,MATAMOROS
UNIDAD MATAMOROS 3,04/11/2022,2022.0,LESIONES,CULPOSO,MATAMOROS,25.8712331932067,-97.4987268447876,25.8712331932067,-97.4987268447876,True,True,True,MATAMOROS
UNIDAD MATAMOROS 3,04/12/2020,2020.0,LESIONES,CULPOSO,MATAMOROS,25.869389403726323,-97.49654842145873,25.869389403726323,-97.49654842145873,True,True,True,MATAMOROS
UNIDAD MATAMOROS 3,04/12/2021,2021.0,HOMICIDIO,CULPOSO,MATAMOROS,25.87202086071244,-97.5038579106331,25.87202086071244,-97.5038579106331,True,True,True,MATAMOROS
UNIDAD MATAMOROS 3,04/12/2022,2022.0,HOMICIDIO,CULPOSO,MATAMOROS,25.882897737395698,-97.50483155250551,25.88289773739569,-97.50483155250552,True,True,True,MATAMOROS
UNIDAD MATAMOROS 3,04/12/2022,2022.0,LESIONES,CULPOSO,MATAMOROS,25.890136970226802,-97.50264286994936,25.8901369702268,-97.50264286994936,True,True,True,MATAMOROS
UNIDAD MATAMOROS 1A.,05/01/2022,2022.0,HOMICIDIO,CULPOSO,MATAMOROS,25.913368288819175,-97.56490230560304,25.91336828881917,-97.56490230560304,True,False,True,MATAMOROS
UNIDAD MATAMOROS 1A.,05/02/2022,2022.0,LESIONES,CULPOSO,MATAMOROS,25.865740190094343,-97.54855155944824,25.865740190094343,-97.54855155944824,True,True,True,MATAMOROS
UNIDAD MATAMOROS 2A.,05/02/2023,2023.0,LESIONES,CULPOSO,MATAMOROS,25.85998022696748,-97.51077532768251,25.85998022696748,-97.51077532768252,True,True,True,MATAMOROS
UNIDAD MATAMOROS 1A.,05/03/2023,2023.0,LESIONES,CULPOSO,MATAMOROS,25.856643350599466,-97.51685857772827,25.856643350599462,-97.51685857772829,True,True,True,MATAMOROS
UNIDAD MATAMOROS 1A.,05/03/2023,2023.0,HOMICIDIO,CULPOSO,MATAMOROS,25.854426960949525,-97.52707779407503,25.854426960949525,-97.52707779407504,True,True,True,MATAMOROS
UNIDAD MATAMOROS 1A.,05/05/2023,2023.0,LESIONES,CULPOSO,MATAMOROS,25.8751315792676,-97.5117196242297,25.8751315792676,-97.5117196242297,True,True,True,MATAMOROS
UNIDAD MATAMOROS 1A.,05/05/2023,2023.0,HOMICIDIO,CULPOSO,MATAMOROS,25.8326126467167,-97.3735427856445,25.8326126467167,-97.3735427856445,True,False,False,MATAMOROS
UNIDAD MATAMOROS 1A.,05/06/2022,2022.0,HOMICIDIO,CULPOSO,MATAMOROS,25.81697739578291,-97.48177282691081,25.81697739578291,-97.4817728269108,True,True,True,MATAMOROS
UNIDAD MATAMOROS 1A.,05/07/2019,2019.0,HOMICIDIO,CULPOSO,MATAMOROS,25.837678389604818,-97.709525227574,25.83767838960481,-97.709525227574,True,False,False,MATAMOROS
UNIDAD MATAMOROS 1A.,05/07/2021,2021.0,LESIONES,CULPOSO,MATAMOROS,25.801311102643794,-97.4824619293213,25.8013111026438,-97.4824619293213,True,True,True,MATAMOROS
UNIDAD MATAMOROS 1A.,05/07/2022,2022.0,LESIONES,CULPOSO,MATAMOROS,25.841641328975275,-97.52812385559083,25.841641328975275,-97.52812385559083,True,True,True,MATAMOROS
UNIDAD MATAMOROS 2A.,05/07/2023,2023.0,HOMICIDIO,CULPOSO,MATAMOROS,25.83893158961061,-97.35979914665222,25.83893158961061,-97.35979914665222,True,False,False,MATAMOROS
ATENCION INMEDIATA EN MATAMOROS,05/07/2023,2023.0,LESIONES,CULPOSO,MATAMOROS,25.83566895693185,-97.42316901683807,25.83566895693185,-97.42316901683807,True,True,True,MATAMOROS
UNIDAD MATAMOROS 2A.,05/08/2020,2020.0,HOMICIDIO,CULPOSO,MATAMOROS,25.490183333824813,-97.77090938211612,25.490183333824813,-97.77090938211612,True,False,False,MATAMOROS
UNIDAD MATAMOROS 2A.,05/10/2019,2019.0,HOMICIDIO,CULPOSO,MATAMOROS,25.86813534687417,-97.49780274927943,25.86813534687417,-97.49780274927944,True,True,True,MATAMOROS
UNIDAD MATAMOROS 3,05/10/2021,2021.0,HOMICIDIO,CULPOSO,MATAMOROS,25.83027087063445,-97.51134395599367,25.83027087063445,-97.51134395599368,True,True,True,MATAMOROS
UNIDAD MATAMOROS 3,05/10/2022,2022.0,HOMICIDIO,CULPOSO,MATAMOROS,25.943975986266,-97.7738595002067,25.943975986266,-97.7738595002067,True,True,False,MATAMOROS
UNIDAD MATAMOROS 3,05/11/2021,2021.0,LESIONES,CULPOSO,MATAMOROS,25.919018295346536,-97.5784206390381,25.919018295346536,-97.5784206390381,True,False,True,MATAMOROS
UNIDAD MATAMOROS 3,05/11/2021,2021.0,LESIONES,CULPOSO,MATAMOROS,25.82775280610157,-97.51939058303834,25.82775280610157,-97.51939058303834,True,True,True,MATAMOROS
UNIDAD MATAMOROS 3,05/11/2022,2022.0,LESIONES,CULPOSO,MATAMOROS,25.880258926652974,-97.50494956970215,25.88025892665297,-97.50494956970216,True,True,True,MATAMOROS
UNIDAD MATAMOROS 3,05/11/2023,2023.0,HOMICIDIO,CULPOSO,MATAMOROS,25.84057675280486,-97.53368139266969,25.84057675280486,-97.53368139266968,True,True,True,MATAMOROS
UNIDAD MATAMOROS 3,05/12/2020,2020.0,LESIONES,CULPOSO,MATAMOROS,25.821278744121848,-97.50548400835106,25.821278744121848,-97.50548400835106,True,True,True,MATAMOROS
UNIDAD MATAMOROS 3,05/12/2021,2021.0,LESIONES,CULPOSO,MATAMOROS,25.868820683689297,-97.49429851770402,25.868820683689297,-97.49429851770402,True,True,True,MATAMOROS
UNIDAD MATAMOROS 3,06/01/2019,2019.0,LESIONES,CULPOSO,MATAMOROS,25.811334581620432,-97.51964807510376,25.811334581620432,-97.51964807510376,True,True,True,MATAMOROS
UNIDAD MATAMOROS 1A.,06/01/2021,2021.0,HOMICIDIO,CULPOSO,MATAMOROS,25.86771140149625,-97.47421681880952,25.86771140149625,-97.47421681880952,True,True,True,MATAMOROS
UNIDAD MATAMOROS 1A.,06/03/2021,2021.0,HOMICIDIO,CULPOSO,MATAMOROS,25.858298525460693,-97.50531971454622,25.858298525460693,-97.50531971454622,True,True,True,MATAMOROS
UNIDAD MATAMOROS 1A.,06/04/2022,2022.0,HOMICIDIO,CULPOSO,MATAMOROS,25.85107966918602,-97.50629982029287,25.85107966918602,-97.50629982029288,True,True,True,MATAMOROS
UNIDAD MATAMOROS 2A.,06/05/2019,2019.0,LESIONES,CULPOSO,MATAMOROS,25.84280094568847,-97.5145009160042,25.84280094568847,-97.5145009160042,True,True,True,MATAMOROS
UNIDAD MATAMOROS 1A.,06/07/2019,2019.0,HOMICIDIO,CULPOSO,MATAMOROS,25.869042217283383,-97.49620914470144,25.869042217283383,-97.49620914470144,True,True,True,MATAMOROS
UNIDAD MATAMOROS 1A.,06/07/2020,2020.0,LESIONES,CULPOSO,MATAMOROS,25.848464694018308,-97.490790923657,25.848464694018308,-97.490790923657,True,True,True,MATAMOROS
UNIDAD MATAMOROS 2A.,06/07/2023,2023.0,LESIONES,CULPOSO,MATAMOROS,25.87734525101928,-97.51405051937631,25.87734525101928,-97.51405051937633,True,True,True,MATAMOROS
UNIDAD MATAMOROS 1A.,06/08/2019,2019.0,LESIONES,CULPOSO,MATAMOROS,25.87438986503438,-97.51112937927248,25.87438986503438,-97.51112937927248,True,True,True,MATAMOROS
UNIDAD MATAMOROS 2A.,06/08/2022,2022.0,HOMICIDIO,CULPOSO,MATAMOROS,25.50098341074997,-97.45611190795898,25.50098341074997,-97.45611190795898,True,False,False,MATAMOROS
UNIDAD MATAMOROS 2A.,06/08/2023,2023.0,HOMICIDIO,CULPOSO,MATAMOROS,25.87225254437185,-97.50370234251024,25.87225254437185,-97.50370234251024,True,True,True,MATAMOROS
UNIDAD MATAMOROS 2A.,06/09/2019,2019.0,LESIONES,CULPOSO,MATAMOROS,25.857555117671613,-97.48140513896942,25.857555117671613,-97.48140513896942,True,True,True,MATAMOROS
UNIDAD MATAMOROS 3,06/10/2020,2020.0,HOMICIDIO,CULPOSO,MATAMOROS,25.852317942839147,-97.50089406967165,25.852317942839147,-97.50089406967165,True,True,True,MATAMOROS
UNIDAD MATAMOROS 3,06/10/2022,2022.0,LESIONES,CULPOSO,MATAMOROS,25.848063588027507,-97.50095725733584,25.848063588027507,-97.50095725733584,True,True,True,MATAMOROS
UNIDAD MATAMOROS 3,06/10/2022,2022.0,LESIONES,CULPOSO,MATAMOROS,25.8482929161114,-97.4827292891134,25.8482929161114,-97.4827292891134,True,True,True,MATAMOROS
UNIDAD MATAMOROS 3,06/11/2022,2022.0,LESIONES,CULPOSO,MATAMOROS,25.872221472240792,-97.5036942958832,25.872221472240792,-97.5036942958832,True,True,True,MATAMOROS
UNIDAD MATAMOROS 3,06/12/2019,2019.0,LESIONES,CULPOSO,MATAMOROS,25.871765042810726,-97.50408858060838,25.87176504281073,-97.50408858060838,True,True,True,MATAMOROS
UNIDAD MATAMOROS 3,06/12/2019,2019.0,LESIONES,CULPOSO,MATAMOROS,25.867643824545304,-97.52383768558504,25.867643824545304,-97.52383768558504,True,True,True,MATAMOROS
UNIDAD MATAMOROS 1A.,07/03/2019,2019.0,HOMICIDIO,CULPOSO,MATAMOROS,25.83397516698911,-97.47994694816299,25.83397516698911,-97.479946948163,True,True,True,MATAMOROS
UNIDAD MATAMOROS 1A.,07/03/2022,2022.0,LESIONES,CULPOSO,MATAMOROS,25.83413055156527,-97.51787245273592,25.83413055156527,-97.51787245273592,True,True,True,MATAMOROS
UNIDAD MATAMOROS 1A.,07/05/2019,2019.0,HOMICIDIO,CULPOSO,MATAMOROS,25.86649846571197,-97.49199451627642,25.86649846571197,-97.49199451627642,True,True,True,MATAMOROS
UNIDAD MATAMOROS 1A.,07/05/2019,2019.0,HOMICIDIO,CULPOSO,MATAMOROS,25.867414051545566,-97.49164733279798,25.86741405154557,-97.49164733279798,True,True,True,MATAMOROS
UNIDAD MATAMOROS 2A.,07/06/2023,2023.0,HOMICIDIO,CULPOSO,MATAMOROS,25.834133569249342,-97.39521503448488,25.834133569249342,-97.39521503448488,True,False,False,MATAMOROS
UNIDAD MATAMOROS 2A.,07/06/2023,2023.0,LESIONES,CULPOSO,MATAMOROS,25.956559109817576,-97.66313552856447,25.956559109817576,-97.66313552856448,True,False,False,MATAMOROS
UNIDAD MATAMOROS 2A.,07/09/2019,2019.0,HOMICIDIO,CULPOSO,MATAMOROS,25.73378240214111,-97.56012559901541,25.73378240214111,-97.5601255990154,True,False,False,MATAMOROS
UNIDAD MATAMOROS 3,07/10/2019,2019.0,LESIONES,CULPOSO,MATAMOROS,25.84160994704832,-97.53092731481112,25.84160994704832,-97.53092731481112,True,True,True,MATAMOROS
UNIDAD MATAMOROS 3,07/10/2021,2021.0,LESIONES,CULPOSO,MATAMOROS,25.85080811621272,-97.49107718467714,25.85080811621272,-97.49107718467714,True,True,True,MATAMOROS
UNIDAD MATAMOROS 3,07/10/2021,2021.0,LESIONES,CULPOSO,MATAMOROS,25.83543599451674,-97.52294182777406,25.83543599451674,-97.52294182777406,True,True,True,MATAMOROS
UNIDAD VALLE HERMOSO 1A.,07/11/2022,2022.0,LESIONES,CULPOSO,MATAMOROS,25.681475751564218,-97.77737617492677,25.68147575156421,-97.77737617492676,True,False,False,MATAMOROS
UNIDAD MATAMOROS 3,07/11/2023,2023.0,HOMICIDIO,CULPOSO,MATAMOROS,25.89116007933194,-97.51554429531099,25.89116007933194,-97.515544295311,True,False,True,MATAMOROS
UNIDAD MATAMOROS 1A.,08/01/2023,2023.0,HOMICIDIO,CULPOSO,MATAMOROS,25.830208100741046,-97.47593879699708,25.830208100741046,-97.47593879699708,True,True,True,MATAMOROS
UNIDAD MATAMOROS 1A.,08/01/2023,2023.0,LESIONES,CULPOSO,MATAMOROS,25.82603063416459,-97.53284964139591,25.82603063416459,-97.53284964139591,True,True,True,MATAMOROS
UNIDAD MATAMOROS 1A.,08/02/2020,2020.0,HOMICIDIO,CULPOSO,MATAMOROS,25.876706634721717,-97.5260639190674,25.87670663472172,-97.5260639190674,True,True,True,MATAMOROS
UNIDAD MATAMOROS 1A.,08/02/2020,2020.0,HOMICIDIO,CULPOSO,MATAMOROS,25.872845326666372,-97.5125026702881,25.87284532666637,-97.5125026702881,True,True,True,MATAMOROS
UNIDAD MATAMOROS 1A.,08/04/2019,2019.0,LESIONES,CULPOSO,MATAMOROS,25.87279360401374,-97.48415532558843,25.87279360401374,-97.48415532558845,True,True,True,MATAMOROS
UNIDAD MATAMOROS 1A.,08/04/2019,2019.0,HOMICIDIO,CULPOSO,MATAMOROS,25.867041773532982,-97.49600475625219,25.867041773532986,-97.4960047562522,True,True,True,MATAMOROS
UNIDAD MATAMOROS 2A.,08/04/2019,2019.0,LESIONES,CULPOSO,MATAMOROS,25.845779747652603,-97.47269600629808,25.845779747652603,-97.47269600629808,True,True,True,MATAMOROS
UNIDAD MATAMOROS 2A.,08/04/2019,2019.0,HOMICIDIO,CULPOSO,MATAMOROS,25.869249252135447,-97.49549029099224,25.869249252135447,-97.49549029099224,True,True,True,MATAMOROS
UNIDAD MATAMOROS 1A.,08/05/2019,2019.0,LESIONES,CULPOSO,MATAMOROS,25.78910116440293,-97.52923125153993,25.78910116440293,-97.52923125153993,True,True,True,MATAMOROS
UNIDAD MATAMOROS 1A.,08/05/2021,2021.0,HOMICIDIO,CULPOSO,MATAMOROS,25.8892068084506,-97.55557086316682,25.8892068084506,-97.55557086316682,True,True,True,MATAMOROS
UNIDAD MATAMOROS 1A.,08/05/2023,2023.0,LESIONES,CULPOSO,MATAMOROS,25.8810894274764,-97.5116379260362,25.8810894274764,-97.5116379260362,True,True,True,MATAMOROS
UNIDAD MATAMOROS 2A.,08/05/2023,2023.0,LESIONES,CULPOSO,MATAMOROS,25.826362174157826,-97.53269433975221,25.826362174157826,-97.5326943397522,True,True,True,MATAMOROS
UNIDAD MATAMOROS 1A.,08/07/2019,2019.0,LESIONES,CULPOSO,MATAMOROS,25.888886703237958,-97.52904440615298,25.88888670323796,-97.52904440615298,True,True,True,MATAMOROS
UNIDAD MATAMOROS 3,08/08/2023,2023.0,HOMICIDIO,CULPOSO,MATAMOROS,25.492011210801877,-97.77147681029867,25.49201121080188,-97.77147681029868,True,False,False,MATAMOROS
UNIDAD MATAMOROS 3,08/09/2021,2021.0,LESIONES,CULPOSO,MATAMOROS,25.881803368080195,-97.50546455383302,25.881803368080195,-97.50546455383302,True,True,True,MATAMOROS
UNIDAD MATAMOROS 3,08/09/2021,2021.0,LESIONES,CULPOSO,MATAMOROS,25.88164892484639,-97.50546455383302,25.88164892484639,-97.50546455383302,True,True,True,MATAMOROS
UNIDAD MATAMOROS 3,08/09/2022,2022.0,LESIONES,CULPOSO,MATAMOROS,24.832077726455076,-98.12026977539064,24.83207772645508,-98.12026977539064,True,False,False,MATAMOROS
UNIDAD MATAMOROS 3,08/10/2022,2022.0,LESIONES,CULPOSO,MATAMOROS,25.8246731360619,-97.4896340750618,25.8246731360619,-97.4896340750618,True,True,True,MATAMOROS
UNIDAD MATAMOROS 3,08/10/2023,2023.0,HOMICIDIO,CULPOSO,MATAMOROS,25.83227948964751,-97.39384174346925,25.83227948964751,-97.39384174346924,True,False,False,MATAMOROS
UNIDAD MATAMOROS 3,08/11/2020,2020.0,HOMICIDIO,CULPOSO,MATAMOROS,25.86888916500639,-97.49668300151826,25.86888916500639,-97.49668300151826,True,True,True,MATAMOROS
UNIDAD MATAMOROS 3,08/11/2021,2021.0,LESIONES,CULPOSO,MATAMOROS,25.86963431157385,-97.49624848365784,25.86963431157385,-97.49624848365784,True,True,True,MATAMOROS
UNIDAD MATAMOROS 2A.,08/11/2021,2021.0,HOMICIDIO,CULPOSO,MATAMOROS,25.85609634732337,-97.51400202512743,25.85609634732337,-97.51400202512744,True,True,True,MATAMOROS
UNIDAD MATAMOROS 3,08/12/2020,2020.0,HOMICIDIO,CULPOSO,MATAMOROS,25.894775878549268,-97.51095771789552,25.894775878549268,-97.51095771789552,True,False,True,MATAMOROS
UNIDAD MATAMOROS 3,08/12/2020,2020.0,HOMICIDIO,CULPOSO,MATAMOROS,25.86434216073194,-97.52068340778352,25.86434216073194,-97.52068340778352,True,True,True,MATAMOROS
UNIDAD MATAMOROS 3,08/12/2023,2023.0,HOMICIDIO,CULPOSO,MATAMOROS,25.82673246772301,-97.53057271242143,25.82673246772301,-97.53057271242145,True,True,True,MATAMOROS
UNIDAD MATAMOROS 1A.,09/01/2022,2022.0,HOMICIDIO,CULPOSO,MATAMOROS,25.84735752879686,-97.53584861755373,25.84735752879686,-97.53584861755373,True,True,True,MATAMOROS
UNIDAD MATAMOROS 1A.,09/01/2023,2023.0,HOMICIDIO,CULPOSO,MATAMOROS,25.967232,97.685400,25.967232,-97.6854,True,False,False,MATAMOROS
UNIDAD MATAMOROS 1A.,09/01/2023,2023.0,LESIONES,CULPOSO,MATAMOROS,25.845400999240717,-97.54416209614352,25.84540099924072,-97.54416209614352,True,True,True,MATAMOROS
UNIDAD MATAMOROS 1A.,09/02/2019,2019.0,HOMICIDIO,CULPOSO,MATAMOROS,25.89436845379807,-97.50073111433709,25.89436845379807,-97.50073111433709,True,True,True,MATAMOROS
UNIDAD MATAMOROS 3,09/02/2020,2020.0,HOMICIDIO,CULPOSO,MATAMOROS,25.854154812228614,-97.53876686096193,25.85415481222861,-97.53876686096191,True,True,True,MATAMOROS
UNIDAD MATAMOROS 1A.,09/03/2020,2020.0,HOMICIDIO,CULPOSO,MATAMOROS,25.872143311935517,-97.50376975386858,25.87214331193552,-97.50376975386858,True,True,True,MATAMOROS
UNIDAD MATAMOROS 1A.,09/03/2023,2023.0,LESIONES,CULPOSO,MATAMOROS,25.893727278289525,-97.50029636954416,25.893727278289525,-97.50029636954416,True,True,True,MATAMOROS
ATENCION INMEDIATA EN MATAMOROS,09/03/2023,2023.0,LESIONES,CULPOSO,MATAMOROS,25.823927435826526,-97.5030223673505,25.823927435826526,-97.5030223673505,True,True,True,MATAMOROS
UNIDAD MATAMOROS 1A.,09/04/2020,2020.0,HOMICIDIO,CULPOSO,MATAMOROS,25.81803022148611,-97.5252694985514,25.81803022148611,-97.5252694985514,True,True,True,MATAMOROS
UNIDAD MATAMOROS 1A.,09/04/2021,2021.0,LESIONES,CULPOSO,MATAMOROS,25.850039316190998,-97.4776339530945,25.850039316191,-97.4776339530945,True,True,True,MATAMOROS
UNIDAD MATAMOROS 1A.,09/05/2020,2020.0,HOMICIDIO,CULPOSO,MATAMOROS,25.712811821435952,-97.56941233009749,25.712811821435952,-97.56941233009748,True,False,False,MATAMOROS
UNIDAD 1 ADOLESCENTES MATAMOROS,09/05/2022,2022.0,HOMICIDIO,CULPOSO,MATAMOROS,25.782667487917504,-97.52747961532783,25.782667487917504,-97.52747961532783,True,True,True,MATAMOROS
UNIDAD MATAMOROS 2A.,09/05/2023,2023.0,HOMICIDIO,CULPOSO,MATAMOROS,25.872315291951423,-97.5038579106331,25.872315291951423,-97.5038579106331,True,True,True,MATAMOROS
UNIDAD MATAMOROS 1A.,09/06/2019,2019.0,LESIONES,CULPOSO,MATAMOROS,25.819547268390636,-97.15321721710899,25.81954726839064,-97.153217217109,True,False,False,MATAMOROS
UNIDAD MATAMOROS 1A.,09/06/2019,2019.0,HOMICIDIO,CULPOSO,MATAMOROS,26.024914979491303,-97.76440143607036,26.024914979491303,-97.76440143607036,True,False,False,MATAMOROS
UNIDAD MATAMOROS 2A.,09/06/2022,2022.0,LESIONES,CULPOSO,MATAMOROS,25.8516831180052,-97.53979682922365,25.8516831180052,-97.53979682922365,True,True,True,MATAMOROS
UNIDAD MATAMOROS 2A.,09/06/2023,2023.0,HOMICIDIO,CULPOSO,MATAMOROS,25.84599699931783,-97.4914661049843,25.84599699931783,-97.4914661049843,True,True,True,MATAMOROS
UNIDAD MATAMOROS 2A.,09/07/2019,2019.0,LESIONES,CULPOSO,MATAMOROS,25.842893479413235,-97.49312687156477,25.842893479413235,-97.49312687156475,True,True,True,MATAMOROS
UNIDAD MATAMOROS 2A.,09/07/2023,2023.0,HOMICIDIO,CULPOSO,MATAMOROS,25.925931376865254,-97.59225703131422,25.92593137686525,-97.59225703131422,True,False,True,MATAMOROS
UNIDAD MATAMOROS 3,09/10/2022,2022.0,LESIONES,CULPOSO,MATAMOROS,25.857864944616466,-97.47764501821396,25.857864944616463,-97.47764501821396,True,True,True,MATAMOROS
UNIDAD MATAMOROS 3,09/10/2022,2022.0,LESIONES,CULPOSO,MATAMOROS,25.87182296389358,-97.50394374132158,25.87182296389358,-97.50394374132158,True,True,True,MATAMOROS
UNIDAD MATAMOROS 3,09/10/2023,2023.0,HOMICIDIO,CULPOSO,MATAMOROS,25.835938130550208,-97.48738646507265,25.835938130550208,-97.48738646507265,True,True,True,MATAMOROS
UNIDAD MATAMOROS 3,09/11/2019,2019.0,HOMICIDIO,CULPOSO,MATAMOROS,25.85605290073294,-97.51510173082353,25.85605290073294,-97.51510173082352,True,True,True,MATAMOROS
UNIDAD MATAMOROS 3,09/11/2022,2022.0,LESIONES,CULPOSO,MATAMOROS,25.858897110153023,-97.48286426067354,25.858897110153023,-97.48286426067354,True,True,True,MATAMOROS
UNIDAD MATAMOROS 3,09/11/2022,2022.0,LESIONES,CULPOSO,MATAMOROS,25.846675606463336,-97.45721697807313,25.846675606463336,-97.45721697807312,True,True,True,MATAMOROS
UNIDAD MATAMOROS 3,09/12/2019,2019.0,HOMICIDIO,CULPOSO,MATAMOROS,25.86433556349939,-97.52405546274406,25.86433556349939,-97.52405546274406,True,True,True,MATAMOROS
UNIDAD MATAMOROS 3,09/12/2020,2020.0,HOMICIDIO,CULPOSO,MATAMOROS,25.889061972215334,-97.4989414215088,25.88906197221533,-97.4989414215088,True,True,True,MATAMOROS
UNIDAD VALLE HERMOSO 1A.,09/12/2020,2020.0,HOMICIDIO,CULPOSO,MATAMOROS,25.87046090591195,-97.53284454345703,25.87046090591195,-97.53284454345705,True,True,True,MATAMOROS
UNIDAD MATAMOROS 3,09/12/2022,2022.0,LESIONES,CULPOSO,MATAMOROS,25.855566237486567,-97.49776661396028,25.855566237486567,-97.49776661396028,True,True,True,MATAMOROS
ATENCION INMEDIATA EN MATAMOROS,10/02/2021,2021.0,LESIONES,CULPOSO,MATAMOROS,25.824143460220046,-97.50958860371459,25.824143460220046,-97.5095886037146,True,True,True,MATAMOROS
UNIDAD MATAMOROS 1A.,10/02/2022,2022.0,LESIONES,CULPOSO,MATAMOROS,25.865291724388733,-97.48719889053459,25.865291724388733,-97.4871988905346,True,True,True,MATAMOROS
UNIDAD MATAMOROS 1A.,10/03/2020,2020.0,LESIONES,CULPOSO,MATAMOROS,25.85273643054021,-97.53353387117387,25.85273643054021,-97.53353387117389,True,True,True,MATAMOROS
UNIDAD MATAMOROS 1A.,10/04/2020,2020.0,HOMICIDIO,CULPOSO,MATAMOROS,25.841364926332474,-97.4656927585602,25.841364926332474,-97.4656927585602,True,True,True,MATAMOROS
UNIDAD MATAMOROS 1A.,10/04/2022,2022.0,LESIONES,CULPOSO,MATAMOROS,25.829295519299805,-97.5109367494379,25.829295519299805,-97.5109367494379,True,True,True,MATAMOROS
UNIDAD MATAMOROS 1A.,10/05/2019,2019.0,HOMICIDIO,CULPOSO,MATAMOROS,25.872502905283305,-97.47172999119393,25.872502905283305,-97.47172999119393,True,True,True,MATAMOROS
UNIDAD MATAMOROS 1A.,10/05/2019,2019.0,LESIONES,CULPOSO,MATAMOROS,25.868730274979445,-97.49652095124188,25.868730274979445,-97.49652095124188,True,True,True,MATAMOROS
UNIDAD MATAMOROS 2A.,10/05/2021,2021.0,HOMICIDIO,CULPOSO,MATAMOROS,25.853012244390385,-97.63745835174868,25.853012244390385,-97.63745835174868,True,False,False,MATAMOROS
UNIDAD MATAMOROS 2A.,10/06/2022,2022.0,LESIONES,CULPOSO,MATAMOROS,25.84715838374306,-97.4570667743683,25.84715838374306,-97.4570667743683,True,True,True,MATAMOROS
UNIDAD MATAMOROS 2A.,10/07/2022,2022.0,HOMICIDIO,CULPOSO,MATAMOROS,25.81183681988082,-97.51046419143678,25.81183681988082,-97.51046419143678,True,True,True,MATAMOROS
UNIDAD MATAMOROS 2A.,10/07/2022,2022.0,LESIONES,CULPOSO,MATAMOROS,25.84741304796421,-97.50226736068727,25.84741304796421,-97.50226736068728,True,True,True,MATAMOROS
UNIDAD MATAMOROS 2A.,10/07/2022,2022.0,LESIONES,CULPOSO,MATAMOROS,25.86637493944276,-97.58732557296753,25.86637493944276,-97.58732557296752,True,True,True,MATAMOROS
UNIDAD MATAMOROS 2A.,10/07/2022,2022.0,HOMICIDIO,CULPOSO,MATAMOROS,25.82343841379218,-97.15124130249025,25.82343841379218,-97.15124130249023,True,False,False,MATAMOROS
UNIDAD MATAMOROS 1A.,10/08/2020,2020.0,HOMICIDIO,CULPOSO,MATAMOROS,25.833733697146823,-97.48718977624243,25.833733697146823,-97.48718977624245,True,True,True,MATAMOROS
UNIDAD MATAMOROS 3,10/08/2023,2023.0,LESIONES,CULPOSO,MATAMOROS,25.859522241737157,-97.46448861628454,25.85952224173716,-97.46448861628454,True,True,True,MATAMOROS
UNIDAD MATAMOROS 1A.,11/01/2020,2020.0,LESIONES,CULPOSO,MATAMOROS,25.86697589671039,-97.52554893493652,25.86697589671039,-97.52554893493652,True,True,True,MATAMOROS
UNIDAD MATAMOROS 1A.,11/04/2020,2020.0,HOMICIDIO,CULPOSO,MATAMOROS,25.811901524959058,-97.51952729211891,25.81190152495905,-97.51952729211892,True,True,True,MATAMOROS
UNIDAD MATAMOROS 1A.,11/04/2021,2021.0,LESIONES,CULPOSO,MATAMOROS,25.852235967492245,-97.4642422235855,25.852235967492245,-97.4642422235855,True,True,True,MATAMOROS
UNIDAD MATAMOROS 1A.,11/04/2022,2022.0,HOMICIDIO,CULPOSO,MATAMOROS,25.81322520783836,-97.51866496467963,25.81322520783836,-97.51866496467964,True,True,True,MATAMOROS
UNIDAD MATAMOROS 2A.,11/05/2020,2020.0,HOMICIDIO,CULPOSO,MATAMOROS,25.246472766854737,-97.44253146171165,25.246472766854737,-97.44253146171164,True,False,False,MATAMOROS
UNIDAD MATAMOROS 2A.,11/05/2021,2021.0,HOMICIDIO,CULPOSO,MATAMOROS,25.826293874119546,-97.53283938973779,25.826293874119543,-97.5328393897378,True,True,True,MATAMOROS
UNIDAD MATAMOROS 2A.,11/05/2022,2022.0,HOMICIDIO,CULPOSO,MATAMOROS,25.836246144118245,-97.50900720585666,25.836246144118245,-97.50900720585666,True,True,True,MATAMOROS
UNIDAD MATAMOROS 1A.,11/06/2019,2019.0,HOMICIDIO,CULPOSO,MATAMOROS,25.846379502188366,-97.45597600947805,25.84637950218837,-97.45597600947804,True,True,True,MATAMOROS
UNIDAD MATAMOROS 2A.,11/06/2021,2021.0,LESIONES,CULPOSO,MATAMOROS,25.836446032718353,-97.54140192231955,25.83644603271836,-97.54140192231957,True,True,True,MATAMOROS
UNIDAD MATAMOROS 2A.,11/07/2020,2020.0,HOMICIDIO,CULPOSO,MATAMOROS,25.868590720892403,-97.49594126701864,25.868590720892403,-97.49594126701864,True,True,True,MATAMOROS
UNIDAD MATAMOROS 2A.,11/07/2020,2020.0,HOMICIDIO,CULPOSO,MATAMOROS,25.870234360769455,-97.54934426032555,25.87023436076945,-97.54934426032555,True,True,True,MATAMOROS
UNIDAD MATAMOROS 2A.,11/07/2021,2021.0,HOMICIDIO,CULPOSO,MATAMOROS,25.847842113693723,-97.50260531902315,25.847842113693723,-97.50260531902316,True,True,True,MATAMOROS
UNIDAD MATAMOROS 3,11/07/2023,2023.0,LESIONES,CULPOSO,MATAMOROS,25.87310053889096,-97.46874116894064,25.87310053889096,-97.46874116894064,True,True,True,MATAMOROS
UNIDAD MATAMOROS 3,11/08/2020,2020.0,HOMICIDIO,CULPOSO,MATAMOROS,25.86527540175544,-97.4875881645405,25.86527540175544,-97.4875881645405,True,True,True,MATAMOROS
UNIDAD MATAMOROS 3,11/08/2021,2021.0,LESIONES,CULPOSO,MATAMOROS,25.87363449176183,-97.48535871505739,25.87363449176183,-97.4853587150574,True,True,True,MATAMOROS
UNIDAD MATAMOROS 3,11/08/2022,2022.0,HOMICIDIO,CULPOSO,MATAMOROS,25.827380403228656,-97.52840816974641,25.827380403228656,-97.5284081697464,True,True,True,MATAMOROS
UNIDAD MATAMOROS 3,11/09/2020,2020.0,LESIONES,CULPOSO,MATAMOROS,26.018252077740943,-97.70613670349123,26.018252077740943,-97.70613670349124,True,False,False,MATAMOROS
UNIDAD MATAMOROS 3,11/09/2022,2022.0,LESIONES,CULPOSO,MATAMOROS,25.832680243688763,-97.39766120910646,25.832680243688763,-97.39766120910646,True,False,False,MATAMOROS
UNIDAD MATAMOROS 3,11/10/2019,2019.0,LESIONES,CULPOSO,MATAMOROS,25.870649151405335,-97.50324147166775,25.87064915140533,-97.50324147166776,True,True,True,MATAMOROS
UNIDAD MATAMOROS 3,11/10/2020,2020.0,LESIONES,CULPOSO,MATAMOROS,25.878148559579945,-97.50622630119325,25.878148559579945,-97.50622630119324,True,True,True,MATAMOROS
UNIDAD MATAMOROS 3,11/11/2022,2022.0,HOMICIDIO,CULPOSO,MATAMOROS,25.865684076157137,-97.50238001346588,25.865684076157137,-97.50238001346588,True,True,True,MATAMOROS
UNIDAD MATAMOROS 3,11/12/2020,2020.0,LESIONES,CULPOSO,MATAMOROS,25.83364772112054,-97.52967417240144,25.83364772112054,-97.52967417240144,True,True,True,MATAMOROS
UNIDAD MATAMOROS 3,11/12/2020,2020.0,HOMICIDIO,CULPOSO,MATAMOROS,25.84167029690044,-97.5494956970215,25.84167029690044,-97.5494956970215,True,True,True,MATAMOROS
UNIDAD MATAMOROS 3,11/12/2021,2021.0,HOMICIDIO,CULPOSO,MATAMOROS,25.84725855978174,-97.48630285263063,25.84725855978174,-97.48630285263064,True,True,True,MATAMOROS
UNIDAD MATAMOROS 1A.,11/12/2023,2023.0,LESIONES,CULPOSO,MATAMOROS,25.846870528027225,-97.47925049418524,25.846870528027225,-97.47925049418524,True,True,True,MATAMOROS
UNIDAD MATAMOROS 1A.,12/01/2020,2020.0,HOMICIDIO,CULPOSO,MATAMOROS,25.857244357348257,-97.53104209899904,25.857244357348257,-97.53104209899904,True,True,True,MATAMOROS
UNIDAD MATAMOROS 1A.,12/02/2020,2020.0,HOMICIDIO,CULPOSO,MATAMOROS,25.789480107034347,-97.59214305935282,25.789480107034347,-97.59214305935282,True,False,True,MATAMOROS
UNIDAD MATAMOROS 1A.,12/03/2019,2019.0,LESIONES,CULPOSO,MATAMOROS,25.858497048340748,-97.50153779983522,25.858497048340748,-97.50153779983522,True,True,True,MATAMOROS
ATENCION INMEDIATA EN MATAMOROS,12/03/2021,2021.0,LESIONES,CULPOSO,MATAMOROS,25.82949469806672,-97.54469516522721,25.82949469806672,-97.5446951652272,True,True,True,MATAMOROS
UNIDAD MATAMOROS 1A.,12/04/2019,2019.0,LESIONES,CULPOSO,MATAMOROS,25.850578978149965,-97.49868502196341,25.850578978149965,-97.4986850219634,True,True,True,MATAMOROS
UNIDAD MATAMOROS 1A.,12/04/2019,2019.0,LESIONES,CULPOSO,MATAMOROS,25.86201851125232,-97.50696659088136,25.86201851125232,-97.50696659088136,True,True,True,MATAMOROS
UNIDAD MATAMOROS 1A.,12/04/2019,2019.0,HOMICIDIO,CULPOSO,MATAMOROS,25.865602620394398,-97.50827550888063,25.8656026203944,-97.50827550888064,True,True,True,MATAMOROS
UNIDAD MATAMOROS 1A.,12/04/2019,2019.0,LESIONES,CULPOSO,MATAMOROS,25.86529369136181,-97.50750303268434,25.86529369136181,-97.50750303268434,True,True,True,MATAMOROS
ATENCION INMEDIATA EN MATAMOROS,12/05/2020,2020.0,LESIONES,CULPOSO,MATAMOROS,25.81543451814084,-97.52430520050999,25.81543451814084,-97.52430520051,True,True,True,MATAMOROS
UNIDAD MATAMOROS 2A.,12/06/2021,2021.0,LESIONES,CULPOSO,MATAMOROS,25.667134073543632,-97.60049693888267,25.667134073543632,-97.60049693888269,True,False,False,MATAMOROS
UNIDAD MATAMOROS 2A.,12/06/2023,2023.0,LESIONES,CULPOSO,MATAMOROS,25.8066196557694,-97.51220494508745,25.8066196557694,-97.51220494508745,True,True,True,MATAMOROS
UNIDAD MATAMOROS 2A.,12/07/2019,2019.0,LESIONES,CULPOSO,MATAMOROS,25.872171394808465,-97.50373184680939,25.872171394808465,-97.5037318468094,True,True,True,MATAMOROS
UNIDAD MATAMOROS 2A.,12/07/2019,2019.0,HOMICIDIO,CULPOSO,MATAMOROS,25.866573119636087,-97.53047258026838,25.866573119636087,-97.53047258026838,True,True,True,MATAMOROS
UNIDAD MATAMOROS 2A.,12/07/2021,2021.0,HOMICIDIO,CULPOSO,MATAMOROS,25.94508318325556,-97.77317459370691,25.94508318325556,-97.77317459370693,True,True,False,MATAMOROS
UNIDAD 1 ADOLESCENTES MATAMOROS,12/08/2019,2019.0,LESIONES,CULPOSO,MATAMOROS,25.854366650686483,-97.50000604305065,25.854366650686483,-97.50000604305065,True,True,True,MATAMOROS
UNIDAD MATAMOROS 2A.,12/08/2019,2019.0,HOMICIDIO,CULPOSO,MATAMOROS,25.84730353190825,-97.45713775219517,25.84730353190825,-97.45713775219517,True,True,True,MATAMOROS
UNIDAD MATAMOROS 2A.,12/08/2019,2019.0,LESIONES,CULPOSO,MATAMOROS,25.94038788206864,-97.15075863145587,25.94038788206864,-97.15075863145589,True,False,False,MATAMOROS
ATENCION INMEDIATA EN MATAMOROS,12/09/2022,2022.0,LESIONES,CULPOSO,MATAMOROS,25.861388266372995,-97.47997500777062,25.861388266372995,-97.47997500777062,True,True,True,MATAMOROS
UNIDAD MATAMOROS 3,12/10/2020,2020.0,HOMICIDIO,CULPOSO,MATAMOROS,25.79792246307309,-97.5083774328232,25.79792246307309,-97.5083774328232,True,True,True,MATAMOROS
UNIDAD MATAMOROS 3,12/10/2020,2020.0,HOMICIDIO,CULPOSO,MATAMOROS,25.869502779970666,-97.49643087387086,25.869502779970663,-97.49643087387086,True,True,True,MATAMOROS
UNIDAD MATAMOROS 2A.,12/10/2020,2020.0,HOMICIDIO,CULPOSO,MATAMOROS,25.86917415549692,-97.49366520379127,25.86917415549692,-97.49366520379128,True,True,True,MATAMOROS
UNIDAD MATAMOROS 3,12/11/2019,2019.0,LESIONES,CULPOSO,MATAMOROS,25.244414529916572,-97.44349479675294,25.24441452991657,-97.44349479675294,True,False,False,MATAMOROS
UNIDAD MATAMOROS 3,12/12/2022,2022.0,LESIONES,CULPOSO,MATAMOROS,25.856620420562596,-97.5020205974579,25.8566204205626,-97.5020205974579,True,True,True,MATAMOROS
UNIDAD MATAMOROS 1A.,13/01/2019,2019.0,LESIONES,CULPOSO,MATAMOROS,25.809347339161743,-97.51954078674318,25.809347339161743,-97.51954078674318,True,True,True,MATAMOROS
UNIDAD MATAMOROS 1A.,13/01/2020,2020.0,LESIONES,CULPOSO,MATAMOROS,25.8226580304891,-97.5423598012185,25.8226580304891,-97.5423598012185,True,True,True,MATAMOROS
UNIDAD MATAMOROS 1A.,13/02/2019,2019.0,HOMICIDIO,CULPOSO,MATAMOROS,25.843552593333,-97.5374472141266,25.843552593333,-97.5374472141266,True,True,True,MATAMOROS
UNIDAD MATAMOROS 1A.,13/02/2022,2022.0,HOMICIDIO,CULPOSO,MATAMOROS,25.820164489083165,-97.53550529479982,25.820164489083165,-97.53550529479982,True,True,True,MATAMOROS
UNIDAD MATAMOROS 1A.,13/02/2022,2022.0,HOMICIDIO,CULPOSO,MATAMOROS,25.851911399726507,-97.49736067022197,25.851911399726507,-97.49736067022197,True,True,True,MATAMOROS
UNIDAD MATAMOROS 1A.,13/02/2023,2023.0,HOMICIDIO,CULPOSO,MATAMOROS,25.826723715818044,-97.53232080237736,25.826723715818044,-97.53232080237736,True,True,True,MATAMOROS
UNIDAD MATAMOROS 1A.,13/02/2023,2023.0,HOMICIDIO,CULPOSO,MATAMOROS,25.8376367193624,-97.54411184481567,25.8376367193624,-97.54411184481567,True,True,True,MATAMOROS
UNIDAD MATAMOROS 1A.,13/03/2020,2020.0,LESIONES,CULPOSO,MATAMOROS,25.868997166298048,-97.49646306037904,25.868997166298048,-97.49646306037904,True,True,True,MATAMOROS
UNIDAD MATAMOROS 1A.,13/03/2021,2021.0,LESIONES,CULPOSO,MATAMOROS,25.864783600830748,-97.51121506899065,25.864783600830748,-97.51121506899064,True,True,True,MATAMOROS
UNIDAD MATAMOROS 1A.,13/04/2019,2019.0,LESIONES,CULPOSO,MATAMOROS,25.8686419667299,-97.4969600461449,25.8686419667299,-97.4969600461449,True,True,True,MATAMOROS
UNIDAD MATAMOROS 1A.,13/04/2019,2019.0,HOMICIDIO,CULPOSO,MATAMOROS,25.85861196234147,-97.51156290916909,25.85861196234147,-97.51156290916909,True,True,True,MATAMOROS
UNIDAD MATAMOROS 2A.,13/04/2021,2021.0,HOMICIDIO,CULPOSO,MATAMOROS,25.865620063210297,-97.47845048565145,25.865620063210297,-97.47845048565144,True,True,True,MATAMOROS
UNIDAD MATAMOROS 2A.,13/04/2021,2021.0,LESIONES,CULPOSO,MATAMOROS,25.868251193159487,-97.49344806457223,25.868251193159487,-97.49344806457223,True,True,True,MATAMOROS
UNIDAD MATAMOROS 2A.,13/04/2022,2022.0,HOMICIDIO,CULPOSO,MATAMOROS,25.823763721258853,-97.15345120569745,25.823763721258853,-97.15345120569744,True,False,False,MATAMOROS
UNIDAD MATAMOROS 2A.,13/05/2022,2022.0,LESIONES,CULPOSO,MATAMOROS,25.829435545480575,-97.4501895904541,25.82943554548057,-97.4501895904541,True,True,True,MATAMOROS
UNIDAD MATAMOROS 2A.,13/05/2023,2023.0,HOMICIDIO,CULPOSO,MATAMOROS,25.872286331534227,-97.50387936830522,25.872286331534227,-97.50387936830522,True,True,True,MATAMOROS
UNIDAD MATAMOROS 3,13/08/2019,2019.0,LESIONES,CULPOSO,MATAMOROS,25.84044579237617,-97.55348145961763,25.84044579237617,-97.55348145961764,True,True,True,MATAMOROS
UNIDAD MATAMOROS 3,13/08/2022,2022.0,HOMICIDIO,CULPOSO,MATAMOROS,25.86356319114613,-97.57786273956299,25.86356319114613,-97.577862739563,True,True,True,MATAMOROS
UNIDAD MATAMOROS 3,13/09/2020,2020.0,HOMICIDIO,CULPOSO,MATAMOROS,25.822140383493,-97.15385109186174,25.822140383493,-97.15385109186174,True,False,False,MATAMOROS
UNIDAD MATAMOROS 2A.,13/10/2021,2021.0,LESIONES,CULPOSO,MATAMOROS,25.81528004675803,-97.45179137084904,25.81528004675803,-97.45179137084904,True,True,True,MATAMOROS
UNIDAD MATAMOROS 2A.,13/10/2022,2022.0,LESIONES,CULPOSO,MATAMOROS,25.84286944207867,-97.52596199512483,25.84286944207867,-97.52596199512485,True,True,True,MATAMOROS
UNIDAD MATAMOROS 3,13/11/2020,2020.0,HOMICIDIO,CULPOSO,MATAMOROS,25.83751996583218,-97.53468453884126,25.83751996583218,-97.53468453884126,True,True,True,MATAMOROS
ATENCION INMEDIATA EN MATAMOROS,13/11/2021,2021.0,LESIONES,CULPOSO,MATAMOROS,25.847348723840856,-97.53996947971055,25.847348723840856,-97.53996947971056,True,True,True,MATAMOROS
UNIDAD 1 ADOLESCENTES MATAMOROS,13/11/2023,2023.0,LESIONES,CULPOSO,MATAMOROS,25.835434094128267,-97.45754135985106,25.835434094128267,-97.45754135985106,True,True,True,MATAMOROS
UNIDAD MATAMOROS 1A.,14/01/2019,2019.0,HOMICIDIO,CULPOSO,MATAMOROS,25.862026299302528,-97.58733158053055,25.862026299302528,-97.58733158053056,True,True,True,MATAMOROS
UNIDAD MATAMOROS 1A.,14/01/2019,2019.0,LESIONES,CULPOSO,MATAMOROS,25.52255036429966,-97.4742086281923,25.52255036429966,-97.4742086281923,True,False,False,MATAMOROS
UNIDAD MATAMOROS 1A.,14/01/2023,2023.0,HOMICIDIO,CULPOSO,MATAMOROS,25.8687591156449,-97.5182286151779,25.8687591156449,-97.5182286151779,True,True,True,MATAMOROS
UNIDAD MATAMOROS 1A.,14/04/2019,2019.0,LESIONES,CULPOSO,MATAMOROS,25.8503850364722,-97.4970546970359,25.8503850364722,-97.4970546970359,True,True,True,MATAMOROS
UNIDAD MATAMOROS 1A.,14/04/2019,2019.0,LESIONES,CULPOSO,MATAMOROS,25.852431821347345,-97.51567780663785,25.852431821347345,-97.51567780663784,True,True,True,MATAMOROS
UNIDAD MATAMOROS 1A.,14/04/2019,2019.0,HOMICIDIO,CULPOSO,MATAMOROS,25.85250742411583,-97.50601172447205,25.85250742411583,-97.50601172447205,True,True,True,MATAMOROS
UNIDAD MATAMOROS 2A.,14/04/2022,2022.0,LESIONES,CULPOSO,MATAMOROS,25.85103192563698,-97.52527269442574,25.85103192563698,-97.52527269442574,True,True,True,MATAMOROS
UNIDAD MATAMOROS 2A.,14/05/2020,2020.0,HOMICIDIO,CULPOSO,MATAMOROS,25.953540366472406,-97.7890503536491,25.953540366472406,-97.7890503536491,True,True,False,MATAMOROS
UNIDAD MATAMOROS 2A.,14/06/2020,2020.0,HOMICIDIO,CULPOSO,MATAMOROS,25.81572155325372,-97.50535705629702,25.81572155325372,-97.50535705629702,True,True,True,MATAMOROS
UNIDAD MATAMOROS 2A.,14/07/2019,2019.0,LESIONES,CULPOSO,MATAMOROS,25.8692174680559,-97.49671067598038,25.8692174680559,-97.49671067598038,True,True,True,MATAMOROS
UNIDAD MATAMOROS 3,14/07/2020,2020.0,HOMICIDIO,CULPOSO,MATAMOROS,25.87076061932193,-97.49075793564522,25.87076061932193,-97.49075793564522,True,True,True,MATAMOROS
UNIDAD MATAMOROS 3,14/08/2019,2019.0,LESIONES,CULPOSO,MATAMOROS,25.86985031269622,-97.49677419662477,25.86985031269622,-97.49677419662476,True,True,True,MATAMOROS
UNIDAD MATAMOROS 3,14/08/2019,2019.0,LESIONES,CULPOSO,MATAMOROS,25.858532046260727,-97.5146806240082,25.858532046260727,-97.5146806240082,True,True,True,MATAMOROS
UNIDAD MATAMOROS 3,14/08/2020,2020.0,HOMICIDIO,CULPOSO,MATAMOROS,25.244276245029493,-97.4426579475403,25.244276245029493,-97.4426579475403,True,False,False,MATAMOROS
UNIDAD MATAMOROS 3,14/08/2022,2022.0,HOMICIDIO,CULPOSO,MATAMOROS,25.997564384393847,-97.75518894195557,25.997564384393847,-97.75518894195557,True,False,False,MATAMOROS
UNIDAD MATAMOROS 3,14/09/2019,2019.0,HOMICIDIO,CULPOSO,MATAMOROS,25.855261725440055,-97.48155972023575,25.85526172544005,-97.48155972023577,True,True,True,MATAMOROS
UNIDAD MATAMOROS 3,14/10/2019,2019.0,HOMICIDIO,CULPOSO,MATAMOROS,25.837054870601758,-97.43610615942639,25.83705487060176,-97.4361061594264,True,True,True,MATAMOROS
UNIDAD MATAMOROS 2A.,14/10/2021,2021.0,HOMICIDIO,CULPOSO,MATAMOROS,25.88242389411092,-97.50281132517397,25.88242389411092,-97.50281132517397,True,True,True,MATAMOROS
UNIDAD MATAMOROS 3,14/11/2019,2019.0,HOMICIDIO,CULPOSO,MATAMOROS,25.852205400472176,-97.4924209713936,25.852205400472176,-97.4924209713936,True,True,True,MATAMOROS
UNIDAD MATAMOROS 3,14/11/2020,2020.0,HOMICIDIO,CULPOSO,MATAMOROS,25.889370839088436,-97.53533363342285,25.88937083908844,-97.53533363342284,True,True,True,MATAMOROS
UNIDAD MATAMOROS 1A.,14/12/2023,2023.0,HOMICIDIO,CULPOSO,MATAMOROS,25.8231716261178,-97.5023639202118,25.8231716261178,-97.5023639202118,True,True,True,MATAMOROS
UNIDAD MATAMOROS 2A.,15/02/2022,2022.0,HOMICIDIO,CULPOSO,MATAMOROS,25.87206520644804,-97.50377476215363,25.87206520644804,-97.50377476215364,True,True,True,MATAMOROS
UNIDAD MATAMOROS 2A.,15/04/2022,2022.0,HOMICIDIO,CULPOSO,MATAMOROS,25.666066812782503,-97.60108427130346,25.666066812782503,-97.60108427130346,True,False,False,MATAMOROS
UNIDAD MATAMOROS 2A.,15/06/2019,2019.0,HOMICIDIO,CULPOSO,MATAMOROS,25.844689011585146,-97.51219191651396,25.844689011585142,-97.51219191651396,True,True,True,MATAMOROS
UNIDAD MATAMOROS 2A.,15/06/2019,2019.0,HOMICIDIO,CULPOSO,MATAMOROS,25.861958334612495,-97.50218386771539,25.86195833461249,-97.5021838677154,True,True,True,MATAMOROS
UNIDAD MATAMOROS 3,15/06/2022,2022.0,LESIONES,CULPOSO,MATAMOROS,25.82387390414556,-97.50290840864184,25.82387390414556,-97.50290840864184,True,True,True,MATAMOROS
UNIDAD MATAMOROS 3,15/06/2023,2023.0,LESIONES,CULPOSO,MATAMOROS,25.863241585629158,-97.48308956623079,25.86324158562916,-97.4830895662308,True,True,True,MATAMOROS
UNIDAD MATAMOROS 3,15/06/2023,2023.0,LESIONES,CULPOSO,MATAMOROS,25.87694554901114,-97.50058181944893,25.87694554901114,-97.50058181944893,True,True,True,MATAMOROS
UNIDAD MATAMOROS 3,15/07/2022,2022.0,HOMICIDIO,CULPOSO,MATAMOROS,25.87730271290623,-97.49930620193483,25.87730271290623,-97.49930620193484,True,True,True,MATAMOROS
UNIDAD MATAMOROS 3,15/07/2023,2023.0,HOMICIDIO,CULPOSO,MATAMOROS,25.87222629898012,-97.50388243421743,25.87222629898012,-97.50388243421745,True,True,True,MATAMOROS
UNIDAD MATAMOROS 3,15/08/2021,2021.0,LESIONES,CULPOSO,MATAMOROS,25.838143399872394,-97.5185751914978,25.8381433998724,-97.5185751914978,True,True,True,MATAMOROS
UNIDAD MATAMOROS 2A.,15/10/2021,2021.0,LESIONES,CULPOSO,MATAMOROS,25.85892607385156,-97.4888724088669,25.85892607385156,-97.4888724088669,True,True,True,MATAMOROS
UNIDAD MATAMOROS 3,15/10/2022,2022.0,LESIONES,CULPOSO,MATAMOROS,25.835860878991436,-97.42606043815613,25.83586087899144,-97.42606043815611,True,True,True,MATAMOROS
UNIDAD VALLE HERMOSO 1A.,15/10/2022,2022.0,LESIONES,CULPOSO,MATAMOROS,25.655792090454526,-97.75282859802248,25.65579209045453,-97.75282859802248,True,False,False,MATAMOROS
UNIDAD MATAMOROS 1A.,15/11/2021,2021.0,HOMICIDIO,CULPOSO,MATAMOROS,25.82677200184941,-97.5323134660721,25.82677200184941,-97.5323134660721,True,True,True,MATAMOROS
UNIDAD MATAMOROS 1A.,15/11/2022,2022.0,HOMICIDIO,CULPOSO,MATAMOROS,26.0113511725327,-97.7390851810294,26.0113511725327,-97.7390851810294,True,False,False,MATAMOROS
UNIDAD MATAMOROS 1A.,15/12/2022,2022.0,LESIONES,CULPOSO,MATAMOROS,25.8608514650523,-97.52026875311,25.8608514650523,-97.52026875311,True,True,True,MATAMOROS
UNIDAD MATAMOROS 1A.,15/12/2022,2022.0,LESIONES,CULPOSO,MATAMOROS,25.809360619750557,-97.53328442573549,25.80936061975056,-97.53328442573547,True,True,True,MATAMOROS
UNIDAD MATAMOROS 1A.,16/03/2021,2021.0,HOMICIDIO,CULPOSO,MATAMOROS,25.826499789505547,-97.49035835266115,25.826499789505547,-97.49035835266116,True,True,True,MATAMOROS
UNIDAD MATAMOROS 1A.,16/03/2021,2021.0,LESIONES,CULPOSO,MATAMOROS,25.851559057820143,-97.56412071573982,25.851559057820143,-97.56412071573982,True,True,True,MATAMOROS
UNIDAD MATAMOROS 1A.,16/03/2021,2021.0,LESIONES,CULPOSO,MATAMOROS,25.822000348683336,-97.50109523534776,25.822000348683336,-97.50109523534776,True,True,True,MATAMOROS
UNIDAD MATAMOROS 2A.,16/04/2019,2019.0,LESIONES,CULPOSO,MATAMOROS,25.84827660904874,-97.50347435474397,25.84827660904874,-97.50347435474396,True,True,True,MATAMOROS
UNIDAD MATAMOROS 3,16/06/2021,2021.0,LESIONES,CULPOSO,MATAMOROS,25.849382754601884,-97.50874757766725,25.849382754601884,-97.50874757766724,True,True,True,MATAMOROS
UNIDAD MATAMOROS 3,16/06/2023,2023.0,LESIONES,CULPOSO,MATAMOROS,25.8307012937655,-97.5547960617035,25.8307012937655,-97.5547960617035,True,True,True,MATAMOROS
UNIDAD MATAMOROS 3,16/07/2021,2021.0,HOMICIDIO,CULPOSO,MATAMOROS,25.878380231221286,-97.49684929847719,25.87838023122129,-97.4968492984772,True,True,True,MATAMOROS
UNIDAD MATAMOROS 3,16/07/2023,2023.0,HOMICIDIO,CULPOSO,MATAMOROS,25.896117448215858,-97.66388863641437,25.896117448215858,-97.66388863641436,True,False,False,MATAMOROS
UNIDAD MATAMOROS 3,16/07/2023,2023.0,HOMICIDIO,CULPOSO,MATAMOROS,25.8343267746532,-97.4853015988616,25.8343267746532,-97.4853015988616,True,True,True,MATAMOROS
UNIDAD MATAMOROS 2A.,16/08/2022,2022.0,LESIONES,CULPOSO,MATAMOROS,25.84040535756014,-97.48263359069824,25.84040535756014,-97.48263359069824,True,True,True,MATAMOROS
UNIDAD MATAMOROS 3,16/09/2019,2019.0,LESIONES,CULPOSO,MATAMOROS,25.874086690639047,-97.49648183584215,25.874086690639047,-97.49648183584216,True,True,True,MATAMOROS
UNIDAD MATAMOROS 3,16/09/2019,2019.0,HOMICIDIO,CULPOSO,MATAMOROS,25.86345156456492,-97.5264424831019,25.86345156456492,-97.5264424831019,True,True,True,MATAMOROS
UNIDAD MATAMOROS 2A.,16/09/2021,2021.0,HOMICIDIO,CULPOSO,MATAMOROS,25.900180670490382,-97.50580787658693,25.900180670490386,-97.50580787658691,True,False,True,MATAMOROS
UNIDAD MATAMOROS 2A.,16/10/2020,2020.0,HOMICIDIO,CULPOSO,MATAMOROS,25.862341930276,-97.50838279724123,25.862341930276,-97.50838279724124,True,True,True,MATAMOROS
UNIDAD MATAMOROS 3,16/10/2022,2022.0,HOMICIDIO,CULPOSO,MATAMOROS,25.82595294862595,-97.45725989341737,25.82595294862595,-97.45725989341736,True,True,True,MATAMOROS
UNIDAD MATAMOROS 3,16/10/2022,2022.0,LESIONES,CULPOSO,MATAMOROS,25.826144282863385,-97.45730817317963,25.826144282863385,-97.45730817317964,True,True,True,MATAMOROS
UNIDAD MATAMOROS 3,16/10/2022,2022.0,LESIONES,CULPOSO,MATAMOROS,25.86095170491528,-97.56520271301271,25.86095170491528,-97.56520271301272,True,True,True,MATAMOROS
UNIDAD MATAMOROS 3,16/10/2022,2022.0,LESIONES,CULPOSO,MATAMOROS,25.810149001127293,-97.51310348510744,25.810149001127293,-97.51310348510744,True,True,True,MATAMOROS
UNIDAD MATAMOROS 1A.,16/12/2019,2019.0,HOMICIDIO,CULPOSO,MATAMOROS,25.81104724242734,-97.48366355895996,25.81104724242734,-97.48366355895996,True,True,True,MATAMOROS
UNIDAD MATAMOROS 1A.,16/12/2020,2020.0,HOMICIDIO,CULPOSO,MATAMOROS,25.830413611662394,-97.45733628653616,25.8304136116624,-97.45733628653616,True,True,True,MATAMOROS
UNIDAD MATAMOROS 1A.,16/12/2022,2022.0,HOMICIDIO,CULPOSO,MATAMOROS,25.851237137019847,-97.49701394178916,25.851237137019847,-97.49701394178916,True,True,True,MATAMOROS
ATENCION INMEDIATA EN MATAMOROS,17/01/2023,2023.0,LESIONES,CULPOSO,MATAMOROS,25.73144216115245,-97.56238280955644,25.73144216115245,-97.56238280955644,True,False,False,MATAMOROS
UNIDAD MATAMOROS 1A.,17/02/2019,2019.0,HOMICIDIO,CULPOSO,MATAMOROS,25.8628051701789,-97.5834745442615,25.8628051701789,-97.5834745442615,True,True,True,MATAMOROS
UNIDAD MATAMOROS 1A.,17/03/2019,2019.0,LESIONES,CULPOSO,MATAMOROS,25.834821599211896,-97.49261140823366,25.834821599211896,-97.49261140823366,True,True,True,MATAMOROS
UNIDAD MATAMOROS 1A.,17/03/2019,2019.0,LESIONES,CULPOSO,MATAMOROS,25.872142434356004,-97.50377476215363,25.872142434356004,-97.50377476215364,True,True,True,MATAMOROS
UNIDAD MATAMOROS 1A.,17/03/2020,2020.0,HOMICIDIO,CULPOSO,MATAMOROS,25.840186888613587,-97.70591139793397,25.840186888613587,-97.70591139793396,True,False,False,MATAMOROS
ATENCION INMEDIATA EN MATAMOROS,17/03/2021,2021.0,HOMICIDIO,CULPOSO,MATAMOROS,25.860448015738108,-97.51765635708935,25.860448015738108,-97.51765635708936,True,True,True,MATAMOROS
UNIDAD MATAMOROS 2A.,17/04/2022,2022.0,HOMICIDIO,CULPOSO,MATAMOROS,25.85657801773312,-97.48028901826305,25.85657801773312,-97.48028901826304,True,True,True,MATAMOROS
UNIDAD MATAMOROS 2A.,17/05/2019,2019.0,HOMICIDIO,CULPOSO,MATAMOROS,25.868827221330715,-97.49709840616842,25.868827221330715,-97.49709840616842,True,True,True,MATAMOROS
UNIDAD MATAMOROS 3,17/05/2021,2021.0,LESIONES,CULPOSO,MATAMOROS,25.86218746159898,-97.58271217346193,25.86218746159898,-97.58271217346191,True,True,True,MATAMOROS
ATENCION INMEDIATA EN MATAMOROS,17/05/2021,2021.0,LESIONES,CULPOSO,MATAMOROS,25.852852551686826,-97.53242145445122,25.852852551686823,-97.53242145445122,True,True,True,MATAMOROS
UNIDAD MATAMOROS 1A.,17/05/2022,2022.0,LESIONES,CULPOSO,MATAMOROS,25.8788466766597,-97.5079113918855,25.8788466766597,-97.5079113918855,True,True,True,MATAMOROS
UNIDAD MATAMOROS 3,17/05/2022,2022.0,HOMICIDIO,CULPOSO,MATAMOROS,25.853743269070588,-97.51124739646912,25.853743269070588,-97.51124739646912,True,True,True,MATAMOROS
UNIDAD MATAMOROS 3,17/05/2023,2023.0,HOMICIDIO,CULPOSO,MATAMOROS,25.823812639833694,-97.5032114982605,25.82381263983369,-97.5032114982605,True,True,True,MATAMOROS
UNIDAD MATAMOROS 2A.,17/06/2019,2019.0,HOMICIDIO,CULPOSO,MATAMOROS,25.869116631298944,-97.49694585800171,25.869116631298944,-97.49694585800172,True,True,True,MATAMOROS
UNIDAD MATAMOROS 2A.,17/06/2019,2019.0,LESIONES,CULPOSO,MATAMOROS,25.874301169656565,-97.50919245229366,25.874301169656565,-97.50919245229366,True,True,True,MATAMOROS
UNIDAD MATAMOROS 2A.,17/08/2021,2021.0,HOMICIDIO,CULPOSO,MATAMOROS,25.88805422809682,-97.50553697347642,25.88805422809682,-97.50553697347642,True,True,True,MATAMOROS
UNIDAD MATAMOROS 2A.,17/09/2022,2022.0,HOMICIDIO,CULPOSO,MATAMOROS,25.84179582449424,-97.5286388397217,25.84179582449424,-97.5286388397217,True,True,True,MATAMOROS
UNIDAD MATAMOROS 2A.,17/10/2020,2020.0,HOMICIDIO,CULPOSO,MATAMOROS,25.843340768586913,-97.48108863830568,25.84334076858692,-97.48108863830568,True,True,True,MATAMOROS
UNIDAD MATAMOROS 2A.,17/10/2020,2020.0,LESIONES,CULPOSO,MATAMOROS,25.842104814926905,-97.53087043762208,25.842104814926905,-97.53087043762208,True,True,True,MATAMOROS
UNIDAD MATAMOROS 2A.,17/10/2021,2021.0,LESIONES,CULPOSO,MATAMOROS,25.868730481365283,-97.48248338699342,25.868730481365283,-97.48248338699342,True,True,True,MATAMOROS
UNIDAD MATAMOROS 2A.,17/10/2021,2021.0,LESIONES,CULPOSO,MATAMOROS,25.87385108890498,-97.5418084859848,25.87385108890498,-97.5418084859848,True,True,True,MATAMOROS
UNIDAD MATAMOROS 1A.,17/11/2020,2020.0,LESIONES,CULPOSO,MATAMOROS,25.81585223478471,-97.49943029563354,25.81585223478471,-97.49943029563354,True,True,True,MATAMOROS
UNIDAD MATAMOROS 1A.,17/11/2021,2021.0,HOMICIDIO,CULPOSO,MATAMOROS,25.857575889214186,-97.52717927308,25.857575889214186,-97.52717927308,True,True,True,MATAMOROS
UNIDAD MATAMOROS 3,17/12/2019,2019.0,LESIONES,CULPOSO,MATAMOROS,25.858789099631245,-97.50975608825685,25.858789099631245,-97.50975608825684,True,True,True,MATAMOROS
UNIDAD MATAMOROS 1A.,17/12/2023,2023.0,LESIONES,CULPOSO,MATAMOROS,25.83995876315044,-97.48012304306032,25.83995876315044,-97.48012304306032,True,True,True,MATAMOROS
UNIDAD MATAMOROS 1A.,18/02/2019,2019.0,HOMICIDIO,CULPOSO,MATAMOROS,25.8727518222697,-97.5388938545922,25.8727518222697,-97.5388938545922,True,True,True,MATAMOROS
UNIDAD MATAMOROS 2A.,18/02/2022,2022.0,HOMICIDIO,CULPOSO,MATAMOROS,25.994015628086967,-97.74566173553468,25.994015628086967,-97.74566173553468,True,False,False,MATAMOROS
UNIDAD MATAMOROS 1A.,18/03/2019,2019.0,LESIONES,CULPOSO,MATAMOROS,25.849814830469516,-97.48001575469972,25.84981483046952,-97.48001575469972,True,True,True,MATAMOROS
UNIDAD MATAMOROS 2A.,18/03/2021,2021.0,LESIONES,CULPOSO,MATAMOROS,25.76961042610869,-97.53867967783654,25.76961042610869,-97.53867967783654,True,False,True,MATAMOROS
UNIDAD MATAMOROS 2A.,18/04/2019,2019.0,LESIONES,CULPOSO,MATAMOROS,25.83643499731174,-97.49758722771911,25.83643499731174,-97.49758722771912,True,True,True,MATAMOROS
UNIDAD MATAMOROS 2A.,18/04/2019,2019.0,HOMICIDIO,CULPOSO,MATAMOROS,25.266661247583723,-97.42815045814095,25.266661247583723,-97.42815045814096,True,False,False,MATAMOROS
UNIDAD MATAMOROS 2A.,18/04/2020,2020.0,HOMICIDIO,CULPOSO,MATAMOROS,25.952251692192572,-97.79097388404317,25.95225169219257,-97.79097388404315,True,True,False,MATAMOROS
UNIDAD MATAMOROS 3,18/05/2021,2021.0,LESIONES,CULPOSO,MATAMOROS,25.852718025560698,-97.5053519010544,25.85271802556069,-97.5053519010544,True,True,True,MATAMOROS
UNIDAD MATAMOROS 3,18/05/2022,2022.0,LESIONES,CULPOSO,MATAMOROS,25.81906833182221,-97.16158390045166,25.81906833182221,-97.16158390045166,True,False,False,MATAMOROS
UNIDAD MATAMOROS 3,18/06/2019,2019.0,LESIONES,CULPOSO,MATAMOROS,25.998367179207914,-97.75679826736452,25.998367179207914,-97.75679826736452,True,False,False,MATAMOROS
UNIDAD MATAMOROS 3,18/06/2021,2021.0,HOMICIDIO,CULPOSO,MATAMOROS,25.8817044279068,-97.50621557235719,25.8817044279068,-97.5062155723572,True,True,True,MATAMOROS
UNIDAD MATAMOROS 3,18/06/2023,2023.0,LESIONES,CULPOSO,MATAMOROS,25.8779038286072,-97.5157993892006,25.8779038286072,-97.5157993892006,True,True,True,MATAMOROS
UNIDAD MATAMOROS 3,18/07/2019,2019.0,HOMICIDIO,CULPOSO,MATAMOROS,25.812125062632248,-97.50898092985155,25.812125062632248,-97.50898092985156,True,True,True,MATAMOROS
UNIDAD MATAMOROS 3,18/07/2019,2019.0,LESIONES,CULPOSO,MATAMOROS,25.82336477562537,-97.50335097312929,25.82336477562537,-97.50335097312929,True,True,True,MATAMOROS
UNIDAD MATAMOROS 3,18/07/2020,2020.0,HOMICIDIO,CULPOSO,MATAMOROS,25.92343754132279,-97.58691143275874,25.92343754132279,-97.58691143275874,True,False,True,MATAMOROS
UNIDAD MATAMOROS 3,18/08/2019,2019.0,HOMICIDIO,CULPOSO,MATAMOROS,25.823349082239663,-97.50325441360474,25.823349082239663,-97.50325441360474,True,True,True,MATAMOROS
UNIDAD MATAMOROS 2A.,18/08/2021,2021.0,HOMICIDIO,CULPOSO,MATAMOROS,25.874063462319935,-97.50594198703767,25.87406346231993,-97.50594198703767,True,True,True,MATAMOROS
UNIDAD MATAMOROS 2A.,18/09/2022,2022.0,LESIONES,CULPOSO,MATAMOROS,25.844576709333563,-97.55524635314941,25.844576709333563,-97.5552463531494,True,True,True,MATAMOROS
UNIDAD MATAMOROS 1A.,18/09/2023,2023.0,LESIONES,CULPOSO,MATAMOROS,25.84669386151509,-97.50219432654745,25.84669386151509,-97.50219432654744,True,True,True,MATAMOROS
UNIDAD MATAMOROS 1A.,18/10/2023,2023.0,LESIONES,CULPOSO,MATAMOROS,25.855883036479614,-97.511043548584,25.85588303647961,-97.511043548584,True,True,True,MATAMOROS
UNIDAD MATAMOROS 1A.,18/11/2023,2023.0,LESIONES,CULPOSO,MATAMOROS,25.8342394027144,-97.5107287089425,25.8342394027144,-97.5107287089425,True,True,True,MATAMOROS
UNIDAD MATAMOROS 1A.,18/12/2021,2021.0,HOMICIDIO,CULPOSO,MATAMOROS,25.8241566853121,-97.46146559715272,25.8241566853121,-97.46146559715272,True,True,True,MATAMOROS
UNIDAD MATAMOROS 1A.,19/01/2020,2020.0,LESIONES,CULPOSO,MATAMOROS,25.851404598973712,-97.52469621700037,25.851404598973712,-97.52469621700035,True,True,True,MATAMOROS
UNIDAD MATAMOROS 2A.,19/01/2022,2022.0,HOMICIDIO,CULPOSO,MATAMOROS,25.872113473896416,-97.50372111797333,25.872113473896416,-97.50372111797331,True,True,True,MATAMOROS
UNIDAD MATAMOROS 2A.,19/04/2019,2019.0,HOMICIDIO,CULPOSO,MATAMOROS,25.88363215579253,-97.50490576393842,25.88363215579253,-97.50490576393842,True,True,True,MATAMOROS
UNIDAD MATAMOROS 2A.,19/04/2020,2020.0,HOMICIDIO,CULPOSO,MATAMOROS,25.954353583870937,-97.790816192883,25.954353583870937,-97.790816192883,True,True,False,MATAMOROS
UNIDAD MATAMOROS 3,19/04/2022,2022.0,HOMICIDIO,CULPOSO,MATAMOROS,25.932102497038873,-97.60646715327017,25.93210249703888,-97.60646715327016,True,False,False,MATAMOROS
UNIDAD MATAMOROS 3,19/05/2020,2020.0,LESIONES,CULPOSO,MATAMOROS,25.905975863068225,-97.54713752813454,25.905975863068225,-97.54713752813454,True,True,True,MATAMOROS
UNIDAD MATAMOROS 2A.,19/07/2023,2023.0,LESIONES,CULPOSO,MATAMOROS,25.86325998897033,-97.51528948545457,25.86325998897033,-97.51528948545456,True,True,True,MATAMOROS
UNIDAD MATAMOROS 2A.,19/09/2022,2022.0,LESIONES,CULPOSO,MATAMOROS,25.832989257926506,-97.49533653259279,25.832989257926503,-97.4953365325928,True,True,True,MATAMOROS
UNIDAD MATAMOROS 3,19/10/2019,2019.0,HOMICIDIO,CULPOSO,MATAMOROS,25.841820653240937,-97.55809665033497,25.841820653240937,-97.55809665033496,True,True,True,MATAMOROS
UNIDAD MATAMOROS 1A.,19/10/2021,2021.0,HOMICIDIO,CULPOSO,MATAMOROS,25.8381572807478,-97.54482328891756,25.8381572807478,-97.54482328891756,True,True,True,MATAMOROS
UNIDAD MATAMOROS 1A.,19/11/2019,2019.0,LESIONES,CULPOSO,MATAMOROS,25.84935137472878,-97.55580425262453,25.84935137472878,-97.55580425262453,True,True,True,MATAMOROS
UNIDAD MATAMOROS 2A.,20/01/2022,2022.0,HOMICIDIO,CULPOSO,MATAMOROS,25.9690427810759,-97.7603179281138,25.9690427810759,-97.7603179281138,True,False,False,MATAMOROS
UNIDAD MATAMOROS 2A.,20/02/2022,2022.0,LESIONES,CULPOSO,MATAMOROS,25.85089229770115,-97.46185988187791,25.85089229770115,-97.46185988187791,True,True,True,MATAMOROS
UNIDAD MATAMOROS 2A.,20/03/2022,2022.0,HOMICIDIO,CULPOSO,MATAMOROS,25.823845837247976,-97.50327050685884,25.823845837247976,-97.50327050685884,True,True,True,MATAMOROS
UNIDAD MATAMOROS 2A.,20/03/2022,2022.0,HOMICIDIO,CULPOSO,MATAMOROS,25.91355405337207,-97.56505250930788,25.91355405337207,-97.56505250930788,True,False,True,MATAMOROS
UNIDAD MATAMOROS 2A.,20/03/2022,2022.0,LESIONES,CULPOSO,MATAMOROS,25.81972989050205,-97.48083114624025,25.81972989050205,-97.48083114624023,True,True,True,MATAMOROS
UNIDAD MATAMOROS 3,20/03/2023,2023.0,HOMICIDIO,CULPOSO,MATAMOROS,25.88087670564763,-97.50615119934083,25.88087670564763,-97.50615119934083,True,True,True,MATAMOROS
UNIDAD MATAMOROS 2A.,20/03/2023,2023.0,HOMICIDIO,CULPOSO,MATAMOROS,25.840271982919738,-97.54987657070161,25.84027198291973,-97.5498765707016,True,True,True,MATAMOROS
UNIDAD MATAMOROS 2A.,20/04/2019,2019.0,HOMICIDIO,CULPOSO,MATAMOROS,26.021449509957556,-97.70568136184093,26.02144950995756,-97.70568136184092,True,False,False,MATAMOROS
UNIDAD MATAMOROS 3,20/04/2021,2021.0,HOMICIDIO,CULPOSO,MATAMOROS,25.863268738098746,-97.57859230041504,25.863268738098743,-97.57859230041504,True,True,True,MATAMOROS
UNIDAD MATAMOROS 3,20/04/2021,2021.0,LESIONES,CULPOSO,MATAMOROS,25.86923247603297,-97.4966883659363,25.86923247603297,-97.4966883659363,True,True,True,MATAMOROS
UNIDAD MATAMOROS 3,20/04/2022,2022.0,LESIONES,CULPOSO,MATAMOROS,25.872564170244054,-97.50423717399762,25.87256417024405,-97.50423717399762,True,True,True,MATAMOROS
UNIDAD MATAMOROS 3,20/05/2020,2020.0,LESIONES,CULPOSO,MATAMOROS,25.747080698219797,-97.55250740432166,25.7470806982198,-97.55250740432166,True,False,False,MATAMOROS
UNIDAD MATAMOROS 3,20/06/2019,2019.0,HOMICIDIO,CULPOSO,MATAMOROS,25.924730750833128,-97.58477210998537,25.924730750833128,-97.58477210998537,True,False,True,MATAMOROS
UNIDAD MATAMOROS 3,20/07/2019,2019.0,LESIONES,CULPOSO,MATAMOROS,25.865734156338938,-97.48878121376039,25.86573415633893,-97.4887812137604,True,True,True,MATAMOROS
UNIDAD MATAMOROS 2A.,20/07/2021,2021.0,LESIONES,CULPOSO,MATAMOROS,25.83537624501513,-97.48229563236238,25.83537624501513,-97.48229563236238,True,True,True,MATAMOROS
UNIDAD MATAMOROS 3,20/10/2019,2019.0,LESIONES,CULPOSO,MATAMOROS,25.87139590365234,-97.50481693642213,25.87139590365234,-97.50481693642212,True,True,True,MATAMOROS
UNIDAD MATAMOROS 3,20/10/2019,2019.0,LESIONES,CULPOSO,MATAMOROS,25.9092666776021,-97.55618321763805,25.9092666776021,-97.55618321763804,True,True,True,MATAMOROS
UNIDAD MATAMOROS 1A.,20/10/2020,2020.0,HOMICIDIO,CULPOSO,MATAMOROS,25.88141032171898,-97.52543568626616,25.88141032171898,-97.52543568626616,True,True,True,MATAMOROS
UNIDAD MATAMOROS 1A.,20/10/2021,2021.0,HOMICIDIO,CULPOSO,MATAMOROS,25.858080707214842,-97.48761300412023,25.85808070721484,-97.48761300412023,True,True,True,MATAMOROS
UNIDAD MATAMOROS 1A.,20/10/2022,2022.0,LESIONES,CULPOSO,MATAMOROS,25.8700083988631,-97.4992372347654,25.8700083988631,-97.4992372347654,True,True,True,MATAMOROS
UNIDAD MATAMOROS 1A.,20/10/2022,2022.0,LESIONES,CULPOSO,MATAMOROS,25.871929152471733,-97.5039276480675,25.871929152471733,-97.5039276480675,True,True,True,MATAMOROS
UNIDAD MATAMOROS 1A.,20/10/2022,2022.0,LESIONES,CULPOSO,MATAMOROS,25.827013431342365,-97.53217399120332,25.827013431342365,-97.53217399120332,True,True,True,MATAMOROS
UNIDAD MATAMOROS 1A.,20/11/2019,2019.0,HOMICIDIO,CULPOSO,MATAMOROS,25.8720151289495,-97.5039088726044,25.8720151289495,-97.5039088726044,True,True,True,MATAMOROS
UNIDAD MATAMOROS 1A.,20/11/2020,2020.0,HOMICIDIO,CULPOSO,MATAMOROS,25.906358535819898,-97.54950014240839,25.90635853581989,-97.5495001424084,True,True,True,MATAMOROS
UNIDAD MATAMOROS 1A.,20/11/2022,2022.0,LESIONES,CULPOSO,MATAMOROS,25.851219669586435,-97.52743721008302,25.851219669586435,-97.52743721008302,True,True,True,MATAMOROS
UNIDAD MATAMOROS 1A.,20/12/2019,2019.0,HOMICIDIO,CULPOSO,MATAMOROS,25.86564485672283,-97.56981566662454,25.86564485672283,-97.56981566662454,True,True,True,MATAMOROS
UNIDAD MATAMOROS 2A.,21/01/2019,2019.0,HOMICIDIO,CULPOSO,MATAMOROS,25.839008839164613,-97.44540255023695,25.839008839164613,-97.44540255023696,True,True,True,MATAMOROS
UNIDAD MATAMOROS 2A.,21/02/2021,2021.0,HOMICIDIO,CULPOSO,MATAMOROS,25.869271090919067,-97.4953579902649,25.869271090919067,-97.4953579902649,True,True,True,MATAMOROS
UNIDAD MATAMOROS 2A.,21/02/2022,2022.0,HOMICIDIO,CULPOSO,MATAMOROS,25.837845318641172,-97.33969017761541,25.83784531864117,-97.3396901776154,True,False,False,MATAMOROS
UNIDAD MATAMOROS 3,21/03/2022,2022.0,LESIONES,CULPOSO,MATAMOROS,25.86789657971298,-97.49283616081397,25.86789657971298,-97.49283616081397,True,True,True,MATAMOROS
UNIDAD MATAMOROS 3,21/03/2023,2023.0,LESIONES,CULPOSO,MATAMOROS,25.823789703432915,-97.5075137615204,25.823789703432915,-97.5075137615204,True,True,True,MATAMOROS
UNIDAD MATAMOROS 3,21/04/2022,2022.0,LESIONES,CULPOSO,MATAMOROS,25.87919469822825,-97.50462770462036,25.87919469822825,-97.50462770462036,True,True,True,MATAMOROS
UNIDAD MATAMOROS 3,21/05/2021,2021.0,LESIONES,CULPOSO,MATAMOROS,25.87156503385311,-97.4901330471039,25.87156503385311,-97.4901330471039,True,True,True,MATAMOROS
UNIDAD MATAMOROS 3,21/05/2022,2022.0,HOMICIDIO,CULPOSO,MATAMOROS,25.853287673434686,-97.54045665264131,25.85328767343469,-97.54045665264132,True,True,True,MATAMOROS
UNIDAD MATAMOROS 3,21/06/2019,2019.0,LESIONES,CULPOSO,MATAMOROS,25.85678093072728,-97.57241249084474,25.85678093072728,-97.57241249084474,True,True,True,MATAMOROS
UNIDAD MATAMOROS 3,21/06/2021,2021.0,HOMICIDIO,CULPOSO,MATAMOROS,25.876067114296273,-97.5228238105774,25.87606711429628,-97.5228238105774,True,True,True,MATAMOROS
UNIDAD MATAMOROS 3,21/06/2021,2021.0,HOMICIDIO,CULPOSO,MATAMOROS,25.866659127447207,-97.50460088253023,25.866659127447207,-97.50460088253024,True,True,True,MATAMOROS
UNIDAD MATAMOROS 3,21/06/2021,2021.0,LESIONES,CULPOSO,MATAMOROS,25.8607972344214,-97.56056785583498,25.8607972344214,-97.56056785583498,True,True,True,MATAMOROS
UNIDAD MATAMOROS 3,21/07/2019,2019.0,HOMICIDIO,CULPOSO,MATAMOROS,25.87189325350288,-97.50605463981628,25.87189325350288,-97.50605463981628,True,True,True,MATAMOROS
UNIDAD MATAMOROS 3,21/08/2019,2019.0,LESIONES,CULPOSO,MATAMOROS,25.873149142659837,-97.51818532213538,25.87314914265984,-97.51818532213538,True,True,True,MATAMOROS
UNIDAD MATAMOROS 1A.,21/09/2022,2022.0,HOMICIDIO,CULPOSO,MATAMOROS,25.5630278602028,-97.6623385234508,25.5630278602028,-97.6623385234508,True,False,False,MATAMOROS
UNIDAD MATAMOROS 1A.,21/10/2022,2022.0,HOMICIDIO,CULPOSO,MATAMOROS,25.8450424468386,-97.5065210089087,25.8450424468386,-97.5065210089087,True,True,True,MATAMOROS
UNIDAD MATAMOROS 1A.,21/11/2021,2021.0,LESIONES,CULPOSO,MATAMOROS,25.84832365815918,-97.50959160078838,25.84832365815918,-97.50959160078838,True,True,True,MATAMOROS
UNIDAD MATAMOROS 1A.,21/11/2023,2023.0,LESIONES,CULPOSO,MATAMOROS,25.8302803151341,-97.4830684449907,25.8302803151341,-97.4830684449907,True,True,True,MATAMOROS
UNIDAD MATAMOROS 1A.,21/12/2019,2019.0,HOMICIDIO,CULPOSO,MATAMOROS,25.8819044421252,-97.5057880868073,25.8819044421252,-97.5057880868073,True,True,True,MATAMOROS
UNIDAD MATAMOROS 2A.,21/12/2021,2021.0,HOMICIDIO,CULPOSO,MATAMOROS,25.90501788657029,-97.55050568390541,25.90501788657029,-97.5505056839054,True,True,True,MATAMOROS
UNIDAD MATAMOROS 2A.,21/12/2023,2023.0,HOMICIDIO,CULPOSO,MATAMOROS,25.853886283497587,-97.50510513782501,25.853886283497587,-97.505105137825,True,True,True,MATAMOROS
UNIDAD MATAMOROS 2A.,22/01/2021,2021.0,LESIONES,CULPOSO,MATAMOROS,25.838837446047226,-97.50813755016742,25.838837446047226,-97.50813755016742,True,True,True,MATAMOROS
UNIDAD MATAMOROS 2A.,22/01/2022,2022.0,LESIONES,CULPOSO,MATAMOROS,25.832851650123413,-97.39957094192505,25.832851650123413,-97.39957094192503,True,False,False,MATAMOROS
UNIDAD MATAMOROS 2A.,22/03/2019,2019.0,LESIONES,CULPOSO,MATAMOROS,25.87194363272501,-97.50385014727522,25.87194363272501,-97.50385014727522,True,True,True,MATAMOROS
UNIDAD MATAMOROS 2A.,22/03/2019,2019.0,LESIONES,CULPOSO,MATAMOROS,25.6657089453619,-97.60185671771032,25.6657089453619,-97.60185671771032,True,False,False,MATAMOROS
UNIDAD MATAMOROS 2A.,22/03/2021,2021.0,HOMICIDIO,CULPOSO,MATAMOROS,25.85258248185424,-97.50531546506014,25.85258248185424,-97.50531546506014,True,True,True,MATAMOROS
UNIDAD MATAMOROS 3,22/03/2021,2021.0,LESIONES,CULPOSO,MATAMOROS,25.86533230753504,-97.5724768638611,25.86533230753504,-97.5724768638611,True,True,True,MATAMOROS
UNIDAD MATAMOROS 3,22/04/2020,2020.0,HOMICIDIO,CULPOSO,MATAMOROS,25.869215054818433,-97.49595626466363,25.86921505481844,-97.49595626466365,True,True,True,MATAMOROS
UNIDAD MATAMOROS 3,22/04/2021,2021.0,HOMICIDIO,CULPOSO,MATAMOROS,25.86174094944425,-97.58754014968873,25.86174094944425,-97.58754014968872,True,True,True,MATAMOROS
UNIDAD MATAMOROS 3,22/05/2021,2021.0,LESIONES,CULPOSO,MATAMOROS,25.805230284872632,-97.50909090042116,25.805230284872632,-97.50909090042116,True,True,True,MATAMOROS
UNIDAD MATAMOROS 3,22/05/2022,2022.0,HOMICIDIO,CULPOSO,MATAMOROS,25.869123709751424,-97.49527117326427,25.869123709751424,-97.49527117326429,True,True,True,MATAMOROS
UNIDAD MATAMOROS 2A.,22/05/2023,2023.0,LESIONES,CULPOSO,MATAMOROS,25.857879152323257,-97.47149705886841,25.857879152323257,-97.4714970588684,True,True,True,MATAMOROS
UNIDAD MATAMOROS 3,22/07/2019,2019.0,LESIONES,CULPOSO,MATAMOROS,25.875411345022364,-97.54240245950335,25.875411345022364,-97.54240245950336,True,True,True,MATAMOROS
UNIDAD MATAMOROS 2A.,22/07/2022,2022.0,HOMICIDIO,CULPOSO,MATAMOROS,25.817383030602844,-97.46460914611818,25.817383030602844,-97.46460914611818,True,True,True,MATAMOROS
UNIDAD MATAMOROS 2A.,22/07/2023,2023.0,HOMICIDIO,CULPOSO,MATAMOROS,25.82706171718188,-97.5345665216446,25.82706171718188,-97.5345665216446,True,True,True,MATAMOROS
UNIDAD MATAMOROS 2A.,22/07/2023,2023.0,HOMICIDIO,CULPOSO,MATAMOROS,25.864195538653746,-97.49997138977052,25.864195538653743,-97.49997138977052,True,True,True,MATAMOROS
UNIDAD MATAMOROS 2A.,22/08/2021,2021.0,LESIONES,CULPOSO,MATAMOROS,25.867301715638092,-97.5629496574402,25.86730171563809,-97.5629496574402,True,True,True,MATAMOROS
UNIDAD MATAMOROS 2A.,22/08/2022,2022.0,HOMICIDIO,CULPOSO,MATAMOROS,25.85708988200978,-97.57103919982912,25.85708988200978,-97.57103919982912,True,True,True,MATAMOROS
UNIDAD MATAMOROS 3,22/09/2019,2019.0,LESIONES,CULPOSO,MATAMOROS,25.86925600698071,-97.50701487064363,25.86925600698071,-97.50701487064364,True,True,True,MATAMOROS
UNIDAD MATAMOROS 3,22/09/2019,2019.0,HOMICIDIO,CULPOSO,MATAMOROS,25.760943170085724,-97.54415829699862,25.760943170085724,-97.54415829699862,True,False,True,MATAMOROS
UNIDAD MATAMOROS 1A.,22/09/2021,2021.0,HOMICIDIO,CULPOSO,MATAMOROS,25.8376388591214,-97.46233486247327,25.8376388591214,-97.46233486247328,True,True,True,MATAMOROS
UNIDAD MATAMOROS 1A.,22/10/2023,2023.0,LESIONES,CULPOSO,MATAMOROS,25.79995841168462,-97.50966070407506,25.79995841168462,-97.50966070407506,True,True,True,MATAMOROS
UNIDAD MATAMOROS 3,23/02/2022,2022.0,HOMICIDIO,CULPOSO,MATAMOROS,25.87602738198997,-97.50426722626865,25.87602738198997,-97.50426722626864,True,True,True,MATAMOROS
UNIDAD MATAMOROS 3,23/03/2022,2022.0,HOMICIDIO,CULPOSO,MATAMOROS,25.867485139231782,-97.49178952096959,25.867485139231785,-97.4917895209696,True,True,True,MATAMOROS
UNIDAD MATAMOROS 2A.,23/04/2020,2020.0,LESIONES,CULPOSO,MATAMOROS,25.828106062765666,-97.45089973814856,25.828106062765663,-97.45089973814856,True,True,True,MATAMOROS
UNIDAD MATAMOROS 3,23/04/2021,2021.0,LESIONES,CULPOSO,MATAMOROS,25.872200355253852,-97.50364601612092,25.87220035525385,-97.50364601612092,True,True,True,MATAMOROS
UNIDAD MATAMOROS 3,23/04/2021,2021.0,LESIONES,CULPOSO,MATAMOROS,25.83804140556394,-97.4984747171402,25.83804140556394,-97.4984747171402,True,True,True,MATAMOROS
UNIDAD MATAMOROS 3,23/05/2020,2020.0,HOMICIDIO,CULPOSO,MATAMOROS,25.854997084576045,-97.49568726378799,25.854997084576045,-97.495687263788,True,True,True,MATAMOROS
ATENCION INMEDIATA EN MATAMOROS,23/05/2022,2022.0,LESIONES,CULPOSO,MATAMOROS,25.831113432519963,-97.45939493179323,25.831113432519963,-97.45939493179324,True,True,True,MATAMOROS
UNIDAD MATAMOROS 2A.,23/05/2023,2023.0,LESIONES,CULPOSO,MATAMOROS,25.859099855893874,-97.47301518917084,25.85909985589388,-97.47301518917084,True,True,True,MATAMOROS
UNIDAD MATAMOROS 3,23/08/2021,2021.0,HOMICIDIO,CULPOSO,MATAMOROS,25.89493030461131,-97.53722190856935,25.89493030461131,-97.53722190856936,True,True,True,MATAMOROS
UNIDAD REYNOSA 3A.,23/10/2022,2022.0,LESIONES,CULPOSO,MATAMOROS,25.936995,98.271129,25.936995,-98.271129,True,False,False,MATAMOROS
UNIDAD MATAMOROS 1A.,23/11/2019,2019.0,HOMICIDIO,CULPOSO,MATAMOROS,25.85459199983546,-97.56702480836012,25.85459199983546,-97.56702480836012,True,False,True,MATAMOROS
UNIDAD MATAMOROS 3,23/12/2020,2020.0,LESIONES,CULPOSO,MATAMOROS,25.725432631730477,-97.81591415405273,25.72543263173048,-97.81591415405272,True,False,False,MATAMOROS
UNIDAD MATAMOROS 2A.,24/01/2019,2019.0,HOMICIDIO,CULPOSO,MATAMOROS,25.875328041567247,-97.50403225421907,25.875328041567247,-97.50403225421908,True,True,True,MATAMOROS
UNIDAD MATAMOROS 2A.,24/02/2020,2020.0,HOMICIDIO,CULPOSO,MATAMOROS,25.78770403862998,-97.52875685691835,25.78770403862998,-97.52875685691836,True,True,True,MATAMOROS
UNIDAD MATAMOROS 3,24/02/2021,2021.0,LESIONES,CULPOSO,MATAMOROS,25.84277288327926,-97.47361600399019,25.84277288327926,-97.4736160039902,True,True,True,MATAMOROS
UNIDAD MATAMOROS 3,24/03/2021,2021.0,HOMICIDIO,CULPOSO,MATAMOROS,25.784921818172595,-97.531396150589,25.784921818172595,-97.531396150589,True,True,True,MATAMOROS
UNIDAD MATAMOROS 3,24/04/2019,2019.0,HOMICIDIO,CULPOSO,MATAMOROS,25.84940195560256,-97.50924082391381,25.84940195560256,-97.5092408239138,True,True,True,MATAMOROS
ATENCION INMEDIATA EN MATAMOROS,24/04/2020,2020.0,LESIONES,CULPOSO,MATAMOROS,25.841342685823424,-97.47174324486468,25.841342685823424,-97.47174324486468,True,True,True,MATAMOROS
UNIDAD MATAMOROS 3,24/04/2021,2021.0,HOMICIDIO,CULPOSO,MATAMOROS,25.86919024098686,-97.49657034873962,25.86919024098686,-97.49657034873962,True,True,True,MATAMOROS
UNIDAD MATAMOROS 1A.,24/05/2021,2021.0,HOMICIDIO,CULPOSO,MATAMOROS,25.894312599150826,-97.53310203552248,25.894312599150823,-97.53310203552248,True,True,True,MATAMOROS
UNIDAD MATAMOROS 1A.,24/05/2022,2022.0,HOMICIDIO,CULPOSO,MATAMOROS,25.844021503173817,-97.50327587127687,25.844021503173817,-97.50327587127688,True,True,True,MATAMOROS
UNIDAD MATAMOROS 2A.,24/06/2019,2019.0,LESIONES,CULPOSO,MATAMOROS,25.866408124913754,-97.51262605190279,25.86640812491376,-97.5126260519028,True,True,True,MATAMOROS
UNIDAD MATAMOROS 2A.,24/06/2020,2020.0,HOMICIDIO,CULPOSO,MATAMOROS,25.758184300012456,-97.54391670227052,25.758184300012456,-97.54391670227052,True,False,True,MATAMOROS
UNIDAD MATAMOROS 2A.,24/07/2020,2020.0,HOMICIDIO,CULPOSO,MATAMOROS,25.86888916500639,-97.49654352664949,25.86888916500639,-97.49654352664948,True,True,True,MATAMOROS
ATENCION INMEDIATA EN MATAMOROS,24/08/2022,2022.0,LESIONES,CULPOSO,MATAMOROS,26.03632362737311,-97.954595256362,26.03632362737311,-97.954595256362,True,False,False,MATAMOROS
UNIDAD MATAMOROS 1A.,24/09/2023,2023.0,HOMICIDIO,CULPOSO,MATAMOROS,25.71533055185253,-97.57041778168379,25.71533055185253,-97.5704177816838,True,False,False,MATAMOROS
UNIDAD MATAMOROS 1A.,24/09/2023,2023.0,HOMICIDIO,CULPOSO,MATAMOROS,25.8739774873329,-97.49319986489438,25.8739774873329,-97.49319986489438,True,True,True,MATAMOROS
UNIDAD MATAMOROS 1A.,24/10/2019,2019.0,HOMICIDIO,CULPOSO,MATAMOROS,25.866722631014554,-97.48964514484598,25.86672263101456,-97.48964514484598,True,True,True,MATAMOROS
UNIDAD MATAMOROS 1A.,24/10/2019,2019.0,HOMICIDIO,CULPOSO,MATAMOROS,25.869655271885854,-97.50341999679718,25.86965527188585,-97.50341999679718,True,True,True,MATAMOROS
UNIDAD MATAMOROS 2A.,24/11/2022,2022.0,LESIONES,CULPOSO,MATAMOROS,25.842897504464954,-97.5379702448845,25.84289750446496,-97.5379702448845,True,True,True,MATAMOROS
UNIDAD MATAMOROS 2A.,24/12/2021,2021.0,LESIONES,CULPOSO,MATAMOROS,25.873524935638436,-97.50871495172873,25.87352493563844,-97.50871495172872,True,True,True,MATAMOROS
UNIDAD MATAMOROS 2A.,25/01/2020,2020.0,LESIONES,CULPOSO,MATAMOROS,25.892730646401837,-97.5010863618198,25.89273064640184,-97.5010863618198,True,True,True,MATAMOROS
UNIDAD MATAMOROS 3,25/02/2020,2020.0,HOMICIDIO,CULPOSO,MATAMOROS,25.86758623738481,-97.49240529826076,25.86758623738481,-97.49240529826076,True,True,True,MATAMOROS
UNIDAD MATAMOROS 3,25/03/2021,2021.0,LESIONES,CULPOSO,MATAMOROS,25.868879511254843,-97.51483619213106,25.868879511254843,-97.51483619213106,True,True,True,MATAMOROS
UNIDAD MATAMOROS 3,25/03/2023,2023.0,LESIONES,CULPOSO,MATAMOROS,25.870367989756602,-97.54924893379211,25.8703679897566,-97.54924893379211,True,True,True,MATAMOROS
UNIDAD MATAMOROS 3,25/04/2019,2019.0,LESIONES,CULPOSO,MATAMOROS,25.87212312738375,-97.50403225421907,25.87212312738375,-97.50403225421908,True,True,True,MATAMOROS
UNIDAD MATAMOROS 3,25/04/2021,2021.0,HOMICIDIO,CULPOSO,MATAMOROS,25.8107900853316,-97.52118229866029,25.8107900853316,-97.52118229866028,True,True,True,MATAMOROS
UNIDAD MATAMOROS 1A.,25/04/2022,2022.0,HOMICIDIO,CULPOSO,MATAMOROS,25.911315209142057,-97.55955934524538,25.911315209142057,-97.55955934524538,True,True,True,MATAMOROS
UNIDAD MATAMOROS 3,25/05/2019,2019.0,LESIONES,CULPOSO,MATAMOROS,25.867141877926535,-97.49645206721046,25.86714187792653,-97.49645206721046,True,True,True,MATAMOROS
UNIDAD 1 ADOLESCENTES MATAMOROS,25/05/2022,2022.0,LESIONES,CULPOSO,MATAMOROS,25.84952982059058,-97.58661735146565,25.84952982059058,-97.58661735146563,True,True,True,MATAMOROS
UNIDAD MATAMOROS 2A.,25/05/2023,2023.0,HOMICIDIO,CULPOSO,MATAMOROS,25.818621053284943,-97.48950541019441,25.818621053284943,-97.4895054101944,True,True,True,MATAMOROS
UNIDAD MATAMOROS 2A.,25/06/2023,2023.0,LESIONES,CULPOSO,MATAMOROS,25.84121043025078,-97.55023598670961,25.84121043025078,-97.5502359867096,True,True,True,MATAMOROS
UNIDAD MATAMOROS 2A.,25/06/2023,2023.0,HOMICIDIO,CULPOSO,MATAMOROS,25.831135160397565,-97.55249977111818,25.831135160397565,-97.55249977111818,True,True,True,MATAMOROS
UNIDAD MATAMOROS 2A.,25/07/2020,2020.0,HOMICIDIO,CULPOSO,MATAMOROS,25.868730481365283,-97.49686002731325,25.868730481365283,-97.49686002731325,True,True,True,MATAMOROS
UNIDAD MATAMOROS 3,25/08/2019,2019.0,HOMICIDIO,CULPOSO,MATAMOROS,25.889370839088436,-97.50048637390138,25.88937083908844,-97.50048637390138,True,True,True,MATAMOROS
UNIDAD MATAMOROS 1A.,25/09/2019,2019.0,LESIONES,CULPOSO,MATAMOROS,25.84095767494168,-97.51044993667429,25.84095767494168,-97.51044993667428,True,True,True,MATAMOROS
UNIDAD MATAMOROS 1A.,25/09/2022,2022.0,LESIONES,CULPOSO,MATAMOROS,25.84121043025078,-97.46689438819885,25.84121043025078,-97.46689438819884,True,True,True,MATAMOROS
UNIDAD MATAMOROS 1A.,25/10/2020,2020.0,HOMICIDIO,CULPOSO,MATAMOROS,25.761177197959757,-97.54436713639059,25.76117719795976,-97.5443671363906,True,False,True,MATAMOROS
UNIDAD MATAMOROS 1A.,25/10/2020,2020.0,HOMICIDIO,CULPOSO,MATAMOROS,25.84179582449424,-97.49241828918457,25.84179582449424,-97.49241828918456,True,True,True,MATAMOROS
UNIDAD MATAMOROS 2A.,25/11/2019,2019.0,LESIONES,CULPOSO,MATAMOROS,25.83627519279507,-97.54141761613586,25.83627519279507,-97.54141761613586,True,True,True,MATAMOROS
UNIDAD MATAMOROS 2A.,25/12/2021,2021.0,HOMICIDIO,CULPOSO,MATAMOROS,25.868572355233045,-97.49658189263764,25.868572355233045,-97.49658189263764,True,True,True,MATAMOROS
UNIDAD MATAMOROS 2A.,26/01/2020,2020.0,HOMICIDIO,CULPOSO,MATAMOROS,25.834302614248628,-97.50977783854331,25.834302614248628,-97.50977783854331,True,True,True,MATAMOROS
UNIDAD MATAMOROS 2A.,26/01/2020,2020.0,HOMICIDIO,CULPOSO,MATAMOROS,25.826710489119606,-97.51224014170718,25.82671048911961,-97.51224014170718,True,True,True,MATAMOROS
UNIDAD MATAMOROS 2A.,26/01/2020,2020.0,HOMICIDIO,CULPOSO,MATAMOROS,25.83425696505584,-97.45226047696954,25.83425696505584,-97.45226047696954,True,True,True,MATAMOROS
UNIDAD MATAMOROS 3,26/01/2023,2023.0,LESIONES,CULPOSO,MATAMOROS,25.8267535598224,-97.532987447048,25.8267535598224,-97.532987447048,True,True,True,MATAMOROS
UNIDAD MATAMOROS 3,26/02/2019,2019.0,LESIONES,CULPOSO,MATAMOROS,25.78918889211136,-97.59071099986603,25.78918889211136,-97.59071099986603,True,False,True,MATAMOROS
UNIDAD MATAMOROS 3,26/03/2019,2019.0,LESIONES,CULPOSO,MATAMOROS,25.835785328233925,-97.49829743214177,25.835785328233925,-97.49829743214175,True,True,True,MATAMOROS
UNIDAD MATAMOROS 3,26/03/2021,2021.0,LESIONES,CULPOSO,MATAMOROS,25.87118673544185,-97.5014251470566,25.87118673544185,-97.5014251470566,True,True,True,MATAMOROS
UNIDAD MATAMOROS 2A.,26/04/2022,2022.0,LESIONES,CULPOSO,MATAMOROS,25.868791722415512,-97.5035682320595,25.868791722415512,-97.5035682320595,True,True,True,MATAMOROS
UNIDAD MATAMOROS 3,26/05/2019,2019.0,HOMICIDIO,CULPOSO,MATAMOROS,25.861212180143543,-97.50934624641566,25.861212180143543,-97.50934624641566,True,True,True,MATAMOROS
UNIDAD MATAMOROS 2A.,26/06/2023,2023.0,LESIONES,CULPOSO,MATAMOROS,25.868366051207893,-97.51112937927248,25.868366051207893,-97.51112937927248,True,True,True,MATAMOROS
UNIDAD MATAMOROS 3,26/08/2019,2019.0,HOMICIDIO,CULPOSO,MATAMOROS,25.851992082608657,-97.52125740051271,25.851992082608657,-97.52125740051272,True,True,True,MATAMOROS
UNIDAD MATAMOROS 3,26/08/2019,2019.0,LESIONES,CULPOSO,MATAMOROS,25.84198897880585,-97.55200213034207,25.84198897880585,-97.55200213034207,True,True,True,MATAMOROS
UNIDAD MATAMOROS 1A.,26/08/2020,2020.0,HOMICIDIO,CULPOSO,MATAMOROS,25.81922329537061,-97.51756259717166,25.81922329537061,-97.51756259717166,True,True,True,MATAMOROS
UNIDAD MATAMOROS 1A.,26/08/2020,2020.0,LESIONES,CULPOSO,MATAMOROS,25.70875857658673,-97.57313259354976,25.70875857658673,-97.57313259354976,True,False,False,MATAMOROS
UNIDAD MATAMOROS 1A.,26/08/2022,2022.0,HOMICIDIO,CULPOSO,MATAMOROS,25.8733026569282,-97.50309348106386,25.8733026569282,-97.50309348106386,True,True,True,MATAMOROS
UNIDAD MATAMOROS 2A.,26/11/2019,2019.0,HOMICIDIO,CULPOSO,MATAMOROS,25.868750999225334,-97.49724642821289,25.86875099922533,-97.49724642821288,True,True,True,MATAMOROS
UNIDAD MATAMOROS 2A.,26/11/2023,2023.0,HOMICIDIO,CULPOSO,MATAMOROS,25.934919848911214,-97.77771949768068,25.93491984891121,-97.77771949768068,True,False,False,MATAMOROS
UNIDAD MATAMOROS 3,26/12/2020,2020.0,HOMICIDIO,CULPOSO,MATAMOROS,25.87603272489228,-97.50438630580904,25.87603272489228,-97.50438630580904,True,True,True,MATAMOROS
UNIDAD MATAMOROS 2A.,26/12/2021,2021.0,HOMICIDIO,CULPOSO,MATAMOROS,25.868400201849376,-97.49279439749323,25.868400201849376,-97.49279439749324,True,True,True,MATAMOROS
UNIDAD MATAMOROS 3,26/12/2023,2023.0,HOMICIDIO,CULPOSO,MATAMOROS,25.825866252915354,97.53339851944035,25.82586625291536,-97.53339851944035,True,True,True,MATAMOROS
UNIDAD MATAMOROS 2A.,26/12/2023,2023.0,HOMICIDIO,CULPOSO,MATAMOROS,25.890806714480412,-97.53114001759357,25.89080671448041,-97.53114001759356,True,True,True,MATAMOROS
UNIDAD MATAMOROS 3,27/01/2022,2022.0,HOMICIDIO,CULPOSO,MATAMOROS,25.84835566289307,-97.50639796257019,25.84835566289307,-97.5063979625702,True,True,True,MATAMOROS
UNIDAD MATAMOROS 3,27/02/2021,2021.0,HOMICIDIO,CULPOSO,MATAMOROS,25.849189647558433,-97.52638578414918,25.84918964755844,-97.52638578414918,True,True,True,MATAMOROS
UNIDAD MATAMOROS 3,27/03/2019,2019.0,LESIONES,CULPOSO,MATAMOROS,25.81629529838496,-97.55184531211854,25.81629529838496,-97.55184531211854,True,False,True,MATAMOROS
UNIDAD MATAMOROS 3,27/03/2019,2019.0,LESIONES,CULPOSO,MATAMOROS,25.870311823146714,-97.514561619955,25.870311823146714,-97.514561619955,True,True,True,MATAMOROS
UNIDAD MATAMOROS 3,27/03/2019,2019.0,LESIONES,CULPOSO,MATAMOROS,25.869434252067222,-97.49594825900672,25.869434252067222,-97.49594825900672,True,True,True,MATAMOROS
UNIDAD MATAMOROS 1A.,27/04/2021,2021.0,HOMICIDIO,CULPOSO,MATAMOROS,25.846596551496017,-97.50000894069673,25.846596551496017,-97.50000894069672,True,True,True,MATAMOROS
UNIDAD MATAMOROS 3,27/07/2019,2019.0,LESIONES,CULPOSO,MATAMOROS,25.831044929768726,-97.52937939457132,25.831044929768726,-97.52937939457132,True,True,True,MATAMOROS
UNIDAD MATAMOROS 2A.,27/07/2023,2023.0,LESIONES,CULPOSO,MATAMOROS,25.860937223315048,-97.55554676055908,25.860937223315048,-97.55554676055908,True,True,True,MATAMOROS
UNIDAD MATAMOROS 1A.,27/09/2019,2019.0,HOMICIDIO,CULPOSO,MATAMOROS,25.821214318227792,-97.54392229867769,25.821214318227792,-97.54392229867769,True,True,True,MATAMOROS
UNIDAD MATAMOROS 2A.,27/09/2023,2023.0,LESIONES,CULPOSO,MATAMOROS,25.833589781334798,-97.49916136264802,25.8335897813348,-97.49916136264802,True,True,True,MATAMOROS
UNIDAD MATAMOROS 2A.,27/09/2023,2023.0,LESIONES,CULPOSO,MATAMOROS,25.82555730865694,-97.53473372569157,25.82555730865694,-97.53473372569157,True,True,True,MATAMOROS
UNIDAD MATAMOROS 1A.,27/10/2019,2019.0,HOMICIDIO,CULPOSO,MATAMOROS,25.883775539696703,-97.50497921135302,25.883775539696703,-97.50497921135302,True,True,True,MATAMOROS
UNIDAD 1 ADOLESCENTES MATAMOROS,27/11/2021,2021.0,HOMICIDIO,CULPOSO,MATAMOROS,25.807765192912996,-97.52100566889933,25.807765192913,-97.52100566889932,True,True,True,MATAMOROS
UNIDAD MATAMOROS 3,27/11/2023,2023.0,LESIONES,CULPOSO,MATAMOROS,25.838302124568077,-97.45760858058931,25.83830212456808,-97.45760858058932,True,True,True,MATAMOROS
UNIDAD MATAMOROS 3,27/12/2021,2021.0,HOMICIDIO,CULPOSO,MATAMOROS,25.88268537986512,-97.58358120918275,25.88268537986512,-97.58358120918275,True,False,True,MATAMOROS
UNIDAD MATAMOROS 3,28/01/2020,2020.0,HOMICIDIO,CULPOSO,MATAMOROS,25.823279048599165,-97.50378253596763,25.823279048599165,-97.50378253596764,True,True,True,MATAMOROS
UNIDAD MATAMOROS 3,28/01/2022,2022.0,HOMICIDIO,CULPOSO,MATAMOROS,25.8685449278673,-97.48055125902385,25.8685449278673,-97.48055125902384,True,True,True,MATAMOROS
UNIDAD MATAMOROS 3,28/01/2023,2023.0,HOMICIDIO,CULPOSO,MATAMOROS,25.821054807584527,-97.50257313251497,25.821054807584527,-97.50257313251495,True,True,True,MATAMOROS
UNIDAD MATAMOROS 3,28/01/2023,2023.0,LESIONES,CULPOSO,MATAMOROS,25.8269080747787,-97.5330732777365,25.8269080747787,-97.5330732777365,True,True,True,MATAMOROS
UNIDAD MATAMOROS 3,28/02/2019,2019.0,LESIONES,CULPOSO,MATAMOROS,25.87220216528144,-97.5036084651947,25.87220216528144,-97.5036084651947,True,True,True,MATAMOROS
UNIDAD MATAMOROS 3,28/03/2020,2020.0,LESIONES,CULPOSO,MATAMOROS,25.844352926602397,-97.45339557601865,25.8443529266024,-97.45339557601864,True,True,True,MATAMOROS
UNIDAD MATAMOROS 1A.,28/06/2023,2023.0,LESIONES,CULPOSO,MATAMOROS,25.8707951767196,-97.5420804561273,25.8707951767196,-97.5420804561273,True,True,True,MATAMOROS
UNIDAD MATAMOROS 1A.,28/07/2022,2022.0,HOMICIDIO,CULPOSO,MATAMOROS,25.871385808811187,-97.52434688238688,25.871385808811187,-97.52434688238688,True,True,True,MATAMOROS
UNIDAD MATAMOROS 1A.,28/07/2022,2022.0,LESIONES,CULPOSO,MATAMOROS,25.82912652196452,-97.45139122009279,25.82912652196452,-97.4513912200928,True,True,True,MATAMOROS
ATENCION INMEDIATA EN MATAMOROS,28/07/2022,2022.0,LESIONES,CULPOSO,MATAMOROS,25.86542434202272,-97.52952955351907,25.86542434202272,-97.52952955351908,True,True,True,MATAMOROS
UNIDAD MATAMOROS 1A.,28/08/2020,2020.0,HOMICIDIO,CULPOSO,MATAMOROS,25.83666373398287,-97.4917780161985,25.83666373398287,-97.4917780161985,True,True,True,MATAMOROS
UNIDAD MATAMOROS 1A.,28/08/2021,2021.0,HOMICIDIO,CULPOSO,MATAMOROS,25.8481239323906,-97.5023639202118,25.8481239323906,-97.5023639202118,True,True,True,MATAMOROS
UNIDAD MATAMOROS 1A.,28/08/2023,2023.0,LESIONES,CULPOSO,MATAMOROS,25.868703933511,-97.505464553833,25.868703933511,-97.505464553833,True,True,True,MATAMOROS
UNIDAD MATAMOROS 1A.,28/08/2023,2023.0,HOMICIDIO,CULPOSO,MATAMOROS,25.865740190094343,-97.50821113586427,25.865740190094343,-97.50821113586429,True,True,True,MATAMOROS
UNIDAD MATAMOROS 1A.,28/08/2023,2023.0,LESIONES,CULPOSO,MATAMOROS,25.8487768801957,-97.5631427764892,25.8487768801957,-97.5631427764892,True,True,True,MATAMOROS
UNIDAD MATAMOROS 1A.,28/09/2019,2019.0,LESIONES,CULPOSO,MATAMOROS,25.86389255684163,-97.53390682985462,25.86389255684163,-97.53390682985462,True,True,True,MATAMOROS
UNIDAD MATAMOROS 1A.,28/09/2020,2020.0,HOMICIDIO,CULPOSO,MATAMOROS,25.83594175171578,-97.49308347702026,25.83594175171578,-97.49308347702026,True,True,True,MATAMOROS
UNIDAD MATAMOROS 1A.,28/10/2019,2019.0,LESIONES,CULPOSO,MATAMOROS,25.848441476671933,-97.50667043312914,25.848441476671933,-97.50667043312914,True,True,True,MATAMOROS
UNIDAD MATAMOROS 2A.,28/10/2023,2023.0,LESIONES,CULPOSO,MATAMOROS,25.826165408075695,-97.53274798393251,25.82616540807569,-97.53274798393252,True,True,True,MATAMOROS
UNIDAD MATAMOROS 2A.,28/11/2020,2020.0,HOMICIDIO,CULPOSO,MATAMOROS,25.877345520944125,-97.50439126471643,25.877345520944125,-97.50439126471645,True,True,True,MATAMOROS
ATENCION INMEDIATA EN MATAMOROS,28/12/2021,2021.0,LESIONES,CULPOSO,MATAMOROS,25.88299855035096,-97.49948842027467,25.88299855035096,-97.49948842027467,True,True,True,MATAMOROS
UNIDAD MATAMOROS 2A.,28/12/2023,2023.0,LESIONES,CULPOSO,MATAMOROS,25.827035881105783,-97.5199435673755,25.827035881105783,-97.5199435673755,True,True,True,MATAMOROS
UNIDAD MATAMOROS 3,29/01/2019,2019.0,HOMICIDIO,CULPOSO,MATAMOROS,25.85673356214872,-97.49030202627185,25.85673356214872,-97.49030202627183,True,True,True,MATAMOROS
UNIDAD MATAMOROS 3,29/01/2021,2021.0,HOMICIDIO,CULPOSO,MATAMOROS,25.86940081270967,-97.49641478061676,25.86940081270967,-97.49641478061676,True,True,True,MATAMOROS
UNIDAD MATAMOROS 3,29/01/2021,2021.0,LESIONES,CULPOSO,MATAMOROS,25.846121617106817,-97.50683784484865,25.846121617106817,-97.50683784484865,True,True,True,MATAMOROS
UNIDAD MATAMOROS 3,29/06/2019,2019.0,LESIONES,CULPOSO,MATAMOROS,25.849546473852197,-97.58063146527343,25.8495464738522,-97.58063146527344,True,True,True,MATAMOROS
UNIDAD MATAMOROS 2A.,29/06/2020,2020.0,HOMICIDIO,CULPOSO,MATAMOROS,25.891069592445426,-97.51988410949708,25.891069592445422,-97.51988410949708,True,False,True,MATAMOROS
UNIDAD 1 ADOLESCENTES MATAMOROS,29/06/2023,2023.0,HOMICIDIO,CULPOSO,MATAMOROS,25.866791293865013,-97.56704398165436,25.866791293865013,-97.56704398165436,True,True,True,MATAMOROS
UNIDAD MATAMOROS 1A.,29/06/2023,2023.0,LESIONES,CULPOSO,MATAMOROS,25.8242991319193,-97.5754058361053,25.8242991319193,-97.5754058361053,True,True,True,MATAMOROS
UNIDAD MATAMOROS 1A.,29/08/2020,2020.0,HOMICIDIO,CULPOSO,MATAMOROS,25.87780889427315,-97.51155509758162,25.87780889427315,-97.51155509758162,True,True,True,MATAMOROS
UNIDAD MATAMOROS 2A.,29/09/2021,2021.0,LESIONES,CULPOSO,MATAMOROS,25.842888753829108,-97.46344506740571,25.842888753829108,-97.46344506740571,True,True,True,MATAMOROS
UNIDAD MATAMOROS 2A.,29/10/2019,2019.0,HOMICIDIO,CULPOSO,MATAMOROS,25.78730543769972,-97.53039849123606,25.78730543769972,-97.53039849123606,True,True,True,MATAMOROS
UNIDAD MATAMOROS 2A.,29/10/2023,2023.0,LESIONES,CULPOSO,MATAMOROS,25.826648269043424,-97.5326192378998,25.826648269043424,-97.5326192378998,True,True,True,MATAMOROS
UNIDAD MATAMOROS 2A.,29/12/2019,2019.0,HOMICIDIO,CULPOSO,MATAMOROS,25.831368734756182,-97.45120833248158,25.831368734756182,-97.45120833248158,True,True,True,MATAMOROS
UNIDAD MATAMOROS 3,29/12/2022,2022.0,LESIONES,CULPOSO,MATAMOROS,25.883726048772655,-97.50491201877595,25.88372604877265,-97.50491201877595,True,True,True,MATAMOROS
UNIDAD MATAMOROS 3,29/12/2022,2022.0,LESIONES,CULPOSO,MATAMOROS,25.83766481043263,-97.47845470905305,25.83766481043263,-97.47845470905304,True,True,True,MATAMOROS
UNIDAD MATAMOROS 3,29/12/2022,2022.0,LESIONES,CULPOSO,MATAMOROS,25.9137084548557,-97.5753951072693,25.9137084548557,-97.5753951072693,True,False,True,MATAMOROS
UNIDAD MATAMOROS 3,30/03/2020,2020.0,LESIONES,CULPOSO,MATAMOROS,25.87239425887371,-97.51060732613112,25.87239425887371,-97.51060732613112,True,True,True,MATAMOROS
UNIDAD MATAMOROS 2A.,30/04/2019,2019.0,LESIONES,CULPOSO,MATAMOROS,25.847706937035486,-97.49672591686249,25.84770693703549,-97.49672591686247,True,True,True,MATAMOROS
UNIDAD MATAMOROS 2A.,30/04/2021,2021.0,LESIONES,CULPOSO,MATAMOROS,25.894312599150826,-97.53035545349123,25.894312599150823,-97.53035545349124,True,True,True,MATAMOROS
UNIDAD MATAMOROS 2A.,30/04/2023,2023.0,LESIONES,CULPOSO,MATAMOROS,25.873526796377067,-97.50355750322343,25.873526796377067,-97.50355750322343,True,True,True,MATAMOROS
UNIDAD MATAMOROS 2A.,30/04/2023,2023.0,LESIONES,CULPOSO,MATAMOROS,25.85590596665948,-97.52347826957703,25.85590596665948,-97.52347826957704,True,True,True,MATAMOROS
UNIDAD MATAMOROS 2A.,30/05/2019,2019.0,HOMICIDIO,CULPOSO,MATAMOROS,25.857840533714942,-97.4715828895569,25.857840533714946,-97.4715828895569,True,True,True,MATAMOROS
UNIDAD MATAMOROS 1A.,30/06/2022,2022.0,HOMICIDIO,CULPOSO,MATAMOROS,25.823885372338342,-97.50881409567724,25.823885372338346,-97.50881409567724,True,True,True,MATAMOROS
UNIDAD MATAMOROS 1A.,30/07/2023,2023.0,HOMICIDIO,CULPOSO,MATAMOROS,25.853392068351315,-97.62229754072284,25.853392068351315,-97.62229754072284,True,False,False,MATAMOROS
UNIDAD MATAMOROS 1A.,30/08/2021,2021.0,HOMICIDIO,CULPOSO,MATAMOROS,25.490277702608235,-97.77375530562257,25.490277702608235,-97.77375530562256,True,False,False,MATAMOROS
UNIDAD 1 ADOLESCENTES MATAMOROS,30/08/2023,2023.0,LESIONES,CULPOSO,MATAMOROS,25.866543220723536,-97.58629763897395,25.866543220723536,-97.58629763897396,True,True,True,MATAMOROS
UNIDAD MATAMOROS 1A.,30/09/2019,2019.0,HOMICIDIO,CULPOSO,MATAMOROS,25.857268297935107,-97.47805954349889,25.857268297935107,-97.47805954349889,True,True,True,MATAMOROS
UNIDAD MATAMOROS 2A.,30/09/2020,2020.0,HOMICIDIO,CULPOSO,MATAMOROS,25.8709034356576,-97.54631544709093,25.8709034356576,-97.54631544709092,True,True,True,MATAMOROS
UNIDAD MATAMOROS 2A.,30/11/2019,2019.0,HOMICIDIO,CULPOSO,MATAMOROS,26.012110271869776,-98.08988571166992,26.012110271869776,-98.08988571166992,True,False,False,MATAMOROS
UNIDAD MATAMOROS 3,30/11/2020,2020.0,HOMICIDIO,CULPOSO,MATAMOROS,25.854094468746688,-97.47119665145875,25.854094468746688,-97.47119665145875,True,True,True,MATAMOROS
ATENCION INMEDIATA EN MATAMOROS,30/11/2022,2022.0,LESIONES,CULPOSO,MATAMOROS,25.855775498614673,-97.56198594927956,25.85577549861468,-97.56198594927956,True,True,True,MATAMOROS
UNIDAD MATAMOROS 3,30/12/2022,2022.0,LESIONES,CULPOSO,MATAMOROS,25.826397181586007,-97.5325334072113,25.826397181586007,-97.5325334072113,True,True,True,MATAMOROS
UNIDAD MATAMOROS 3,31/01/2020,2020.0,LESIONES,CULPOSO,MATAMOROS,25.853582946473722,-97.49841991802427,25.85358294647372,-97.49841991802428,True,True,True,MATAMOROS
UNIDAD MATAMOROS 3,31/03/2019,2019.0,LESIONES,CULPOSO,MATAMOROS,25.850643044605693,-97.48142049266069,25.850643044605693,-97.48142049266067,True,True,True,MATAMOROS
UNIDAD MATAMOROS 2A.,31/03/2021,2021.0,LESIONES,CULPOSO,MATAMOROS,25.874102075627107,-97.50577032566072,25.874102075627107,-97.50577032566072,True,True,True,MATAMOROS
UNIDAD MATAMOROS 1A.,31/03/2022,2022.0,HOMICIDIO,CULPOSO,MATAMOROS,25.881428722230144,-97.50792682170868,25.881428722230144,-97.50792682170868,True,True,True,MATAMOROS
UNIDAD MATAMOROS 1A.,31/05/2021,2021.0,HOMICIDIO,CULPOSO,MATAMOROS,25.892459463372436,-97.53705024719238,25.89245946337244,-97.53705024719238,True,True,True,MATAMOROS
UNIDAD MATAMOROS 1A.,31/05/2022,2022.0,HOMICIDIO,CULPOSO,MATAMOROS,25.8723461005377,-97.5037857270581,25.8723461005377,-97.5037857270581,True,True,True,MATAMOROS
UNIDAD MATAMOROS 2A.,31/05/2022,2022.0,HOMICIDIO,CULPOSO,MATAMOROS,25.85570050002059,-97.52791196107866,25.85570050002059,-97.52791196107866,True,True,True,MATAMOROS
UNIDAD MATAMOROS 2A.,31/05/2022,2022.0,HOMICIDIO,CULPOSO,MATAMOROS,25.871363516189916,-97.5148630142212,25.87136351618992,-97.5148630142212,True,True,True,MATAMOROS
UNIDAD MATAMOROS 3,31/12/2020,2020.0,HOMICIDIO,CULPOSO,MATAMOROS,25.86969223370128,-97.49626994132996,25.86969223370128,-97.49626994132996,True,True,True,MATAMOROS
UNIDAD MATAMOROS 3,31/12/2021,2021.0,LESIONES,CULPOSO,MATAMOROS,25.85131803183757,-97.4828749895096,25.85131803183757,-97.4828749895096,True,True,True,MATAMOROS
UNIDAD MATAMOROS 3,31/12/2021,2021.0,LESIONES,CULPOSO,MATAMOROS,25.84581444759812,-97.45509803295137,25.84581444759812,-97.45509803295135,True,True,True,MATAMOROS
UNIDAD MATAMOROS 3,31/12/2022,2022.0,HOMICIDIO,CULPOSO,MATAMOROS,25.882133369156808,-97.49941885471345,25.882133369156808,-97.49941885471344,True,True,True,MATAMOROS
