,axa,axa_moto,atus_ksi,atus_vru,atus_moto,fis_hom
8a48b0690007fff,0.0,0.0,0.0,0.0,0.0,0.0
8a48b069000ffff,1.0,0.0,0.0,0.0,0.0,0.0
8a48b0690017fff,0.0,0.0,0.0,0.0,0.0,0.0
8a48b069001ffff,0.0,0.0,1.0,1.0,0.0,0.0
8a48b0690027fff,0.0,0.0,1.0,0.0,0.0,0.0
8a48b069006ffff,1.0,0.0,0.0,0.0,0.0,0.0
8a48b0690097fff,0.0,0.0,0.0,0.0,0.0,0.0
8a48b06900a7fff,0.0,0.0,0.0,0.0,0.0,0.0
8a48b06900b7fff,0.0,0.0,0.0,0.0,0.0,0.0
8a48b06900c7fff,0.0,0.0,1.0,1.0,0.0,0.0
8a48b06900dffff,1.0,0.0,0.0,0.0,0.0,0.0
8a48b06900e7fff,0.0,0.0,0.0,0.0,0.0,0.0
8a48b06900effff,0.0,0.0,0.0,0.0,0.0,0.0
8a48b069015ffff,0.0,0.0,0.0,0.0,0.0,0.0
8a48b06903a7fff,0.0,0.0,0.0,0.0,0.0,0.0
8a48b0690447fff,0.0,0.0,0.0,0.0,0.0,0.0
8a48b069044ffff,0.0,0.0,0.0,0.0,0.0,0.0
8a48b069045ffff,0.0,0.0,0.0,0.0,0.0,0.0
8a48b069046ffff,1.0,0.0,0.0,0.0,0.0,0.0
8a48b06904c7fff,0.0,0.0,0.0,0.0,0.0,0.0
8a48b06904cffff,0.0,0.0,0.0,0.0,0.0,1.0
8a48b06904effff,0.0,0.0,0.0,0.0,0.0,0.0
8a48b0690517fff,0.0,0.0,0.0,0.0,0.0,1.0
8a48b0690547fff,0.0,0.0,3.0,0.0,3.0,0.0
8a48b069054ffff,0.0,0.0,1.0,1.0,0.0,0.0
8a48b069056ffff,0.0,0.0,1.0,0.0,0.0,0.0
8a48b06906dffff,0.0,0.0,0.0,0.0,0.0,0.0
8a48b0690787fff,0.0,0.0,0.0,0.0,0.0,0.0
8a48b06907affff,0.0,0.0,0.0,0.0,0.0,0.0
8a48b0690c37fff,0.0,0.0,1.0,1.0,0.0,0.0
8a48b0690d47fff,0.0,0.0,0.0,0.0,0.0,0.0
8a48b06910cffff,1.0,0.0,2.0,0.0,0.0,0.0
8a48b0691147fff,0.0,0.0,0.0,0.0,0.0,0.0
8a48b069115ffff,0.0,0.0,0.0,0.0,0.0,0.0
8a48b0691217fff,1.0,0.0,0.0,0.0,0.0,0.0
8a48b069121ffff,0.0,0.0,0.0,0.0,0.0,0.0
8a48b0691287fff,0.0,0.0,0.0,0.0,0.0,0.0
8a48b0691297fff,0.0,0.0,0.0,0.0,0.0,0.0
8a48b06912a7fff,0.0,0.0,0.0,0.0,0.0,0.0
8a48b06912affff,1.0,0.0,0.0,0.0,0.0,0.0
8a48b0691317fff,0.0,0.0,0.0,0.0,0.0,0.0
8a48b0691387fff,1.0,0.0,4.0,0.0,0.0,0.0
8a48b06913affff,1.0,0.0,0.0,0.0,0.0,0.0
8a48b06913b7fff,0.0,0.0,0.0,0.0,0.0,0.0
8a48b0691657fff,0.0,0.0,0.0,0.0,0.0,0.0
8a48b0691677fff,0.0,0.0,0.0,0.0,0.0,0.0
8a48b06916cffff,0.0,0.0,0.0,0.0,0.0,0.0
8a48b06916effff,1.0,0.0,0.0,0.0,0.0,0.0
8a48b0691767fff,0.0,0.0,0.0,0.0,0.0,0.0
8a48b0691877fff,0.0,0.0,0.0,0.0,0.0,0.0
8a48b0691927fff,0.0,0.0,0.0,0.0,0.0,0.0
8a48b0691a07fff,0.0,0.0,0.0,0.0,0.0,0.0
8a48b0691a0ffff,0.0,0.0,0.0,0.0,0.0,0.0
8a48b0691a87fff,1.0,0.0,0.0,0.0,0.0,0.0
8a48b0691b47fff,0.0,0.0,0.0,0.0,0.0,0.0
8a48b0692047fff,1.0,0.0,0.0,0.0,0.0,0.0
8a48b069205ffff,0.0,0.0,4.0,2.0,0.0,0.0
8a48b0692067fff,4.0,0.0,13.0,1.0,3.0,0.0
8a48b0692087fff,0.0,0.0,0.0,0.0,0.0,1.0
8a48b0692097fff,0.0,0.0,0.0,0.0,0.0,0.0
8a48b069209ffff,0.0,0.0,0.0,0.0,0.0,0.0
8a48b06920affff,1.0,0.0,0.0,0.0,0.0,0.0
8a48b06920b7fff,0.0,0.0,0.0,0.0,0.0,0.0
8a48b06920c7fff,0.0,0.0,0.0,0.0,0.0,0.0
8a48b069214ffff,0.0,0.0,0.0,0.0,0.0,0.0
8a48b0692167fff,0.0,0.0,0.0,0.0,0.0,0.0
8a48b0692187fff,1.0,0.0,1.0,1.0,0.0,0.0
8a48b0692197fff,1.0,0.0,0.0,0.0,0.0,0.0
8a48b069219ffff,1.0,0.0,0.0,0.0,0.0,0.0
8a48b06921b7fff,0.0,0.0,0.0,0.0,0.0,0.0
8a48b0692257fff,0.0,0.0,0.0,0.0,0.0,0.0
8a48b0692277fff,0.0,0.0,0.0,0.0,0.0,0.0
8a48b069228ffff,0.0,0.0,0.0,0.0,0.0,0.0
8a48b06922e7fff,0.0,0.0,0.0,0.0,0.0,0.0
8a48b0692327fff,0.0,0.0,0.0,0.0,0.0,1.0
8a48b0692367fff,0.0,0.0,0.0,0.0,0.0,0.0
8a48b069236ffff,0.0,0.0,0.0,0.0,0.0,0.0
8a48b0692397fff,4.0,0.0,0.0,0.0,0.0,0.0
8a48b06923b7fff,1.0,0.0,1.0,0.0,0.0,0.0
8a48b0692417fff,0.0,0.0,0.0,0.0,0.0,0.0
8a48b069242ffff,0.0,0.0,0.0,0.0,0.0,0.0
8a48b0692437fff,0.0,0.0,0.0,0.0,0.0,0.0
8a48b069244ffff,0.0,0.0,0.0,0.0,0.0,0.0
8a48b069245ffff,1.0,0.0,0.0,0.0,0.0,0.0
8a48b0692487fff,0.0,0.0,2.0,0.0,0.0,0.0
8a48b069248ffff,1.0,0.0,0.0,0.0,0.0,0.0
8a48b0692497fff,0.0,0.0,0.0,0.0,0.0,0.0
8a48b06924a7fff,0.0,0.0,0.0,0.0,0.0,0.0
8a48b06924dffff,0.0,0.0,0.0,0.0,0.0,0.0
8a48b06924effff,1.0,0.0,0.0,0.0,0.0,0.0
8a48b069250ffff,0.0,0.0,0.0,0.0,0.0,0.0
8a48b0692527fff,0.0,0.0,0.0,0.0,0.0,0.0
8a48b069252ffff,0.0,0.0,0.0,0.0,0.0,0.0
8a48b069254ffff,0.0,0.0,0.0,0.0,0.0,0.0
8a48b069255ffff,0.0,0.0,0.0,0.0,0.0,0.0
8a48b0692577fff,1.0,0.0,0.0,0.0,0.0,0.0
8a48b0692597fff,1.0,0.0,0.0,0.0,0.0,0.0
8a48b069259ffff,0.0,0.0,0.0,0.0,0.0,0.0
8a48b06925a7fff,0.0,0.0,0.0,0.0,0.0,0.0
8a48b069260ffff,1.0,0.0,0.0,0.0,0.0,0.0
8a48b0692647fff,1.0,0.0,6.0,0.0,0.0,0.0
8a48b0692657fff,1.0,0.0,0.0,0.0,0.0,0.0
8a48b069265ffff,0.0,0.0,0.0,0.0,0.0,1.0
8a48b0692667fff,0.0,0.0,0.0,0.0,0.0,0.0
8a48b0692677fff,0.0,0.0,0.0,0.0,0.0,0.0
8a48b0692697fff,1.0,0.0,0.0,0.0,0.0,0.0
8a48b06926b7fff,0.0,0.0,0.0,0.0,0.0,0.0
8a48b06926c7fff,1.0,0.0,0.0,0.0,0.0,0.0
8a48b06926cffff,0.0,0.0,0.0,0.0,0.0,0.0
8a48b06926dffff,1.0,0.0,0.0,0.0,0.0,0.0
8a48b06926e7fff,0.0,0.0,0.0,0.0,0.0,0.0
8a48b06926effff,0.0,0.0,0.0,0.0,0.0,0.0
8a48b0692707fff,2.0,0.0,0.0,0.0,0.0,1.0
8a48b069270ffff,0.0,0.0,0.0,0.0,0.0,0.0
8a48b0692717fff,1.0,0.0,2.0,1.0,0.0,0.0
8a48b069271ffff,0.0,0.0,0.0,0.0,0.0,0.0
8a48b069272ffff,1.0,0.0,0.0,0.0,0.0,0.0
8a48b0692737fff,0.0,0.0,0.0,0.0,0.0,0.0
8a48b0692747fff,0.0,0.0,1.0,0.0,0.0,0.0
8a48b069274ffff,1.0,0.0,5.0,0.0,2.0,1.0
8a48b069275ffff,0.0,0.0,0.0,0.0,0.0,0.0
8a48b069276ffff,1.0,0.0,2.0,0.0,0.0,0.0
8a48b0692777fff,0.0,0.0,0.0,0.0,0.0,0.0
8a48b0692787fff,0.0,0.0,1.0,1.0,0.0,0.0
8a48b0692797fff,1.0,0.0,0.0,0.0,0.0,1.0
8a48b06927a7fff,0.0,0.0,0.0,0.0,0.0,0.0
8a48b06927affff,0.0,0.0,0.0,0.0,0.0,0.0
8a48b0692827fff,1.0,0.0,1.0,1.0,0.0,0.0
8a48b0692837fff,0.0,0.0,9.0,2.0,1.0,0.0
8a48b0692857fff,0.0,0.0,0.0,0.0,0.0,0.0
8a48b0692867fff,0.0,0.0,0.0,0.0,0.0,0.0
8a48b0692877fff,0.0,0.0,0.0,0.0,0.0,0.0
8a48b06928cffff,0.0,0.0,0.0,0.0,0.0,0.0
8a48b06928e7fff,0.0,0.0,0.0,0.0,0.0,0.0
8a48b06928effff,0.0,0.0,0.0,0.0,0.0,0.0
8a48b0692907fff,1.0,0.0,0.0,0.0,0.0,0.0
8a48b0692917fff,0.0,0.0,0.0,0.0,0.0,0.0
8a48b069292ffff,0.0,0.0,0.0,0.0,0.0,0.0
8a48b0692937fff,0.0,0.0,0.0,0.0,0.0,0.0
8a48b0692947fff,2.0,0.0,9.0,1.0,2.0,0.0
8a48b069294ffff,0.0,0.0,2.0,0.0,0.0,0.0
8a48b069296ffff,0.0,0.0,1.0,1.0,0.0,0.0
8a48b0692977fff,0.0,0.0,1.0,1.0,0.0,0.0
8a48b069299ffff,0.0,0.0,0.0,0.0,0.0,0.0
8a48b0692a4ffff,0.0,0.0,0.0,0.0,0.0,0.0
8a48b0692a5ffff,0.0,0.0,2.0,2.0,0.0,0.0
8a48b0692a9ffff,0.0,0.0,1.0,0.0,0.0,1.0
8a48b0692ac7fff,1.0,0.0,0.0,0.0,0.0,0.0
8a48b0692acffff,1.0,0.0,4.0,2.0,0.0,0.0
8a48b0692ad7fff,0.0,0.0,0.0,0.0,0.0,0.0
8a48b0692adffff,1.0,0.0,0.0,0.0,0.0,0.0
8a48b0692ae7fff,0.0,0.0,0.0,0.0,0.0,0.0
8a48b0692b97fff,0.0,0.0,2.0,0.0,0.0,0.0
8a48b0692bb7fff,0.0,0.0,0.0,0.0,0.0,0.0
8a48b0692c0ffff,0.0,0.0,2.0,0.0,0.0,0.0
8a48b0692c17fff,1.0,0.0,0.0,0.0,0.0,0.0
8a48b0692c27fff,2.0,0.0,0.0,0.0,0.0,0.0
8a48b0692c2ffff,1.0,0.0,0.0,0.0,0.0,0.0
8a48b0692c37fff,3.0,0.0,0.0,0.0,0.0,4.0
8a48b0692c47fff,0.0,0.0,1.0,1.0,0.0,0.0
8a48b0692c5ffff,0.0,0.0,0.0,0.0,0.0,0.0
8a48b0692c9ffff,0.0,0.0,0.0,0.0,0.0,0.0
8a48b0692ca7fff,0.0,0.0,0.0,0.0,0.0,0.0
8a48b0692cc7fff,0.0,0.0,0.0,0.0,0.0,0.0
8a48b0692ccffff,1.0,0.0,0.0,0.0,0.0,0.0
8a48b0692cd7fff,0.0,0.0,3.0,0.0,0.0,0.0
8a48b0692cdffff,0.0,0.0,1.0,0.0,1.0,0.0
8a48b0692cf7fff,1.0,0.0,0.0,0.0,0.0,0.0
8a48b0692d0ffff,0.0,0.0,0.0,0.0,0.0,1.0
8a48b0692d1ffff,0.0,0.0,0.0,0.0,0.0,1.0
8a48b0692d27fff,0.0,0.0,0.0,0.0,0.0,0.0
8a48b0692d37fff,0.0,0.0,0.0,0.0,0.0,0.0
8a48b0692d47fff,0.0,0.0,1.0,1.0,0.0,0.0
8a48b0692d57fff,3.0,0.0,2.0,1.0,0.0,1.0
8a48b0692d6ffff,1.0,0.0,0.0,0.0,0.0,0.0
8a48b0692d77fff,0.0,0.0,0.0,0.0,0.0,0.0
8a48b0692d87fff,0.0,0.0,0.0,0.0,0.0,0.0
8a48b0692d8ffff,0.0,0.0,2.0,1.0,1.0,1.0
8a48b0692d97fff,0.0,0.0,0.0,0.0,0.0,0.0
8a48b0692d9ffff,2.0,0.0,0.0,0.0,0.0,1.0
8a48b0693047fff,0.0,0.0,2.0,1.0,0.0,0.0
8a48b069304ffff,0.0,0.0,0.0,0.0,0.0,0.0
8a48b0693057fff,0.0,0.0,1.0,1.0,0.0,0.0
8a48b069305ffff,0.0,0.0,0.0,0.0,0.0,0.0
8a48b0693067fff,1.0,0.0,1.0,0.0,0.0,0.0
8a48b069306ffff,0.0,0.0,0.0,0.0,0.0,0.0
8a48b06930effff,0.0,0.0,1.0,1.0,0.0,0.0
8a48b0693127fff,0.0,0.0,0.0,0.0,0.0,0.0
8a48b0693147fff,0.0,0.0,0.0,0.0,0.0,0.0
8a48b069315ffff,0.0,0.0,0.0,0.0,0.0,0.0
8a48b0693167fff,0.0,0.0,3.0,0.0,0.0,0.0
8a48b069316ffff,1.0,0.0,0.0,0.0,0.0,0.0
8a48b0693207fff,0.0,0.0,1.0,1.0,0.0,0.0
8a48b0693217fff,0.0,0.0,0.0,0.0,0.0,0.0
8a48b069322ffff,1.0,0.0,0.0,0.0,0.0,0.0
8a48b06932a7fff,2.0,0.0,0.0,0.0,0.0,0.0
8a48b06932affff,1.0,0.0,1.0,1.0,0.0,0.0
8a48b06932b7fff,0.0,0.0,1.0,1.0,0.0,0.0
8a48b06932dffff,0.0,0.0,1.0,1.0,0.0,0.0
8a48b06932f7fff,1.0,0.0,1.0,0.0,1.0,0.0
8a48b069331ffff,0.0,0.0,1.0,0.0,0.0,0.0
8a48b0693387fff,0.0,0.0,0.0,0.0,0.0,0.0
8a48b0693397fff,0.0,0.0,0.0,0.0,0.0,0.0
8a48b069339ffff,0.0,0.0,0.0,0.0,0.0,0.0
8a48b06933a7fff,0.0,0.0,0.0,0.0,0.0,0.0
8a48b06933affff,0.0,0.0,0.0,0.0,0.0,0.0
8a48b06933b7fff,1.0,0.0,0.0,0.0,0.0,0.0
8a48b0693607fff,0.0,0.0,0.0,0.0,0.0,0.0
8a48b0693647fff,1.0,0.0,0.0,0.0,0.0,0.0
8a48b069364ffff,0.0,0.0,1.0,0.0,0.0,0.0
8a48b0693657fff,0.0,0.0,0.0,0.0,0.0,0.0
8a48b069365ffff,0.0,0.0,0.0,0.0,0.0,0.0
8a48b0693677fff,0.0,0.0,0.0,0.0,0.0,0.0
8a48b06936c7fff,0.0,0.0,0.0,0.0,0.0,0.0
8a48b06936effff,1.0,0.0,2.0,0.0,1.0,0.0
8a48b069374ffff,0.0,0.0,0.0,0.0,0.0,0.0
8a48b069375ffff,1.0,0.0,0.0,0.0,0.0,0.0
8a48b069381ffff,0.0,0.0,0.0,0.0,0.0,0.0
8a48b069384ffff,0.0,0.0,0.0,0.0,0.0,0.0
8a48b0693857fff,0.0,0.0,0.0,0.0,0.0,0.0
8a48b0693887fff,1.0,0.0,0.0,0.0,0.0,0.0
8a48b069389ffff,0.0,0.0,0.0,0.0,0.0,0.0
8a48b06938affff,0.0,0.0,0.0,0.0,0.0,0.0
8a48b06938b7fff,2.0,0.0,0.0,0.0,0.0,0.0
8a48b06938dffff,1.0,0.0,0.0,0.0,0.0,0.0
8a48b06938e7fff,1.0,0.0,0.0,0.0,0.0,0.0
8a48b06938f7fff,0.0,0.0,0.0,0.0,0.0,0.0
8a48b0693a97fff,1.0,0.0,0.0,0.0,0.0,0.0
8a48b0693a9ffff,1.0,0.0,0.0,0.0,0.0,0.0
8a48b0693ab7fff,0.0,0.0,0.0,0.0,0.0,0.0
8a48b0693adffff,0.0,0.0,0.0,0.0,0.0,1.0
8a48b0693b97fff,0.0,0.0,0.0,0.0,0.0,0.0
8a48b0693b9ffff,1.0,0.0,0.0,0.0,0.0,0.0
8a48b0693bb7fff,0.0,0.0,1.0,1.0,0.0,0.0
8a48b0693c0ffff,0.0,0.0,1.0,1.0,0.0,0.0
8a48b0693c17fff,0.0,0.0,1.0,0.0,1.0,0.0
8a48b0693c27fff,0.0,0.0,0.0,0.0,0.0,0.0
8a48b0693c2ffff,0.0,0.0,0.0,0.0,0.0,0.0
8a48b0693c37fff,0.0,0.0,0.0,0.0,0.0,0.0
8a48b0693c47fff,0.0,0.0,0.0,0.0,0.0,0.0
8a48b0693c5ffff,0.0,0.0,0.0,0.0,0.0,0.0
8a48b0693c77fff,0.0,0.0,0.0,0.0,0.0,0.0
8a48b0693caffff,0.0,0.0,0.0,0.0,0.0,0.0
8a48b0693ce7fff,0.0,0.0,0.0,0.0,0.0,0.0
8a48b0693ceffff,0.0,0.0,0.0,0.0,0.0,0.0
8a48b0693d0ffff,0.0,0.0,0.0,0.0,0.0,0.0
8a48b0693d17fff,1.0,0.0,0.0,0.0,0.0,0.0
8a48b0693d27fff,0.0,0.0,0.0,0.0,0.0,0.0
8a48b0693d2ffff,0.0,0.0,0.0,0.0,0.0,0.0
8a48b0693d47fff,1.0,0.0,0.0,0.0,0.0,0.0
8a48b0693d4ffff,0.0,0.0,3.0,1.0,1.0,0.0
8a48b0693d57fff,0.0,0.0,3.0,1.0,1.0,0.0
8a48b0693d5ffff,0.0,0.0,0.0,0.0,0.0,0.0
8a48b0693d6ffff,0.0,0.0,0.0,0.0,0.0,1.0
8a48b0693d87fff,1.0,0.0,1.0,0.0,0.0,1.0
8a48b0693d8ffff,0.0,0.0,0.0,0.0,0.0,0.0
8a48b0693d97fff,0.0,0.0,0.0,0.0,0.0,0.0
8a48b0693d9ffff,0.0,0.0,0.0,0.0,0.0,1.0
8a48b0693da7fff,0.0,0.0,0.0,0.0,0.0,0.0
8a48b0693daffff,2.0,0.0,3.0,2.0,0.0,0.0
8a48b0693db7fff,0.0,0.0,0.0,0.0,0.0,0.0
8a48b069509ffff,0.0,0.0,1.0,0.0,0.0,0.0
8a48b0695287fff,0.0,0.0,2.0,0.0,0.0,0.0
8a48b06952b7fff,0.0,0.0,0.0,0.0,0.0,0.0
8a48b0695417fff,0.0,0.0,0.0,0.0,0.0,0.0
8a48b06957affff,0.0,0.0,0.0,0.0,0.0,0.0
8a48b069604ffff,0.0,0.0,1.0,0.0,1.0,0.0
8a48b0696067fff,0.0,0.0,0.0,0.0,0.0,0.0
8a48b06960cffff,0.0,0.0,2.0,0.0,0.0,0.0
8a48b06960effff,0.0,0.0,0.0,0.0,0.0,0.0
8a48b0696207fff,0.0,0.0,0.0,0.0,0.0,0.0
8a48b069620ffff,1.0,0.0,0.0,0.0,0.0,0.0
8a48b0696217fff,0.0,0.0,0.0,0.0,0.0,0.0
8a48b0696257fff,0.0,0.0,0.0,0.0,0.0,0.0
8a48b0696277fff,0.0,0.0,0.0,0.0,0.0,0.0
8a48b0696287fff,0.0,0.0,0.0,0.0,0.0,1.0
8a48b0696297fff,1.0,0.0,0.0,0.0,0.0,0.0
8a48b069629ffff,0.0,0.0,1.0,0.0,1.0,0.0
8a48b06962b7fff,0.0,0.0,0.0,0.0,0.0,0.0
8a48b06962c7fff,0.0,0.0,0.0,0.0,0.0,0.0
8a48b06962effff,0.0,0.0,0.0,0.0,0.0,0.0
8a48b06962f7fff,0.0,0.0,0.0,0.0,0.0,0.0
8a48b0696327fff,0.0,0.0,0.0,0.0,0.0,0.0
8a48b0696347fff,0.0,0.0,0.0,0.0,0.0,0.0
8a48b069635ffff,0.0,0.0,0.0,0.0,0.0,0.0
8a48b069638ffff,0.0,0.0,0.0,0.0,0.0,0.0
8a48b0696397fff,0.0,0.0,0.0,0.0,0.0,0.0
8a48b06963affff,0.0,0.0,0.0,0.0,0.0,0.0
8a48b0696427fff,3.0,0.0,0.0,0.0,0.0,0.0
8a48b06964d7fff,0.0,0.0,0.0,0.0,0.0,0.0
8a48b06964dffff,0.0,0.0,0.0,0.0,0.0,0.0
8a48b0696547fff,1.0,0.0,1.0,0.0,1.0,0.0
8a48b0696557fff,0.0,0.0,0.0,0.0,0.0,0.0
8a48b069656ffff,1.0,0.0,0.0,0.0,0.0,0.0
8a48b0696577fff,0.0,0.0,0.0,0.0,0.0,0.0
8a48b0696587fff,0.0,0.0,0.0,0.0,0.0,0.0
8a48b069658ffff,2.0,0.0,0.0,0.0,0.0,0.0
8a48b0696597fff,0.0,0.0,0.0,0.0,0.0,0.0
8a48b069659ffff,1.0,0.0,0.0,0.0,0.0,0.0
8a48b0696617fff,0.0,0.0,0.0,0.0,0.0,1.0
8a48b0696627fff,0.0,0.0,0.0,0.0,0.0,0.0
8a48b0696637fff,1.0,0.0,0.0,0.0,0.0,0.0
8a48b0696647fff,0.0,0.0,0.0,0.0,0.0,0.0
8a48b069664ffff,0.0,0.0,1.0,0.0,1.0,0.0
8a48b069665ffff,0.0,0.0,0.0,0.0,0.0,0.0
8a48b0696687fff,0.0,0.0,0.0,0.0,0.0,0.0
8a48b069669ffff,1.0,0.0,0.0,0.0,0.0,0.0
8a48b06966c7fff,0.0,0.0,0.0,0.0,0.0,0.0
8a48b06966d7fff,1.0,0.0,0.0,0.0,0.0,0.0
8a48b06966effff,1.0,0.0,0.0,0.0,0.0,0.0
8a48b069674ffff,0.0,0.0,0.0,0.0,0.0,0.0
8a48b0696757fff,1.0,0.0,0.0,0.0,0.0,0.0
8a48b0696767fff,1.0,0.0,0.0,0.0,0.0,0.0
8a48b069676ffff,0.0,0.0,0.0,0.0,0.0,0.0
8a48b069678ffff,0.0,0.0,0.0,0.0,0.0,0.0
8a48b0696a9ffff,0.0,0.0,0.0,0.0,0.0,0.0
8a48b0696acffff,1.0,0.0,1.0,1.0,0.0,0.0
8a48b06985b7fff,1.0,0.0,0.0,0.0,0.0,0.0
8a48b0698cb7fff,0.0,0.0,0.0,0.0,0.0,0.0
8a48b069a007fff,1.0,0.0,0.0,0.0,0.0,0.0
8a48b069a117fff,1.0,0.0,0.0,0.0,0.0,0.0
8a48b069a207fff,0.0,0.0,8.0,0.0,0.0,0.0
8a48b069a237fff,0.0,0.0,0.0,0.0,0.0,0.0
8a48b069a3affff,1.0,0.0,0.0,0.0,0.0,0.0
8a48b069a437fff,0.0,0.0,0.0,0.0,0.0,0.0
8a48b069a487fff,1.0,0.0,0.0,0.0,0.0,0.0
8a48b069a4a7fff,0.0,0.0,0.0,0.0,0.0,0.0
8a48b069a587fff,0.0,0.0,0.0,0.0,0.0,0.0
8a48b069a59ffff,0.0,0.0,0.0,0.0,0.0,0.0
8a48b069a5b7fff,1.0,0.0,0.0,0.0,0.0,0.0
8a48b069a707fff,0.0,0.0,0.0,0.0,0.0,0.0
8a48b069a847fff,0.0,0.0,0.0,0.0,0.0,1.0
8a48b069a90ffff,1.0,0.0,0.0,0.0,0.0,0.0
8a48b069b747fff,1.0,0.0,0.0,0.0,0.0,0.0
8a48b069b74ffff,1.0,0.0,0.0,0.0,0.0,0.0
8a48b069c487fff,0.0,0.0,0.0,0.0,0.0,0.0
8a48b069c4cffff,1.0,0.0,0.0,0.0,0.0,0.0
8a48b069c597fff,1.0,0.0,0.0,0.0,0.0,0.0
8a48b069c737fff,0.0,0.0,0.0,0.0,0.0,0.0
8a48b069e017fff,2.0,0.0,0.0,0.0,0.0,0.0
8a48b069e027fff,1.0,0.0,0.0,0.0,0.0,0.0
8a48b069e037fff,4.0,0.0,1.0,1.0,0.0,2.0
8a48b069e0a7fff,0.0,0.0,0.0,0.0,0.0,0.0
8a48b069e0b7fff,1.0,0.0,0.0,0.0,0.0,0.0
8a48b069e157fff,3.0,0.0,0.0,0.0,0.0,0.0
8a48b069e167fff,2.0,0.0,10.0,0.0,1.0,1.0
8a48b069e18ffff,6.0,0.0,4.0,0.0,2.0,0.0
8a48b069e19ffff,0.0,0.0,1.0,0.0,1.0,0.0
8a48b069e1affff,1.0,0.0,0.0,0.0,0.0,0.0
8a48b069e257fff,2.0,0.0,0.0,0.0,0.0,0.0
8a48b069e407fff,0.0,0.0,0.0,0.0,0.0,1.0
8a48b069e40ffff,0.0,0.0,1.0,0.0,0.0,0.0
8a48b069e41ffff,1.0,0.0,5.0,0.0,0.0,0.0
8a48b069e42ffff,2.0,0.0,1.0,0.0,0.0,0.0
8a48b069e44ffff,1.0,0.0,0.0,0.0,0.0,0.0
8a48b069e467fff,1.0,0.0,0.0,0.0,0.0,0.0
8a48b069e46ffff,1.0,0.0,0.0,0.0,0.0,0.0
8a48b069e487fff,0.0,0.0,4.0,0.0,0.0,0.0
8a48b069e497fff,2.0,0.0,12.0,0.0,4.0,0.0
8a48b069e4affff,1.0,0.0,5.0,0.0,1.0,1.0
8a48b069e54ffff,1.0,0.0,10.0,0.0,0.0,0.0
8a48b069e55ffff,2.0,0.0,0.0,0.0,0.0,0.0
8a48b069e5a7fff,0.0,0.0,0.0,0.0,0.0,0.0
8a48b069e807fff,0.0,0.0,0.0,0.0,0.0,0.0
8a48b069e81ffff,2.0,0.0,0.0,0.0,0.0,0.0
8a48b069e82ffff,0.0,0.0,0.0,0.0,0.0,0.0
8a48b069e837fff,0.0,0.0,0.0,0.0,0.0,0.0
8a48b069e867fff,1.0,0.0,0.0,0.0,0.0,0.0
8a48b069e877fff,0.0,0.0,0.0,0.0,0.0,0.0
8a48b069e8e7fff,0.0,0.0,0.0,0.0,0.0,0.0
8a48b069e90ffff,0.0,0.0,0.0,0.0,0.0,0.0
8a48b069e91ffff,0.0,0.0,0.0,0.0,0.0,0.0
8a48b069e92ffff,1.0,0.0,1.0,1.0,0.0,0.0
8a48b069e937fff,0.0,0.0,0.0,0.0,0.0,0.0
8a48b069e947fff,0.0,0.0,0.0,0.0,0.0,0.0
8a48b069e967fff,0.0,0.0,0.0,0.0,0.0,0.0
8a48b069ea17fff,0.0,0.0,1.0,0.0,0.0,0.0
8a48b069ea27fff,0.0,0.0,0.0,0.0,0.0,0.0
8a48b069ea9ffff,0.0,0.0,0.0,0.0,0.0,0.0
8a48b069eadffff,0.0,0.0,0.0,0.0,0.0,0.0
8a48b069eb07fff,0.0,0.0,1.0,0.0,0.0,0.0
8a48b069eb17fff,1.0,0.0,0.0,0.0,0.0,0.0
8a48b069ebaffff,0.0,0.0,0.0,0.0,0.0,2.0
8a48b069ec1ffff,0.0,0.0,0.0,0.0,0.0,0.0
8a48b069eca7fff,1.0,0.0,0.0,0.0,0.0,1.0
8a48b069ece7fff,0.0,0.0,0.0,0.0,0.0,0.0
8a48b06b368ffff,1.0,0.0,0.0,0.0,0.0,0.0
8a48b06b371ffff,0.0,0.0,0.0,0.0,0.0,0.0
8a48b06b3797fff,0.0,0.0,0.0,0.0,0.0,0.0
8a48b06b38affff,1.0,0.0,0.0,0.0,0.0,0.0
8a48b06b38d7fff,0.0,0.0,0.0,0.0,0.0,1.0
8a48b06b38dffff,1.0,0.0,0.0,0.0,0.0,0.0
8a48b2a40b4ffff,1.0,0.0,0.0,0.0,0.0,0.0
8a48b2a40b67fff,2.0,0.0,0.0,0.0,0.0,0.0
8a48b2a44027fff,0.0,0.0,0.0,0.0,0.0,0.0
8a48b2a44047fff,1.0,0.0,0.0,0.0,0.0,0.0
8a48b2a4405ffff,1.0,0.0,1.0,0.0,0.0,0.0
8a48b2a440d7fff,0.0,0.0,0.0,0.0,0.0,0.0
8a48b2a440effff,0.0,0.0,0.0,0.0,0.0,0.0
8a48b2a44117fff,0.0,0.0,6.0,2.0,0.0,0.0
8a48b2a4411ffff,0.0,0.0,2.0,1.0,1.0,0.0
8a48b2a4414ffff,1.0,0.0,0.0,0.0,0.0,0.0
8a48b2a44157fff,1.0,0.0,1.0,1.0,0.0,0.0
8a48b2a4415ffff,1.0,0.0,1.0,0.0,0.0,0.0
8a48b2a4416ffff,0.0,0.0,0.0,0.0,0.0,0.0
8a48b2a44187fff,1.0,0.0,0.0,0.0,0.0,0.0
8a48b2a44197fff,1.0,0.0,0.0,0.0,0.0,0.0
8a48b2a441affff,0.0,0.0,0.0,0.0,0.0,0.0
8a48b2a44207fff,0.0,0.0,0.0,0.0,0.0,0.0
8a48b2a4421ffff,1.0,0.0,0.0,0.0,0.0,0.0
8a48b2a44227fff,1.0,0.0,0.0,0.0,0.0,0.0
8a48b2a4422ffff,1.0,0.0,0.0,0.0,0.0,0.0
8a48b2a44237fff,1.0,0.0,0.0,0.0,0.0,0.0
8a48b2a4424ffff,9.0,0.0,0.0,0.0,0.0,0.0
8a48b2a44257fff,0.0,0.0,0.0,0.0,0.0,0.0
8a48b2a4426ffff,9.0,0.0,0.0,0.0,0.0,0.0
8a48b2a44277fff,1.0,0.0,0.0,0.0,0.0,0.0
8a48b2a44287fff,0.0,0.0,0.0,0.0,0.0,0.0
8a48b2a442a7fff,1.0,0.0,0.0,0.0,0.0,0.0
8a48b2a442affff,2.0,0.0,0.0,0.0,0.0,0.0
8a48b2a442e7fff,1.0,0.0,0.0,0.0,0.0,1.0
8a48b2a442effff,1.0,0.0,0.0,0.0,0.0,0.0
8a48b2a442f7fff,1.0,0.0,0.0,0.0,0.0,0.0
8a48b2a4430ffff,5.0,0.0,2.0,0.0,0.0,0.0
8a48b2a44317fff,1.0,0.0,0.0,0.0,0.0,0.0
8a48b2a4431ffff,0.0,0.0,0.0,0.0,0.0,0.0
8a48b2a44327fff,2.0,0.0,0.0,0.0,0.0,0.0
8a48b2a44337fff,1.0,0.0,0.0,0.0,0.0,0.0
8a48b2a4436ffff,0.0,0.0,0.0,0.0,0.0,0.0
8a48b2a44377fff,1.0,0.0,0.0,0.0,0.0,1.0
8a48b2a44387fff,0.0,0.0,0.0,0.0,0.0,0.0
8a48b2a4438ffff,1.0,0.0,0.0,0.0,0.0,0.0
8a48b2a44397fff,1.0,0.0,0.0,0.0,0.0,0.0
8a48b2a443a7fff,1.0,0.0,0.0,0.0,0.0,0.0
8a48b2a443affff,0.0,0.0,0.0,0.0,0.0,0.0
8a48b2a443b7fff,1.0,0.0,0.0,0.0,0.0,0.0
8a48b2a44567fff,0.0,0.0,0.0,0.0,0.0,0.0
8a48b2a44577fff,0.0,0.0,1.0,1.0,0.0,0.0
8a48b2a4472ffff,0.0,0.0,0.0,0.0,0.0,0.0
8a48b2a4474ffff,1.0,0.0,0.0,0.0,0.0,0.0
8a48b2a44757fff,0.0,0.0,0.0,0.0,0.0,0.0
8a48b2a4475ffff,1.0,0.0,0.0,0.0,0.0,0.0
8a48b2a4476ffff,1.0,0.0,0.0,0.0,0.0,0.0
8a48b2a4481ffff,3.0,0.0,0.0,0.0,0.0,0.0
8a48b2a44827fff,0.0,0.0,1.0,0.0,0.0,0.0
8a48b2a4482ffff,0.0,0.0,0.0,0.0,0.0,1.0
8a48b2a44837fff,0.0,0.0,0.0,0.0,0.0,0.0
8a48b2a44847fff,0.0,0.0,0.0,0.0,0.0,0.0
8a48b2a4485ffff,1.0,0.0,0.0,0.0,0.0,0.0
8a48b2a44867fff,1.0,0.0,0.0,0.0,0.0,0.0
8a48b2a44877fff,1.0,0.0,0.0,0.0,0.0,0.0
8a48b2a44897fff,1.0,0.0,0.0,0.0,0.0,0.0
8a48b2a448a7fff,1.0,0.0,0.0,0.0,0.0,0.0
8a48b2a448affff,2.0,0.0,1.0,0.0,0.0,0.0
8a48b2a448b7fff,0.0,0.0,1.0,0.0,1.0,0.0
8a48b2a448c7fff,0.0,0.0,0.0,0.0,0.0,0.0
8a48b2a448cffff,1.0,0.0,0.0,0.0,0.0,0.0
8a48b2a448e7fff,7.0,0.0,4.0,0.0,0.0,0.0
8a48b2a448effff,0.0,0.0,3.0,0.0,0.0,1.0
8a48b2a448f7fff,1.0,0.0,0.0,0.0,0.0,0.0
8a48b2a44907fff,1.0,0.0,0.0,0.0,0.0,0.0
8a48b2a44917fff,0.0,0.0,0.0,0.0,0.0,0.0
8a48b2a4492ffff,0.0,0.0,0.0,0.0,0.0,0.0
8a48b2a44937fff,0.0,0.0,0.0,0.0,0.0,0.0
8a48b2a44947fff,1.0,0.0,1.0,0.0,0.0,0.0
8a48b2a4494ffff,3.0,0.0,0.0,0.0,0.0,0.0
8a48b2a44957fff,1.0,0.0,0.0,0.0,0.0,0.0
8a48b2a44967fff,0.0,0.0,1.0,0.0,1.0,0.0
8a48b2a4496ffff,0.0,0.0,0.0,0.0,0.0,0.0
8a48b2a44977fff,0.0,0.0,1.0,0.0,1.0,0.0
8a48b2a44997fff,1.0,0.0,0.0,0.0,0.0,0.0
8a48b2a4499ffff,0.0,0.0,0.0,0.0,0.0,0.0
8a48b2a449a7fff,0.0,0.0,0.0,0.0,0.0,0.0
8a48b2a449affff,0.0,0.0,1.0,0.0,0.0,0.0
8a48b2a44a07fff,1.0,0.0,0.0,0.0,0.0,0.0
8a48b2a44a0ffff,1.0,0.0,0.0,0.0,0.0,0.0
8a48b2a44a17fff,4.0,0.0,0.0,0.0,0.0,0.0
8a48b2a44a27fff,3.0,0.0,0.0,0.0,0.0,0.0
8a48b2a44a2ffff,1.0,0.0,0.0,0.0,0.0,0.0
8a48b2a44a37fff,0.0,0.0,1.0,1.0,0.0,0.0
8a48b2a44a47fff,0.0,0.0,0.0,0.0,0.0,0.0
8a48b2a44a4ffff,3.0,0.0,1.0,1.0,0.0,0.0
8a48b2a44a57fff,2.0,0.0,0.0,0.0,0.0,0.0
8a48b2a44a5ffff,2.0,0.0,0.0,0.0,0.0,0.0
8a48b2a44a67fff,5.0,0.0,1.0,0.0,1.0,0.0
8a48b2a44a6ffff,15.0,0.0,10.0,4.0,1.0,0.0
8a48b2a44a77fff,3.0,0.0,0.0,0.0,0.0,0.0
8a48b2a44a87fff,7.0,0.0,2.0,0.0,0.0,0.0
8a48b2a44a8ffff,7.0,0.0,1.0,0.0,0.0,0.0
8a48b2a44a97fff,0.0,0.0,0.0,0.0,0.0,0.0
8a48b2a44aa7fff,0.0,0.0,0.0,0.0,0.0,0.0
8a48b2a44aaffff,0.0,0.0,0.0,0.0,0.0,0.0
8a48b2a44ac7fff,1.0,0.0,0.0,0.0,0.0,0.0
8a48b2a44acffff,2.0,0.0,0.0,0.0,0.0,0.0
8a48b2a44ad7fff,0.0,0.0,0.0,0.0,0.0,0.0
8a48b2a44adffff,1.0,0.0,0.0,0.0,0.0,0.0
8a48b2a44aeffff,3.0,0.0,0.0,0.0,0.0,0.0
8a48b2a44af7fff,3.0,0.0,0.0,0.0,0.0,0.0
8a48b2a44b0ffff,3.0,0.0,3.0,3.0,0.0,0.0
8a48b2a44b17fff,0.0,0.0,2.0,0.0,0.0,0.0
8a48b2a44b1ffff,0.0,0.0,0.0,0.0,0.0,0.0
8a48b2a44b2ffff,0.0,0.0,1.0,0.0,1.0,0.0
8a48b2a44b37fff,0.0,0.0,0.0,0.0,0.0,0.0
8a48b2a44b47fff,0.0,0.0,0.0,0.0,0.0,0.0
8a48b2a44b4ffff,1.0,0.0,0.0,0.0,0.0,0.0
8a48b2a44b57fff,2.0,0.0,0.0,0.0,0.0,0.0
8a48b2a44b5ffff,3.0,0.0,0.0,0.0,0.0,0.0
8a48b2a44b67fff,0.0,0.0,0.0,0.0,0.0,0.0
8a48b2a44b77fff,1.0,0.0,1.0,0.0,0.0,0.0
8a48b2a44b87fff,1.0,0.0,0.0,0.0,0.0,0.0
8a48b2a44baffff,4.0,0.0,5.0,0.0,0.0,0.0
8a48b2a44c1ffff,3.0,0.0,0.0,0.0,0.0,0.0
8a48b2a44c2ffff,0.0,0.0,0.0,0.0,0.0,0.0
8a48b2a44c57fff,0.0,0.0,0.0,0.0,0.0,0.0
8a48b2a44c5ffff,0.0,0.0,0.0,0.0,0.0,0.0
8a48b2a44c77fff,0.0,0.0,0.0,0.0,0.0,0.0
8a48b2a44c87fff,1.0,0.0,0.0,0.0,0.0,0.0
8a48b2a44caffff,1.0,0.0,0.0,0.0,0.0,0.0
8a48b2a44cb7fff,0.0,0.0,0.0,0.0,0.0,0.0
8a48b2a44ce7fff,0.0,0.0,3.0,0.0,1.0,0.0
8a48b2a44ceffff,3.0,0.0,0.0,0.0,0.0,0.0
8a48b2a44cf7fff,0.0,0.0,0.0,0.0,0.0,0.0
8a48b2a44d27fff,0.0,0.0,0.0,0.0,0.0,0.0
8a48b2a44d2ffff,1.0,0.0,0.0,0.0,0.0,0.0
8a48b2a44d47fff,1.0,0.0,0.0,0.0,0.0,0.0
8a48b2a44d57fff,1.0,0.0,0.0,0.0,0.0,0.0
8a48b2a44d5ffff,1.0,0.0,0.0,0.0,0.0,0.0
8a48b2a44d67fff,2.0,0.0,3.0,1.0,0.0,0.0
8a48b2a44d6ffff,5.0,0.0,2.0,0.0,2.0,0.0
8a48b2a45017fff,1.0,0.0,0.0,0.0,0.0,0.0
8a48b2a4504ffff,1.0,0.0,0.0,0.0,0.0,0.0
8a48b2a4505ffff,1.0,0.0,0.0,0.0,0.0,0.0
8a48b2a45117fff,2.0,0.0,0.0,0.0,0.0,0.0
8a48b2a4511ffff,1.0,0.0,0.0,0.0,0.0,0.0
8a48b2a45127fff,1.0,0.0,0.0,0.0,0.0,0.0
8a48b2a45137fff,2.0,0.0,0.0,0.0,0.0,0.0
8a48b2a45147fff,0.0,0.0,0.0,0.0,0.0,0.0
8a48b2a4514ffff,1.0,0.0,0.0,0.0,0.0,0.0
8a48b2a4515ffff,0.0,0.0,0.0,0.0,0.0,0.0
8a48b2a45167fff,1.0,0.0,0.0,0.0,0.0,0.0
8a48b2a4516ffff,1.0,0.0,0.0,0.0,0.0,0.0
8a48b2a45187fff,0.0,0.0,0.0,0.0,0.0,0.0
8a48b2a4519ffff,0.0,0.0,1.0,0.0,0.0,0.0
8a48b2a451a7fff,1.0,0.0,0.0,0.0,0.0,0.0
8a48b2a452b7fff,1.0,0.0,0.0,0.0,0.0,0.0
8a48b2a45317fff,3.0,0.0,0.0,0.0,0.0,0.0
8a48b2a45337fff,1.0,0.0,0.0,0.0,0.0,0.0
8a48b2a45387fff,2.0,0.0,0.0,0.0,0.0,0.0
8a48b2a4538ffff,2.0,0.0,0.0,0.0,0.0,0.0
8a48b2a453a7fff,1.0,0.0,0.0,0.0,0.0,0.0
8a48b2a453affff,1.0,0.0,0.0,0.0,0.0,0.0
8a48b2a45407fff,1.0,0.0,0.0,0.0,0.0,0.0
8a48b2a4541ffff,1.0,0.0,0.0,0.0,0.0,0.0
8a48b2a45437fff,1.0,0.0,0.0,0.0,0.0,0.0
8a48b2a454c7fff,1.0,0.0,0.0,0.0,0.0,0.0
8a48b2a454cffff,4.0,0.0,0.0,0.0,0.0,0.0
8a48b2a4550ffff,0.0,0.0,0.0,0.0,0.0,0.0
8a48b2a45517fff,22.0,0.0,0.0,0.0,0.0,0.0
8a48b2a4551ffff,2.0,0.0,0.0,0.0,0.0,0.0
8a48b2a45527fff,1.0,0.0,0.0,0.0,0.0,0.0
8a48b2a45567fff,1.0,0.0,0.0,0.0,0.0,0.0
8a48b2a455a7fff,5.0,0.0,0.0,0.0,0.0,0.0
8a48b2a455affff,1.0,0.0,0.0,0.0,0.0,0.0
8a48b2a45807fff,0.0,0.0,0.0,0.0,0.0,0.0
8a48b2a4580ffff,1.0,0.0,0.0,0.0,0.0,0.0
8a48b2a45817fff,1.0,0.0,0.0,0.0,0.0,0.0
8a48b2a4581ffff,1.0,0.0,0.0,0.0,0.0,0.0
8a48b2a45827fff,0.0,0.0,0.0,0.0,0.0,2.0
8a48b2a4582ffff,3.0,0.0,1.0,0.0,1.0,0.0
8a48b2a45837fff,2.0,0.0,0.0,0.0,0.0,0.0
8a48b2a45847fff,0.0,0.0,1.0,1.0,0.0,0.0
8a48b2a4584ffff,0.0,0.0,0.0,0.0,0.0,0.0
8a48b2a45857fff,1.0,0.0,0.0,0.0,0.0,0.0
8a48b2a4585ffff,1.0,0.0,0.0,0.0,0.0,0.0
8a48b2a45867fff,1.0,0.0,0.0,0.0,0.0,0.0
8a48b2a45887fff,0.0,0.0,1.0,1.0,0.0,0.0
8a48b2a4588ffff,1.0,0.0,0.0,0.0,0.0,0.0
8a48b2a45897fff,0.0,0.0,0.0,0.0,0.0,0.0
8a48b2a4589ffff,3.0,0.0,6.0,0.0,0.0,0.0
8a48b2a458a7fff,2.0,0.0,0.0,0.0,0.0,0.0
8a48b2a458affff,3.0,0.0,0.0,0.0,0.0,0.0
8a48b2a458b7fff,2.0,0.0,0.0,0.0,0.0,0.0
8a48b2a458c7fff,2.0,0.0,0.0,0.0,0.0,0.0
8a48b2a458cffff,4.0,0.0,3.0,0.0,3.0,0.0
8a48b2a458d7fff,2.0,0.0,0.0,0.0,0.0,0.0
8a48b2a458dffff,1.0,0.0,0.0,0.0,0.0,0.0
8a48b2a458e7fff,6.0,0.0,0.0,0.0,0.0,1.0
8a48b2a458effff,1.0,0.0,5.0,0.0,0.0,0.0
8a48b2a458f7fff,4.0,0.0,1.0,0.0,1.0,0.0
8a48b2a45907fff,0.0,0.0,0.0,0.0,0.0,0.0
8a48b2a4590ffff,0.0,0.0,0.0,0.0,0.0,1.0
8a48b2a45917fff,2.0,0.0,0.0,0.0,0.0,0.0
8a48b2a4591ffff,2.0,0.0,2.0,0.0,1.0,0.0
8a48b2a4592ffff,1.0,0.0,0.0,0.0,0.0,0.0
8a48b2a4594ffff,1.0,0.0,0.0,0.0,0.0,4.0
8a48b2a45957fff,2.0,0.0,1.0,1.0,0.0,2.0
8a48b2a4595ffff,2.0,0.0,3.0,0.0,3.0,1.0
8a48b2a45977fff,0.0,0.0,0.0,0.0,0.0,0.0
8a48b2a45987fff,0.0,0.0,0.0,0.0,0.0,0.0
8a48b2a4599ffff,0.0,0.0,0.0,0.0,0.0,0.0
8a48b2a459a7fff,4.0,0.0,2.0,1.0,1.0,0.0
8a48b2a459affff,0.0,0.0,0.0,0.0,0.0,1.0
8a48b2a459b7fff,2.0,0.0,1.0,0.0,0.0,0.0
8a48b2a45a07fff,3.0,0.0,0.0,0.0,0.0,0.0
8a48b2a45a0ffff,5.0,0.0,3.0,0.0,0.0,0.0
8a48b2a45a17fff,0.0,0.0,0.0,0.0,0.0,0.0
8a48b2a45a1ffff,5.0,0.0,1.0,1.0,0.0,0.0
8a48b2a45a27fff,1.0,0.0,0.0,0.0,0.0,0.0
8a48b2a45a2ffff,3.0,0.0,3.0,1.0,0.0,0.0
8a48b2a45a37fff,7.0,0.0,1.0,0.0,0.0,0.0
8a48b2a45a47fff,1.0,0.0,2.0,2.0,0.0,0.0
8a48b2a45a4ffff,2.0,0.0,1.0,1.0,0.0,0.0
8a48b2a45a57fff,1.0,0.0,0.0,0.0,0.0,0.0
8a48b2a45a5ffff,0.0,0.0,2.0,0.0,0.0,0.0
8a48b2a45a67fff,5.0,0.0,1.0,0.0,1.0,1.0
8a48b2a45a6ffff,0.0,0.0,0.0,0.0,0.0,0.0
8a48b2a45a77fff,2.0,0.0,0.0,0.0,0.0,0.0
8a48b2a45a8ffff,1.0,0.0,0.0,0.0,0.0,0.0
8a48b2a45aa7fff,2.0,0.0,0.0,0.0,0.0,0.0
8a48b2a45aaffff,0.0,0.0,1.0,1.0,0.0,0.0
8a48b2a45ab7fff,0.0,0.0,0.0,0.0,0.0,0.0
8a48b2a45ae7fff,0.0,0.0,0.0,0.0,0.0,1.0
8a48b2a45af7fff,3.0,0.0,1.0,1.0,0.0,0.0
8a48b2a45b27fff,2.0,0.0,0.0,0.0,0.0,0.0
8a48b2a45b2ffff,2.0,0.0,0.0,0.0,0.0,0.0
8a48b2a45b47fff,1.0,0.0,0.0,0.0,0.0,0.0
8a48b2a45b4ffff,1.0,0.0,0.0,0.0,0.0,0.0
8a48b2a45b57fff,0.0,0.0,0.0,0.0,0.0,0.0
8a48b2a45b5ffff,4.0,0.0,0.0,0.0,0.0,0.0
8a48b2a45b67fff,2.0,0.0,0.0,0.0,0.0,0.0
8a48b2a45b6ffff,2.0,0.0,0.0,0.0,0.0,0.0
8a48b2a45b77fff,1.0,0.0,0.0,0.0,0.0,0.0
8a48b2a45b87fff,1.0,0.0,0.0,0.0,0.0,1.0
8a48b2a45b8ffff,4.0,0.0,0.0,0.0,0.0,0.0
8a48b2a45b97fff,1.0,0.0,0.0,0.0,0.0,0.0
8a48b2a45b9ffff,0.0,0.0,0.0,0.0,0.0,0.0
8a48b2a45ba7fff,1.0,0.0,0.0,0.0,0.0,0.0
8a48b2a45baffff,3.0,0.0,0.0,0.0,0.0,0.0
8a48b2a45bb7fff,6.0,0.0,1.0,1.0,0.0,0.0
8a48b2a45c07fff,4.0,0.0,0.0,0.0,0.0,0.0
8a48b2a45c1ffff,1.0,0.0,0.0,0.0,0.0,0.0
8a48b2a45c27fff,7.0,0.0,3.0,0.0,0.0,0.0
8a48b2a45c2ffff,1.0,0.0,0.0,0.0,0.0,0.0
8a48b2a45c37fff,1.0,0.0,0.0,0.0,0.0,1.0
8a48b2a45c4ffff,1.0,0.0,0.0,0.0,0.0,0.0
8a48b2a45c67fff,1.0,0.0,0.0,0.0,0.0,0.0
8a48b2a45ccffff,0.0,0.0,0.0,0.0,0.0,0.0
8a48b2a45cd7fff,1.0,0.0,0.0,0.0,0.0,0.0
8a48b2a45ce7fff,0.0,0.0,1.0,1.0,0.0,0.0
8a48b2a45cf7fff,0.0,0.0,0.0,0.0,0.0,0.0
8a48b2a45d0ffff,1.0,0.0,0.0,0.0,0.0,0.0
8a48b2a45d1ffff,2.0,0.0,0.0,0.0,0.0,0.0
8a48b2a45d27fff,1.0,0.0,0.0,0.0,0.0,0.0
8a48b2a45d2ffff,4.0,0.0,3.0,1.0,0.0,0.0
8a48b2a45d37fff,0.0,0.0,0.0,0.0,0.0,0.0
8a48b2a45d47fff,1.0,0.0,0.0,0.0,0.0,0.0
8a48b2a45d4ffff,2.0,0.0,0.0,0.0,0.0,0.0
8a48b2a45d57fff,2.0,0.0,0.0,0.0,0.0,0.0
8a48b2a45d5ffff,1.0,0.0,0.0,0.0,0.0,0.0
8a48b2a45d67fff,0.0,0.0,1.0,0.0,0.0,0.0
8a48b2a45d6ffff,2.0,0.0,4.0,0.0,0.0,0.0
8a48b2a45d77fff,1.0,0.0,0.0,0.0,0.0,0.0
8a48b2a45d87fff,1.0,0.0,0.0,0.0,0.0,0.0
8a48b2a45d8ffff,1.0,0.0,0.0,0.0,0.0,0.0
8a48b2a45d9ffff,1.0,0.0,0.0,0.0,0.0,0.0
8a48b2a45da7fff,9.0,0.0,0.0,0.0,0.0,1.0
8a48b2a45daffff,0.0,0.0,2.0,1.0,0.0,0.0
8a48b2a45db7fff,15.0,0.0,3.0,2.0,0.0,0.0
8a48b2a6000ffff,0.0,0.0,0.0,0.0,0.0,0.0
8a48b2a60037fff,0.0,0.0,0.0,0.0,0.0,0.0
8a48b2a6004ffff,0.0,0.0,0.0,0.0,0.0,0.0
8a48b2a6005ffff,1.0,0.0,0.0,0.0,0.0,0.0
8a48b2a6006ffff,0.0,0.0,0.0,0.0,0.0,0.0
8a48b2a60097fff,1.0,0.0,0.0,0.0,0.0,0.0
8a48b2a6009ffff,1.0,0.0,0.0,0.0,0.0,0.0
8a48b2a600b7fff,0.0,0.0,0.0,0.0,0.0,0.0
8a48b2a600d7fff,0.0,0.0,0.0,0.0,0.0,0.0
8a48b2a600effff,0.0,0.0,0.0,0.0,0.0,0.0
8a48b2a600f7fff,1.0,0.0,0.0,0.0,0.0,0.0
8a48b2a60127fff,1.0,0.0,0.0,0.0,0.0,0.0
8a48b2a60187fff,0.0,0.0,0.0,0.0,0.0,0.0
8a48b2a6018ffff,0.0,0.0,0.0,0.0,0.0,0.0
8a48b2a60197fff,0.0,0.0,0.0,0.0,0.0,0.0
8a48b2a6019ffff,0.0,0.0,0.0,0.0,0.0,0.0
8a48b2a601a7fff,0.0,0.0,0.0,0.0,0.0,1.0
8a48b2a601affff,0.0,0.0,0.0,0.0,0.0,0.0
8a48b2a601b7fff,0.0,0.0,0.0,0.0,0.0,0.0
8a48b2a60207fff,0.0,0.0,0.0,0.0,0.0,0.0
8a48b2a60217fff,4.0,0.0,2.0,0.0,1.0,0.0
8a48b2a6021ffff,1.0,0.0,0.0,0.0,0.0,0.0
8a48b2a60227fff,1.0,0.0,0.0,0.0,0.0,0.0
8a48b2a60237fff,4.0,0.0,1.0,0.0,1.0,0.0
8a48b2a60247fff,0.0,0.0,0.0,0.0,0.0,0.0
8a48b2a6024ffff,1.0,0.0,0.0,0.0,0.0,0.0
8a48b2a60257fff,0.0,0.0,0.0,0.0,0.0,0.0
8a48b2a6025ffff,2.0,0.0,0.0,0.0,0.0,0.0
8a48b2a60267fff,0.0,0.0,0.0,0.0,0.0,0.0
8a48b2a6026ffff,0.0,0.0,0.0,0.0,0.0,0.0
8a48b2a60277fff,0.0,0.0,0.0,0.0,0.0,0.0
8a48b2a6028ffff,0.0,0.0,0.0,0.0,0.0,0.0
8a48b2a6029ffff,1.0,0.0,0.0,0.0,0.0,0.0
8a48b2a602a7fff,1.0,0.0,0.0,0.0,0.0,0.0
8a48b2a602affff,3.0,0.0,1.0,1.0,0.0,0.0
8a48b2a602b7fff,2.0,0.0,0.0,0.0,0.0,0.0
8a48b2a602dffff,0.0,0.0,0.0,0.0,0.0,0.0
8a48b2a602effff,0.0,0.0,0.0,0.0,0.0,0.0
8a48b2a60307fff,1.0,0.0,2.0,0.0,0.0,0.0
8a48b2a6030ffff,0.0,0.0,0.0,0.0,0.0,0.0
8a48b2a6031ffff,4.0,0.0,4.0,0.0,4.0,0.0
8a48b2a60327fff,1.0,0.0,1.0,0.0,0.0,0.0
8a48b2a6032ffff,0.0,0.0,0.0,0.0,0.0,0.0
8a48b2a60357fff,1.0,0.0,0.0,0.0,0.0,0.0
8a48b2a6035ffff,0.0,0.0,0.0,0.0,0.0,0.0
8a48b2a6038ffff,4.0,0.0,0.0,0.0,0.0,0.0
8a48b2a6039ffff,0.0,0.0,0.0,0.0,0.0,0.0
8a48b2a603affff,2.0,0.0,0.0,0.0,0.0,0.0
8a48b2a60407fff,0.0,0.0,0.0,0.0,0.0,0.0
8a48b2a60417fff,2.0,0.0,1.0,0.0,0.0,0.0
8a48b2a60427fff,0.0,0.0,0.0,0.0,0.0,0.0
8a48b2a6042ffff,0.0,0.0,0.0,0.0,0.0,0.0
8a48b2a60447fff,0.0,0.0,1.0,1.0,0.0,0.0
8a48b2a6044ffff,1.0,0.0,1.0,1.0,0.0,1.0
8a48b2a60457fff,1.0,0.0,0.0,0.0,0.0,0.0
8a48b2a6045ffff,0.0,0.0,0.0,0.0,0.0,0.0
8a48b2a60467fff,2.0,0.0,0.0,0.0,0.0,0.0
8a48b2a6046ffff,0.0,0.0,2.0,2.0,0.0,0.0
8a48b2a60477fff,1.0,0.0,0.0,0.0,0.0,0.0
8a48b2a604affff,0.0,0.0,0.0,0.0,0.0,0.0
8a48b2a604b7fff,0.0,0.0,0.0,0.0,0.0,0.0
8a48b2a604cffff,0.0,0.0,0.0,0.0,0.0,0.0
8a48b2a604d7fff,0.0,0.0,1.0,0.0,0.0,0.0
8a48b2a604dffff,1.0,0.0,0.0,0.0,0.0,0.0
8a48b2a60527fff,0.0,0.0,0.0,0.0,0.0,1.0
8a48b2a60537fff,0.0,0.0,0.0,0.0,0.0,0.0
8a48b2a60547fff,0.0,0.0,1.0,1.0,0.0,0.0
8a48b2a6054ffff,1.0,0.0,1.0,1.0,0.0,0.0
8a48b2a60567fff,0.0,0.0,1.0,1.0,0.0,0.0
8a48b2a6056ffff,0.0,0.0,0.0,0.0,0.0,0.0
8a48b2a60577fff,1.0,0.0,0.0,0.0,0.0,0.0
8a48b2a6058ffff,0.0,0.0,1.0,1.0,0.0,0.0
8a48b2a605a7fff,0.0,0.0,0.0,0.0,0.0,0.0
8a48b2a605affff,0.0,0.0,1.0,1.0,0.0,0.0
8a48b2a60607fff,1.0,0.0,1.0,0.0,1.0,0.0
8a48b2a6060ffff,0.0,0.0,1.0,0.0,0.0,0.0
8a48b2a60617fff,1.0,0.0,10.0,0.0,0.0,0.0
8a48b2a6062ffff,2.0,0.0,1.0,1.0,0.0,0.0
8a48b2a60637fff,0.0,0.0,0.0,0.0,0.0,0.0
8a48b2a6064ffff,0.0,0.0,0.0,0.0,0.0,0.0
8a48b2a60657fff,0.0,0.0,1.0,0.0,0.0,0.0
8a48b2a60667fff,0.0,0.0,0.0,0.0,0.0,0.0
8a48b2a6066ffff,0.0,0.0,0.0,0.0,0.0,0.0
8a48b2a60677fff,0.0,0.0,0.0,0.0,0.0,0.0
8a48b2a6068ffff,0.0,0.0,0.0,0.0,0.0,0.0
8a48b2a60697fff,1.0,0.0,0.0,0.0,0.0,0.0
8a48b2a606a7fff,0.0,0.0,0.0,0.0,0.0,0.0
8a48b2a606affff,0.0,0.0,0.0,0.0,0.0,0.0
8a48b2a606c7fff,1.0,0.0,0.0,0.0,0.0,0.0
8a48b2a606cffff,1.0,0.0,4.0,0.0,2.0,0.0
8a48b2a606dffff,1.0,0.0,0.0,0.0,0.0,0.0
8a48b2a606e7fff,0.0,0.0,0.0,0.0,0.0,0.0
8a48b2a606effff,0.0,0.0,0.0,0.0,0.0,0.0
8a48b2a60707fff,0.0,0.0,0.0,0.0,0.0,0.0
8a48b2a6070ffff,0.0,0.0,0.0,0.0,0.0,0.0
8a48b2a60717fff,0.0,0.0,1.0,1.0,0.0,0.0
8a48b2a6071ffff,1.0,0.0,0.0,0.0,0.0,0.0
8a48b2a60727fff,0.0,0.0,0.0,0.0,0.0,0.0
8a48b2a60737fff,1.0,1.0,1.0,1.0,0.0,0.0
8a48b2a60747fff,0.0,0.0,0.0,0.0,0.0,1.0
8a48b2a6074ffff,0.0,0.0,0.0,0.0,0.0,0.0
8a48b2a60757fff,0.0,0.0,0.0,0.0,0.0,0.0
8a48b2a6075ffff,0.0,0.0,0.0,0.0,0.0,0.0
8a48b2a60767fff,1.0,0.0,0.0,0.0,0.0,1.0
8a48b2a60777fff,1.0,0.0,0.0,0.0,0.0,0.0
8a48b2a6079ffff,0.0,0.0,0.0,0.0,0.0,0.0
8a48b2a607a7fff,0.0,0.0,0.0,0.0,0.0,0.0
8a48b2a607affff,0.0,0.0,0.0,0.0,0.0,1.0
8a48b2a607b7fff,0.0,0.0,0.0,0.0,0.0,1.0
8a48b2a60817fff,0.0,0.0,4.0,1.0,0.0,0.0
8a48b2a6081ffff,0.0,0.0,0.0,0.0,0.0,0.0
8a48b2a60847fff,1.0,0.0,0.0,0.0,0.0,0.0
8a48b2a6084ffff,0.0,0.0,0.0,0.0,0.0,0.0
8a48b2a6085ffff,1.0,0.0,0.0,0.0,0.0,0.0
8a48b2a60867fff,5.0,0.0,4.0,0.0,1.0,0.0
8a48b2a6086ffff,1.0,0.0,0.0,0.0,0.0,0.0
8a48b2a60877fff,0.0,0.0,0.0,0.0,0.0,0.0
8a48b2a60887fff,1.0,0.0,0.0,0.0,0.0,0.0
8a48b2a6088ffff,1.0,0.0,0.0,0.0,0.0,0.0
8a48b2a6089ffff,3.0,0.0,0.0,0.0,0.0,0.0
8a48b2a608affff,1.0,0.0,4.0,1.0,0.0,0.0
8a48b2a608cffff,0.0,0.0,0.0,0.0,0.0,0.0
8a48b2a608d7fff,0.0,0.0,0.0,0.0,0.0,0.0
8a48b2a608dffff,0.0,0.0,0.0,0.0,0.0,0.0
8a48b2a608effff,0.0,0.0,0.0,0.0,0.0,0.0
8a48b2a60907fff,0.0,0.0,1.0,1.0,0.0,0.0
8a48b2a6091ffff,0.0,0.0,0.0,0.0,0.0,0.0
8a48b2a6096ffff,1.0,0.0,2.0,2.0,0.0,1.0
8a48b2a60a07fff,0.0,0.0,0.0,0.0,0.0,0.0
8a48b2a60a0ffff,1.0,0.0,0.0,0.0,0.0,0.0
8a48b2a60a1ffff,0.0,0.0,0.0,0.0,0.0,0.0
8a48b2a60a27fff,1.0,0.0,0.0,0.0,0.0,0.0
8a48b2a60a2ffff,0.0,0.0,0.0,0.0,0.0,0.0
8a48b2a60a57fff,1.0,0.0,0.0,0.0,0.0,0.0
8a48b2a60a67fff,1.0,0.0,0.0,0.0,0.0,0.0
8a48b2a60a77fff,1.0,0.0,0.0,0.0,0.0,0.0
8a48b2a60a8ffff,0.0,0.0,5.0,0.0,2.0,0.0
8a48b2a60aa7fff,0.0,0.0,0.0,0.0,0.0,0.0
8a48b2a60aaffff,0.0,0.0,0.0,0.0,0.0,0.0
8a48b2a60ab7fff,0.0,0.0,0.0,0.0,0.0,0.0
8a48b2a60acffff,0.0,0.0,0.0,0.0,0.0,0.0
8a48b2a60ad7fff,1.0,0.0,0.0,0.0,0.0,0.0
8a48b2a60adffff,1.0,0.0,0.0,0.0,0.0,0.0
8a48b2a60ae7fff,0.0,0.0,0.0,0.0,0.0,0.0
8a48b2a60b07fff,1.0,0.0,0.0,0.0,0.0,0.0
8a48b2a60b1ffff,1.0,0.0,0.0,0.0,0.0,0.0
8a48b2a60b2ffff,0.0,0.0,1.0,0.0,0.0,0.0
8a48b2a60b57fff,2.0,0.0,0.0,0.0,0.0,0.0
8a48b2a60b6ffff,0.0,0.0,0.0,0.0,0.0,0.0
8a48b2a60b77fff,0.0,0.0,0.0,0.0,0.0,0.0
8a48b2a60b87fff,0.0,0.0,1.0,1.0,0.0,0.0
8a48b2a60b8ffff,0.0,0.0,0.0,0.0,0.0,0.0
8a48b2a60ba7fff,1.0,0.0,0.0,0.0,0.0,0.0
8a48b2a60baffff,0.0,0.0,0.0,0.0,0.0,0.0
8a48b2a60c07fff,0.0,0.0,0.0,0.0,0.0,0.0
8a48b2a60c17fff,0.0,0.0,1.0,1.0,0.0,0.0
8a48b2a60c47fff,2.0,0.0,0.0,0.0,0.0,0.0
8a48b2a60c4ffff,0.0,0.0,0.0,0.0,0.0,0.0
8a48b2a60c57fff,1.0,0.0,0.0,0.0,0.0,0.0
8a48b2a60c67fff,0.0,0.0,0.0,0.0,0.0,0.0
8a48b2a60c6ffff,1.0,0.0,1.0,1.0,0.0,0.0
8a48b2a60c8ffff,1.0,0.0,1.0,1.0,0.0,0.0
8a48b2a60cc7fff,0.0,0.0,1.0,1.0,0.0,0.0
8a48b2a60ccffff,0.0,0.0,0.0,0.0,0.0,0.0
8a48b2a60cdffff,1.0,0.0,0.0,0.0,0.0,0.0
8a48b2a60ceffff,1.0,0.0,0.0,0.0,0.0,0.0
8a48b2a60cf7fff,0.0,0.0,0.0,0.0,0.0,0.0
8a48b2a60d2ffff,0.0,0.0,0.0,0.0,0.0,1.0
8a48b2a60da7fff,0.0,0.0,0.0,0.0,0.0,0.0
8a48b2a60db7fff,0.0,0.0,0.0,0.0,0.0,0.0
8a48b2a61007fff,0.0,0.0,0.0,0.0,0.0,0.0
8a48b2a61017fff,2.0,0.0,2.0,0.0,0.0,1.0
8a48b2a61037fff,2.0,0.0,0.0,0.0,0.0,0.0
8a48b2a6104ffff,0.0,0.0,0.0,0.0,0.0,0.0
8a48b2a61067fff,1.0,0.0,0.0,0.0,0.0,0.0
8a48b2a61087fff,0.0,0.0,0.0,0.0,0.0,0.0
8a48b2a6109ffff,0.0,0.0,0.0,0.0,0.0,0.0
8a48b2a610a7fff,0.0,0.0,0.0,0.0,0.0,0.0
8a48b2a610affff,0.0,0.0,0.0,0.0,0.0,0.0
8a48b2a610d7fff,2.0,0.0,2.0,0.0,0.0,0.0
8a48b2a610effff,1.0,0.0,0.0,0.0,0.0,0.0
8a48b2a610f7fff,4.0,0.0,2.0,0.0,1.0,0.0
8a48b2a6110ffff,1.0,0.0,0.0,0.0,0.0,0.0
8a48b2a61117fff,0.0,0.0,2.0,0.0,0.0,0.0
8a48b2a6111ffff,2.0,0.0,0.0,0.0,0.0,0.0
8a48b2a61127fff,3.0,0.0,0.0,0.0,0.0,0.0
8a48b2a6112ffff,0.0,0.0,0.0,0.0,0.0,0.0
8a48b2a61137fff,0.0,0.0,0.0,0.0,0.0,0.0
8a48b2a6118ffff,0.0,0.0,2.0,0.0,0.0,0.0
8a48b2a611affff,0.0,0.0,0.0,0.0,0.0,0.0
8a48b2a611b7fff,2.0,0.0,0.0,0.0,0.0,0.0
8a48b2a61207fff,0.0,0.0,0.0,0.0,0.0,0.0
8a48b2a6120ffff,1.0,0.0,0.0,0.0,0.0,0.0
8a48b2a61227fff,1.0,0.0,0.0,0.0,0.0,0.0
8a48b2a6122ffff,0.0,0.0,0.0,0.0,0.0,1.0
8a48b2a61237fff,3.0,0.0,0.0,0.0,0.0,0.0
8a48b2a61257fff,1.0,0.0,0.0,0.0,0.0,0.0
8a48b2a6126ffff,0.0,0.0,0.0,0.0,0.0,0.0
8a48b2a61277fff,1.0,0.0,0.0,0.0,0.0,0.0
8a48b2a61287fff,1.0,0.0,1.0,0.0,1.0,0.0
8a48b2a61297fff,0.0,0.0,0.0,0.0,0.0,0.0
8a48b2a6129ffff,0.0,0.0,0.0,0.0,0.0,0.0
8a48b2a612affff,2.0,0.0,0.0,0.0,0.0,0.0
8a48b2a612c7fff,1.0,0.0,0.0,0.0,0.0,0.0
8a48b2a612d7fff,0.0,0.0,0.0,0.0,0.0,0.0
8a48b2a612dffff,1.0,0.0,0.0,0.0,0.0,0.0
8a48b2a612f7fff,0.0,0.0,3.0,0.0,0.0,0.0
8a48b2a61307fff,3.0,0.0,0.0,0.0,0.0,0.0
8a48b2a6130ffff,1.0,0.0,2.0,1.0,1.0,0.0
8a48b2a61317fff,2.0,0.0,0.0,0.0,0.0,0.0
8a48b2a6131ffff,1.0,0.0,0.0,0.0,0.0,0.0
8a48b2a61347fff,0.0,0.0,0.0,0.0,0.0,0.0
8a48b2a6136ffff,1.0,0.0,0.0,0.0,0.0,0.0
8a48b2a61377fff,1.0,0.0,0.0,0.0,0.0,0.0
8a48b2a61407fff,0.0,0.0,0.0,0.0,0.0,0.0
8a48b2a61417fff,1.0,0.0,0.0,0.0,0.0,0.0
8a48b2a6141ffff,0.0,0.0,0.0,0.0,0.0,0.0
8a48b2a61427fff,2.0,0.0,1.0,0.0,0.0,0.0
8a48b2a61437fff,3.0,0.0,3.0,0.0,3.0,1.0
8a48b2a61447fff,2.0,0.0,1.0,0.0,1.0,0.0
8a48b2a6144ffff,1.0,0.0,0.0,0.0,0.0,0.0
8a48b2a6145ffff,16.0,0.0,11.0,1.0,3.0,1.0
8a48b2a61467fff,5.0,0.0,0.0,0.0,0.0,0.0
8a48b2a61487fff,0.0,0.0,0.0,0.0,0.0,1.0
8a48b2a6148ffff,1.0,0.0,0.0,0.0,0.0,0.0
8a48b2a6149ffff,1.0,0.0,0.0,0.0,0.0,0.0
8a48b2a614a7fff,1.0,0.0,0.0,0.0,0.0,0.0
8a48b2a614affff,1.0,0.0,0.0,0.0,0.0,0.0
8a48b2a614b7fff,0.0,0.0,0.0,0.0,0.0,0.0
8a48b2a614c7fff,1.0,0.0,0.0,0.0,0.0,1.0
8a48b2a614cffff,0.0,0.0,1.0,0.0,1.0,0.0
8a48b2a614d7fff,1.0,0.0,0.0,0.0,0.0,1.0
8a48b2a614dffff,2.0,0.0,0.0,0.0,0.0,0.0
8a48b2a614e7fff,1.0,0.0,0.0,0.0,0.0,0.0
8a48b2a614effff,4.0,0.0,0.0,0.0,0.0,0.0
8a48b2a614f7fff,2.0,0.0,0.0,0.0,0.0,1.0
8a48b2a6150ffff,0.0,0.0,0.0,0.0,0.0,0.0
8a48b2a61517fff,1.0,0.0,0.0,0.0,0.0,0.0
8a48b2a61527fff,1.0,0.0,0.0,0.0,0.0,0.0
8a48b2a6152ffff,0.0,0.0,0.0,0.0,0.0,0.0
8a48b2a61547fff,16.0,0.0,3.0,2.0,0.0,1.0
8a48b2a6154ffff,1.0,0.0,0.0,0.0,0.0,0.0
8a48b2a61557fff,1.0,0.0,0.0,0.0,0.0,0.0
8a48b2a6155ffff,4.0,0.0,2.0,0.0,0.0,1.0
8a48b2a61567fff,5.0,0.0,2.0,0.0,0.0,0.0
8a48b2a6156ffff,2.0,0.0,0.0,0.0,0.0,0.0
8a48b2a61587fff,5.0,0.0,2.0,1.0,0.0,0.0
8a48b2a6158ffff,3.0,0.0,0.0,0.0,0.0,0.0
8a48b2a61597fff,0.0,0.0,0.0,0.0,0.0,0.0
8a48b2a6159ffff,0.0,0.0,0.0,0.0,0.0,0.0
8a48b2a615affff,1.0,0.0,0.0,0.0,0.0,0.0
8a48b2a61607fff,1.0,0.0,0.0,0.0,0.0,0.0
8a48b2a6160ffff,1.0,0.0,0.0,0.0,0.0,0.0
8a48b2a61617fff,1.0,0.0,0.0,0.0,0.0,0.0
8a48b2a6161ffff,5.0,0.0,3.0,2.0,0.0,0.0
8a48b2a61627fff,1.0,0.0,0.0,0.0,0.0,0.0
8a48b2a6162ffff,2.0,0.0,0.0,0.0,0.0,0.0
8a48b2a61637fff,1.0,0.0,0.0,0.0,0.0,0.0
8a48b2a6164ffff,0.0,0.0,0.0,0.0,0.0,0.0
8a48b2a6165ffff,2.0,0.0,0.0,0.0,0.0,0.0
8a48b2a61667fff,1.0,0.0,0.0,0.0,0.0,0.0
8a48b2a6166ffff,0.0,0.0,0.0,0.0,0.0,0.0
8a48b2a61677fff,1.0,0.0,0.0,0.0,0.0,1.0
8a48b2a61687fff,9.0,0.0,0.0,0.0,0.0,0.0
8a48b2a61697fff,8.0,0.0,3.0,1.0,0.0,1.0
8a48b2a6169ffff,4.0,0.0,4.0,0.0,1.0,0.0
8a48b2a616a7fff,7.0,0.0,1.0,1.0,0.0,1.0
8a48b2a616affff,2.0,0.0,1.0,0.0,0.0,0.0
8a48b2a616b7fff,32.0,0.0,14.0,1.0,0.0,1.0
8a48b2a616c7fff,0.0,0.0,1.0,0.0,1.0,0.0
8a48b2a616d7fff,1.0,0.0,0.0,0.0,0.0,0.0
8a48b2a616e7fff,12.0,0.0,2.0,2.0,0.0,0.0
8a48b2a616effff,0.0,0.0,4.0,0.0,1.0,0.0
8a48b2a616f7fff,3.0,0.0,1.0,1.0,0.0,0.0
8a48b2a61707fff,2.0,0.0,0.0,0.0,0.0,0.0
8a48b2a6170ffff,6.0,0.0,3.0,1.0,0.0,0.0
8a48b2a61717fff,1.0,0.0,1.0,0.0,0.0,1.0
8a48b2a6171ffff,1.0,0.0,0.0,0.0,0.0,0.0
8a48b2a6172ffff,0.0,0.0,0.0,0.0,0.0,0.0
8a48b2a61737fff,1.0,0.0,0.0,0.0,0.0,0.0
8a48b2a61747fff,0.0,0.0,0.0,0.0,0.0,0.0
8a48b2a61757fff,2.0,0.0,0.0,0.0,0.0,0.0
8a48b2a61767fff,1.0,0.0,0.0,0.0,0.0,0.0
8a48b2a61787fff,5.0,0.0,0.0,0.0,0.0,1.0
8a48b2a6178ffff,6.0,0.0,0.0,0.0,0.0,0.0
8a48b2a61797fff,1.0,0.0,0.0,0.0,0.0,0.0
8a48b2a6179ffff,12.0,0.0,2.0,1.0,0.0,0.0
8a48b2a617a7fff,7.0,0.0,0.0,0.0,0.0,0.0
8a48b2a617b7fff,9.0,0.0,2.0,0.0,0.0,0.0
8a48b2a61807fff,1.0,0.0,0.0,0.0,0.0,0.0
8a48b2a6180ffff,0.0,0.0,0.0,0.0,0.0,0.0
8a48b2a61817fff,0.0,0.0,0.0,0.0,0.0,0.0
8a48b2a6182ffff,0.0,0.0,1.0,1.0,0.0,0.0
8a48b2a61837fff,0.0,0.0,0.0,0.0,0.0,0.0
8a48b2a61857fff,1.0,0.0,0.0,0.0,0.0,0.0
8a48b2a6185ffff,0.0,0.0,0.0,0.0,0.0,0.0
8a48b2a61877fff,1.0,0.0,0.0,0.0,0.0,0.0
8a48b2a61887fff,0.0,0.0,1.0,0.0,0.0,0.0
8a48b2a6188ffff,1.0,0.0,0.0,0.0,0.0,0.0
8a48b2a61897fff,0.0,0.0,0.0,0.0,0.0,0.0
8a48b2a6189ffff,1.0,0.0,0.0,0.0,0.0,0.0
8a48b2a618a7fff,1.0,0.0,0.0,0.0,0.0,0.0
8a48b2a618e7fff,0.0,0.0,0.0,0.0,0.0,0.0
8a48b2a618f7fff,0.0,0.0,0.0,0.0,0.0,0.0
8a48b2a6190ffff,0.0,0.0,0.0,0.0,0.0,0.0
8a48b2a6191ffff,5.0,0.0,3.0,2.0,1.0,0.0
8a48b2a61927fff,0.0,0.0,0.0,0.0,0.0,0.0
8a48b2a6194ffff,0.0,0.0,1.0,0.0,0.0,0.0
8a48b2a61957fff,0.0,0.0,0.0,0.0,0.0,0.0
8a48b2a61967fff,0.0,0.0,0.0,0.0,0.0,0.0
8a48b2a61977fff,1.0,0.0,1.0,1.0,0.0,0.0
8a48b2a61987fff,0.0,0.0,0.0,0.0,0.0,0.0
8a48b2a6198ffff,1.0,0.0,0.0,0.0,0.0,0.0
8a48b2a61997fff,1.0,0.0,1.0,0.0,1.0,0.0
8a48b2a6199ffff,1.0,0.0,0.0,0.0,0.0,0.0
8a48b2a619affff,1.0,0.0,0.0,0.0,0.0,0.0
8a48b2a619b7fff,1.0,0.0,0.0,0.0,0.0,0.0
8a48b2a61a0ffff,0.0,0.0,0.0,0.0,0.0,0.0
8a48b2a61a27fff,0.0,0.0,0.0,0.0,0.0,0.0
8a48b2a61a2ffff,0.0,0.0,0.0,0.0,0.0,0.0
8a48b2a61a57fff,0.0,0.0,0.0,0.0,0.0,0.0
8a48b2a61a5ffff,1.0,0.0,1.0,0.0,0.0,0.0
8a48b2a61a6ffff,0.0,0.0,1.0,0.0,0.0,0.0
8a48b2a61a77fff,1.0,0.0,0.0,0.0,0.0,0.0
8a48b2a61a87fff,1.0,0.0,0.0,0.0,0.0,0.0
8a48b2a61aa7fff,0.0,0.0,0.0,0.0,0.0,0.0
8a48b2a61aaffff,0.0,0.0,0.0,0.0,0.0,0.0
8a48b2a61ac7fff,0.0,0.0,0.0,0.0,0.0,0.0
8a48b2a61adffff,1.0,0.0,0.0,0.0,0.0,0.0
8a48b2a61b0ffff,0.0,0.0,0.0,0.0,0.0,0.0
8a48b2a61b27fff,1.0,0.0,0.0,0.0,0.0,0.0
8a48b2a61b4ffff,0.0,0.0,0.0,0.0,0.0,0.0
8a48b2a61b5ffff,0.0,0.0,0.0,0.0,0.0,0.0
8a48b2a61b67fff,0.0,0.0,0.0,0.0,0.0,0.0
8a48b2a61b6ffff,0.0,0.0,0.0,0.0,0.0,0.0
8a48b2a61b87fff,0.0,0.0,0.0,0.0,0.0,0.0
8a48b2a61b97fff,1.0,0.0,0.0,0.0,0.0,0.0
8a48b2a61bb7fff,0.0,0.0,0.0,0.0,0.0,0.0
8a48b2a61c07fff,0.0,0.0,0.0,0.0,0.0,0.0
8a48b2a61c0ffff,3.0,0.0,0.0,0.0,0.0,0.0
8a48b2a61c17fff,2.0,0.0,0.0,0.0,0.0,0.0
8a48b2a61c27fff,4.0,0.0,1.0,0.0,0.0,1.0
8a48b2a61c47fff,1.0,0.0,0.0,0.0,0.0,0.0
8a48b2a61c4ffff,0.0,0.0,0.0,0.0,0.0,0.0
8a48b2a61c57fff,1.0,0.0,0.0,0.0,0.0,0.0
8a48b2a61c5ffff,0.0,0.0,0.0,0.0,0.0,0.0
8a48b2a61c6ffff,3.0,0.0,1.0,0.0,1.0,0.0
8a48b2a61c87fff,0.0,0.0,0.0,0.0,0.0,0.0
8a48b2a61c9ffff,0.0,0.0,0.0,0.0,0.0,0.0
8a48b2a61caffff,0.0,0.0,0.0,0.0,0.0,0.0
8a48b2a61cc7fff,6.0,0.0,1.0,0.0,1.0,0.0
8a48b2a61ccffff,8.0,0.0,0.0,0.0,0.0,0.0
8a48b2a61cd7fff,0.0,0.0,0.0,0.0,0.0,0.0
8a48b2a61cdffff,5.0,0.0,0.0,0.0,0.0,0.0
8a48b2a61ce7fff,9.0,0.0,8.0,1.0,0.0,0.0
8a48b2a61d0ffff,9.0,0.0,15.0,6.0,0.0,1.0
8a48b2a61d1ffff,0.0,0.0,0.0,0.0,0.0,0.0
8a48b2a61d27fff,1.0,0.0,0.0,0.0,0.0,0.0
8a48b2a61d2ffff,0.0,0.0,0.0,0.0,0.0,0.0
8a48b2a61d47fff,1.0,0.0,0.0,0.0,0.0,0.0
8a48b2a61d4ffff,0.0,0.0,0.0,0.0,0.0,0.0
8a48b2a61d57fff,0.0,0.0,0.0,0.0,0.0,0.0
8a48b2a61d67fff,0.0,0.0,1.0,0.0,0.0,0.0
8a48b2a61d77fff,1.0,0.0,2.0,2.0,0.0,0.0
8a48b2a61d87fff,0.0,0.0,0.0,0.0,0.0,0.0
8a48b2a61d8ffff,1.0,0.0,0.0,0.0,0.0,0.0
8a48b2a61d97fff,2.0,0.0,0.0,0.0,0.0,0.0
8a48b2a61da7fff,1.0,0.0,0.0,0.0,0.0,0.0
8a48b2a61daffff,2.0,0.0,0.0,0.0,0.0,0.0
8a48b2a62007fff,0.0,0.0,0.0,0.0,0.0,0.0
8a48b2a6200ffff,0.0,0.0,0.0,0.0,0.0,0.0
8a48b2a62017fff,0.0,0.0,4.0,0.0,0.0,0.0
8a48b2a62027fff,1.0,0.0,0.0,0.0,0.0,0.0
8a48b2a6202ffff,1.0,0.0,0.0,0.0,0.0,0.0
8a48b2a62037fff,0.0,0.0,0.0,0.0,0.0,0.0
8a48b2a6204ffff,0.0,0.0,0.0,0.0,0.0,0.0
8a48b2a62057fff,0.0,0.0,0.0,0.0,0.0,0.0
8a48b2a6205ffff,0.0,0.0,0.0,0.0,0.0,0.0
8a48b2a6206ffff,0.0,0.0,0.0,0.0,0.0,0.0
8a48b2a62077fff,0.0,0.0,2.0,0.0,0.0,0.0
8a48b2a62087fff,0.0,0.0,1.0,1.0,0.0,0.0
8a48b2a62097fff,0.0,0.0,0.0,0.0,0.0,0.0
8a48b2a6209ffff,0.0,0.0,0.0,0.0,0.0,1.0
8a48b2a620a7fff,0.0,0.0,0.0,0.0,0.0,0.0
8a48b2a620b7fff,1.0,0.0,1.0,0.0,0.0,0.0
8a48b2a620effff,0.0,0.0,0.0,0.0,0.0,0.0
8a48b2a62107fff,1.0,0.0,0.0,0.0,0.0,0.0
8a48b2a6210ffff,3.0,0.0,1.0,1.0,0.0,0.0
8a48b2a6211ffff,1.0,0.0,0.0,0.0,0.0,0.0
8a48b2a62127fff,0.0,0.0,0.0,0.0,0.0,0.0
8a48b2a62147fff,0.0,0.0,1.0,0.0,0.0,1.0
8a48b2a6214ffff,1.0,0.0,1.0,1.0,0.0,0.0
8a48b2a62157fff,0.0,0.0,0.0,0.0,0.0,0.0
8a48b2a6215ffff,0.0,0.0,3.0,0.0,0.0,0.0
8a48b2a6216ffff,1.0,0.0,0.0,0.0,0.0,0.0
8a48b2a62187fff,0.0,0.0,0.0,0.0,0.0,0.0
8a48b2a62197fff,1.0,0.0,0.0,0.0,0.0,0.0
8a48b2a621a7fff,0.0,0.0,1.0,1.0,0.0,0.0
8a48b2a621affff,0.0,0.0,0.0,0.0,0.0,0.0
8a48b2a62207fff,0.0,0.0,0.0,0.0,0.0,0.0
8a48b2a62227fff,0.0,0.0,1.0,0.0,0.0,0.0
8a48b2a62237fff,0.0,0.0,0.0,0.0,0.0,0.0
8a48b2a62257fff,1.0,0.0,0.0,0.0,0.0,0.0
8a48b2a6225ffff,0.0,0.0,1.0,0.0,1.0,0.0
8a48b2a6226ffff,0.0,0.0,0.0,0.0,0.0,0.0
8a48b2a62297fff,0.0,0.0,0.0,0.0,0.0,0.0
8a48b2a6229ffff,0.0,0.0,0.0,0.0,0.0,0.0
8a48b2a622a7fff,2.0,0.0,0.0,0.0,0.0,0.0
8a48b2a622cffff,0.0,0.0,0.0,0.0,0.0,0.0
8a48b2a622d7fff,0.0,0.0,0.0,0.0,0.0,0.0
8a48b2a622dffff,0.0,0.0,0.0,0.0,0.0,0.0
8a48b2a622e7fff,0.0,0.0,0.0,0.0,0.0,0.0
8a48b2a622effff,0.0,0.0,0.0,0.0,0.0,0.0
8a48b2a62307fff,1.0,0.0,0.0,0.0,0.0,0.0
8a48b2a6231ffff,1.0,0.0,0.0,0.0,0.0,0.0
8a48b2a62327fff,0.0,0.0,0.0,0.0,0.0,0.0
8a48b2a6232ffff,0.0,0.0,0.0,0.0,0.0,0.0
8a48b2a6234ffff,2.0,0.0,0.0,0.0,0.0,0.0
8a48b2a62367fff,0.0,0.0,0.0,0.0,0.0,0.0
8a48b2a62377fff,0.0,0.0,0.0,0.0,0.0,0.0
8a48b2a62397fff,0.0,0.0,2.0,0.0,2.0,0.0
8a48b2a6239ffff,0.0,0.0,0.0,0.0,0.0,0.0
8a48b2a623b7fff,0.0,0.0,2.0,2.0,0.0,0.0
8a48b2a62407fff,0.0,0.0,0.0,0.0,0.0,0.0
8a48b2a6240ffff,0.0,0.0,0.0,0.0,0.0,0.0
8a48b2a62417fff,2.0,0.0,0.0,0.0,0.0,0.0
8a48b2a6241ffff,0.0,0.0,0.0,0.0,0.0,0.0
8a48b2a6242ffff,0.0,0.0,1.0,1.0,0.0,0.0
8a48b2a62437fff,0.0,0.0,1.0,0.0,0.0,0.0
8a48b2a62447fff,1.0,0.0,0.0,0.0,0.0,0.0
8a48b2a6245ffff,0.0,0.0,0.0,0.0,0.0,0.0
8a48b2a62467fff,2.0,0.0,0.0,0.0,0.0,0.0
8a48b2a62477fff,0.0,0.0,0.0,0.0,0.0,0.0
8a48b2a6248ffff,1.0,0.0,0.0,0.0,0.0,0.0
8a48b2a6249ffff,0.0,0.0,0.0,0.0,0.0,0.0
8a48b2a624affff,1.0,0.0,2.0,1.0,0.0,0.0
8a48b2a624b7fff,0.0,0.0,0.0,0.0,0.0,0.0
8a48b2a624d7fff,1.0,0.0,0.0,0.0,0.0,0.0
8a48b2a624dffff,2.0,0.0,0.0,0.0,0.0,0.0
8a48b2a624effff,0.0,0.0,0.0,0.0,0.0,0.0
8a48b2a624f7fff,2.0,0.0,0.0,0.0,0.0,0.0
8a48b2a62547fff,0.0,0.0,0.0,0.0,0.0,1.0
8a48b2a62557fff,1.0,0.0,0.0,0.0,0.0,0.0
8a48b2a6255ffff,0.0,0.0,0.0,0.0,0.0,0.0
8a48b2a62567fff,0.0,0.0,3.0,1.0,0.0,0.0
8a48b2a6256ffff,1.0,0.0,1.0,0.0,0.0,0.0
8a48b2a62577fff,0.0,0.0,0.0,0.0,0.0,0.0
8a48b2a6258ffff,1.0,0.0,1.0,1.0,0.0,0.0
8a48b2a6259ffff,1.0,0.0,0.0,0.0,0.0,0.0
8a48b2a625a7fff,0.0,0.0,1.0,1.0,0.0,0.0
8a48b2a625affff,1.0,0.0,0.0,0.0,0.0,0.0
8a48b2a625b7fff,1.0,0.0,0.0,0.0,0.0,0.0
8a48b2a6260ffff,0.0,0.0,7.0,0.0,0.0,0.0
8a48b2a62617fff,0.0,0.0,0.0,0.0,0.0,0.0
8a48b2a6261ffff,2.0,0.0,1.0,0.0,0.0,0.0
8a48b2a62627fff,1.0,0.0,0.0,0.0,0.0,0.0
8a48b2a62637fff,1.0,0.0,0.0,0.0,0.0,0.0
8a48b2a62647fff,0.0,0.0,1.0,0.0,0.0,0.0
8a48b2a6266ffff,0.0,0.0,0.0,0.0,0.0,0.0
8a48b2a62677fff,0.0,0.0,0.0,0.0,0.0,0.0
8a48b2a6269ffff,1.0,0.0,3.0,0.0,0.0,0.0
8a48b2a626a7fff,1.0,0.0,0.0,0.0,0.0,0.0
8a48b2a626affff,0.0,0.0,0.0,0.0,0.0,0.0
8a48b2a626dffff,0.0,0.0,0.0,0.0,0.0,0.0
8a48b2a626e7fff,0.0,0.0,0.0,0.0,0.0,0.0
8a48b2a626effff,0.0,0.0,0.0,0.0,0.0,0.0
8a48b2a62727fff,0.0,0.0,0.0,0.0,0.0,0.0
8a48b2a62737fff,0.0,0.0,1.0,1.0,0.0,0.0
8a48b2a62747fff,1.0,0.0,0.0,0.0,0.0,0.0
8a48b2a62757fff,1.0,0.0,0.0,0.0,0.0,0.0
8a48b2a62767fff,1.0,0.0,0.0,0.0,0.0,0.0
8a48b2a6278ffff,0.0,0.0,0.0,0.0,0.0,0.0
8a48b2a62797fff,0.0,0.0,0.0,0.0,0.0,0.0
8a48b2a6279ffff,0.0,0.0,0.0,0.0,0.0,0.0
8a48b2a62817fff,1.0,0.0,0.0,0.0,0.0,0.0
8a48b2a6281ffff,0.0,0.0,0.0,0.0,0.0,0.0
8a48b2a62837fff,0.0,0.0,2.0,0.0,2.0,0.0
8a48b2a62847fff,2.0,0.0,0.0,0.0,0.0,0.0
8a48b2a6284ffff,0.0,0.0,0.0,0.0,0.0,0.0
8a48b2a6285ffff,2.0,0.0,0.0,0.0,0.0,0.0
8a48b2a62867fff,0.0,0.0,0.0,0.0,0.0,0.0
8a48b2a6286ffff,0.0,0.0,0.0,0.0,0.0,0.0
8a48b2a6288ffff,1.0,0.0,0.0,0.0,0.0,0.0
8a48b2a62897fff,0.0,0.0,0.0,0.0,0.0,0.0
8a48b2a628a7fff,0.0,0.0,1.0,0.0,0.0,0.0
8a48b2a628b7fff,1.0,0.0,0.0,0.0,0.0,0.0
8a48b2a628c7fff,0.0,0.0,1.0,1.0,0.0,0.0
8a48b2a628cffff,0.0,0.0,0.0,0.0,0.0,0.0
8a48b2a628dffff,0.0,0.0,0.0,0.0,0.0,0.0
8a48b2a628e7fff,0.0,0.0,0.0,0.0,0.0,0.0
8a48b2a6290ffff,0.0,0.0,0.0,0.0,0.0,0.0
8a48b2a62937fff,0.0,0.0,0.0,0.0,0.0,0.0
8a48b2a6294ffff,0.0,0.0,1.0,1.0,0.0,0.0
8a48b2a62957fff,0.0,0.0,0.0,0.0,0.0,1.0
8a48b2a6295ffff,0.0,0.0,1.0,0.0,1.0,0.0
8a48b2a6298ffff,0.0,0.0,0.0,0.0,0.0,0.0
8a48b2a62a07fff,1.0,0.0,0.0,0.0,0.0,0.0
8a48b2a62a17fff,1.0,0.0,0.0,0.0,0.0,0.0
8a48b2a62a27fff,0.0,0.0,1.0,0.0,0.0,0.0
8a48b2a62a2ffff,0.0,0.0,1.0,0.0,0.0,0.0
8a48b2a62a37fff,0.0,0.0,0.0,0.0,0.0,0.0
8a48b2a62a57fff,0.0,0.0,0.0,0.0,0.0,0.0
8a48b2a62a67fff,0.0,0.0,0.0,0.0,0.0,0.0
8a48b2a62a6ffff,1.0,0.0,0.0,0.0,0.0,0.0
8a48b2a62a77fff,1.0,0.0,0.0,0.0,0.0,0.0
8a48b2a62a87fff,0.0,0.0,0.0,0.0,0.0,0.0
8a48b2a62a9ffff,1.0,0.0,0.0,0.0,0.0,0.0
8a48b2a62aa7fff,0.0,0.0,0.0,0.0,0.0,0.0
8a48b2a62aaffff,1.0,0.0,1.0,0.0,0.0,0.0
8a48b2a62ab7fff,0.0,0.0,0.0,0.0,0.0,0.0
8a48b2a62acffff,0.0,0.0,0.0,0.0,0.0,0.0
8a48b2a62ae7fff,0.0,0.0,0.0,0.0,0.0,0.0
8a48b2a62af7fff,1.0,0.0,0.0,0.0,0.0,0.0
8a48b2a62b07fff,0.0,0.0,0.0,0.0,0.0,0.0
8a48b2a62b0ffff,1.0,0.0,0.0,0.0,0.0,0.0
8a48b2a62b17fff,0.0,0.0,0.0,0.0,0.0,0.0
8a48b2a62b1ffff,0.0,0.0,0.0,0.0,0.0,0.0
8a48b2a62b27fff,0.0,0.0,0.0,0.0,0.0,1.0
8a48b2a62b2ffff,2.0,0.0,4.0,0.0,0.0,0.0
8a48b2a62b37fff,1.0,0.0,0.0,0.0,0.0,0.0
8a48b2a62b47fff,0.0,0.0,0.0,0.0,0.0,0.0
8a48b2a62b57fff,0.0,0.0,0.0,0.0,0.0,0.0
8a48b2a62b67fff,0.0,0.0,0.0,0.0,0.0,0.0
8a48b2a62b6ffff,2.0,0.0,0.0,0.0,0.0,0.0
8a48b2a62b87fff,0.0,0.0,2.0,0.0,0.0,0.0
8a48b2a62b8ffff,1.0,0.0,0.0,0.0,0.0,0.0
8a48b2a62b97fff,0.0,0.0,0.0,0.0,0.0,0.0
8a48b2a62b9ffff,0.0,0.0,0.0,0.0,0.0,0.0
8a48b2a62baffff,1.0,0.0,0.0,0.0,0.0,0.0
8a48b2a62c47fff,1.0,0.0,0.0,0.0,0.0,0.0
8a48b2a62c4ffff,0.0,0.0,0.0,0.0,0.0,0.0
8a48b2a62c5ffff,0.0,0.0,0.0,0.0,0.0,0.0
8a48b2a62c97fff,0.0,0.0,0.0,0.0,0.0,0.0
8a48b2a62cb7fff,1.0,0.0,0.0,0.0,0.0,0.0
8a48b2a62cd7fff,0.0,0.0,1.0,0.0,1.0,0.0
8a48b2a62d17fff,0.0,0.0,1.0,0.0,1.0,0.0
8a48b2a62d67fff,1.0,0.0,1.0,1.0,0.0,0.0
8a48b2a62d6ffff,1.0,0.0,0.0,0.0,0.0,0.0
8a48b2a62d87fff,0.0,0.0,0.0,0.0,0.0,0.0
8a48b2a62d8ffff,0.0,0.0,0.0,0.0,0.0,0.0
8a48b2a63007fff,0.0,0.0,0.0,0.0,0.0,0.0
8a48b2a6300ffff,2.0,0.0,1.0,0.0,1.0,0.0
8a48b2a63017fff,0.0,0.0,1.0,0.0,1.0,0.0
8a48b2a63027fff,0.0,0.0,2.0,0.0,0.0,0.0
8a48b2a6302ffff,3.0,0.0,0.0,0.0,0.0,0.0
8a48b2a63037fff,1.0,0.0,0.0,0.0,0.0,0.0
8a48b2a63047fff,0.0,0.0,1.0,0.0,0.0,0.0
8a48b2a6304ffff,0.0,0.0,0.0,0.0,0.0,0.0
8a48b2a63057fff,13.0,0.0,1.0,1.0,0.0,0.0
8a48b2a6305ffff,6.0,0.0,3.0,2.0,0.0,0.0
8a48b2a63067fff,1.0,0.0,0.0,0.0,0.0,0.0
8a48b2a6306ffff,3.0,0.0,2.0,0.0,0.0,0.0
8a48b2a6308ffff,0.0,0.0,0.0,0.0,0.0,0.0
8a48b2a63097fff,0.0,0.0,0.0,0.0,0.0,0.0
8a48b2a6309ffff,1.0,0.0,0.0,0.0,0.0,0.0
8a48b2a630a7fff,0.0,0.0,0.0,0.0,0.0,0.0
8a48b2a630affff,2.0,0.0,0.0,0.0,0.0,0.0
8a48b2a630b7fff,0.0,0.0,0.0,0.0,0.0,0.0
8a48b2a630c7fff,2.0,0.0,1.0,0.0,0.0,0.0
8a48b2a630d7fff,0.0,0.0,8.0,4.0,0.0,0.0
8a48b2a630dffff,4.0,0.0,0.0,0.0,0.0,0.0
8a48b2a630effff,6.0,0.0,0.0,0.0,0.0,1.0
8a48b2a6310ffff,6.0,0.0,7.0,1.0,0.0,0.0
8a48b2a63117fff,0.0,0.0,0.0,0.0,0.0,0.0
8a48b2a63127fff,2.0,0.0,4.0,2.0,0.0,0.0
8a48b2a6312ffff,5.0,0.0,2.0,1.0,0.0,0.0
8a48b2a63147fff,1.0,0.0,0.0,0.0,0.0,0.0
8a48b2a6314ffff,1.0,0.0,0.0,0.0,0.0,0.0
8a48b2a63157fff,1.0,0.0,0.0,0.0,0.0,1.0
8a48b2a63167fff,0.0,0.0,0.0,0.0,0.0,0.0
8a48b2a6316ffff,1.0,0.0,0.0,0.0,0.0,0.0
8a48b2a6319ffff,0.0,0.0,1.0,0.0,0.0,0.0
8a48b2a631a7fff,0.0,0.0,0.0,0.0,0.0,0.0
8a48b2a631affff,1.0,0.0,0.0,0.0,0.0,0.0
8a48b2a63207fff,1.0,0.0,0.0,0.0,0.0,0.0
8a48b2a63227fff,3.0,0.0,0.0,0.0,0.0,0.0
8a48b2a6322ffff,0.0,0.0,0.0,0.0,0.0,0.0
8a48b2a63237fff,1.0,1.0,0.0,0.0,0.0,0.0
8a48b2a6324ffff,0.0,0.0,0.0,0.0,0.0,0.0
8a48b2a6325ffff,1.0,0.0,0.0,0.0,0.0,0.0
8a48b2a63267fff,1.0,0.0,0.0,0.0,0.0,0.0
8a48b2a6326ffff,0.0,0.0,0.0,0.0,0.0,1.0
8a48b2a63297fff,1.0,0.0,0.0,0.0,0.0,0.0
8a48b2a632dffff,0.0,0.0,0.0,0.0,0.0,0.0
8a48b2a6330ffff,1.0,0.0,0.0,0.0,0.0,0.0
8a48b2a6332ffff,0.0,0.0,0.0,0.0,0.0,0.0
8a48b2a63347fff,1.0,0.0,1.0,0.0,0.0,0.0
8a48b2a6334ffff,1.0,0.0,0.0,0.0,0.0,0.0
8a48b2a63357fff,2.0,0.0,0.0,0.0,0.0,0.0
8a48b2a6335ffff,0.0,0.0,0.0,0.0,0.0,0.0
8a48b2a63367fff,0.0,0.0,0.0,0.0,0.0,0.0
8a48b2a6336ffff,0.0,0.0,0.0,0.0,0.0,0.0
8a48b2a63377fff,0.0,0.0,0.0,0.0,0.0,0.0
8a48b2a63397fff,1.0,0.0,0.0,0.0,0.0,0.0
8a48b2a633affff,1.0,0.0,0.0,0.0,0.0,0.0
8a48b2a633b7fff,1.0,0.0,0.0,0.0,0.0,0.0
8a48b2a63407fff,0.0,0.0,0.0,0.0,0.0,0.0
8a48b2a63417fff,1.0,0.0,2.0,0.0,0.0,0.0
8a48b2a63427fff,1.0,0.0,0.0,0.0,0.0,0.0
8a48b2a63447fff,0.0,0.0,0.0,0.0,0.0,0.0
8a48b2a6344ffff,1.0,0.0,0.0,0.0,0.0,0.0
8a48b2a63477fff,0.0,0.0,0.0,0.0,0.0,1.0
8a48b2a63487fff,5.0,0.0,2.0,0.0,0.0,0.0
8a48b2a6349ffff,0.0,0.0,0.0,0.0,0.0,0.0
8a48b2a634affff,1.0,0.0,0.0,0.0,0.0,0.0
8a48b2a634b7fff,1.0,0.0,0.0,0.0,0.0,0.0
8a48b2a634c7fff,1.0,0.0,3.0,0.0,0.0,1.0
8a48b2a634cffff,1.0,0.0,1.0,1.0,0.0,0.0
8a48b2a634d7fff,0.0,0.0,0.0,0.0,0.0,1.0
8a48b2a634dffff,1.0,0.0,0.0,0.0,0.0,0.0
8a48b2a634e7fff,1.0,0.0,0.0,0.0,0.0,1.0
8a48b2a634effff,3.0,0.0,1.0,0.0,1.0,0.0
8a48b2a634f7fff,1.0,0.0,3.0,1.0,1.0,0.0
8a48b2a63507fff,0.0,0.0,2.0,0.0,2.0,0.0
8a48b2a6351ffff,0.0,0.0,0.0,0.0,0.0,0.0
8a48b2a63527fff,1.0,0.0,1.0,0.0,1.0,0.0
8a48b2a63537fff,0.0,0.0,0.0,0.0,0.0,0.0
8a48b2a6355ffff,0.0,0.0,0.0,0.0,0.0,0.0
8a48b2a63567fff,2.0,0.0,3.0,0.0,3.0,0.0
8a48b2a6356ffff,1.0,0.0,0.0,0.0,0.0,0.0
8a48b2a63577fff,0.0,0.0,0.0,0.0,0.0,0.0
8a48b2a6358ffff,0.0,0.0,0.0,0.0,0.0,0.0
8a48b2a63597fff,0.0,0.0,0.0,0.0,0.0,0.0
8a48b2a6359ffff,1.0,0.0,0.0,0.0,0.0,0.0
8a48b2a635affff,0.0,0.0,0.0,0.0,0.0,0.0
8a48b2a635b7fff,0.0,0.0,0.0,0.0,0.0,0.0
8a48b2a6360ffff,1.0,0.0,0.0,0.0,0.0,0.0
8a48b2a63617fff,1.0,0.0,0.0,0.0,0.0,0.0
8a48b2a63627fff,0.0,0.0,0.0,0.0,0.0,0.0
8a48b2a6362ffff,2.0,0.0,0.0,0.0,0.0,0.0
8a48b2a63637fff,0.0,0.0,0.0,0.0,0.0,0.0
8a48b2a6364ffff,3.0,0.0,0.0,0.0,0.0,0.0
8a48b2a63657fff,0.0,0.0,0.0,0.0,0.0,0.0
8a48b2a6365ffff,0.0,0.0,0.0,0.0,0.0,1.0
8a48b2a63667fff,5.0,0.0,0.0,0.0,0.0,0.0
8a48b2a6366ffff,1.0,0.0,0.0,0.0,0.0,0.0
8a48b2a63687fff,2.0,0.0,0.0,0.0,0.0,0.0
8a48b2a6368ffff,0.0,0.0,0.0,0.0,0.0,0.0
8a48b2a63697fff,4.0,0.0,0.0,0.0,0.0,0.0
8a48b2a636affff,1.0,0.0,1.0,0.0,1.0,0.0
8a48b2a636b7fff,7.0,0.0,7.0,2.0,1.0,0.0
8a48b2a636c7fff,1.0,0.0,0.0,0.0,0.0,0.0
8a48b2a636e7fff,1.0,0.0,0.0,0.0,0.0,0.0
8a48b2a636f7fff,2.0,0.0,0.0,0.0,0.0,0.0
8a48b2a63707fff,1.0,0.0,4.0,3.0,0.0,0.0
8a48b2a63717fff,1.0,0.0,0.0,0.0,0.0,0.0
8a48b2a6371ffff,0.0,0.0,0.0,0.0,0.0,0.0
8a48b2a63727fff,1.0,0.0,0.0,0.0,0.0,0.0
8a48b2a6372ffff,2.0,0.0,3.0,1.0,0.0,1.0
8a48b2a63747fff,0.0,0.0,0.0,0.0,0.0,0.0
8a48b2a63757fff,1.0,0.0,0.0,0.0,0.0,0.0
8a48b2a6375ffff,0.0,0.0,0.0,0.0,0.0,0.0
8a48b2a6376ffff,0.0,0.0,0.0,0.0,0.0,0.0
8a48b2a63777fff,1.0,0.0,0.0,0.0,0.0,0.0
8a48b2a63787fff,1.0,0.0,0.0,0.0,0.0,0.0
8a48b2a6379ffff,0.0,0.0,0.0,0.0,0.0,0.0
8a48b2a637a7fff,7.0,0.0,2.0,0.0,2.0,0.0
8a48b2a637affff,2.0,0.0,0.0,0.0,0.0,0.0
8a48b2a637b7fff,2.0,0.0,1.0,1.0,0.0,0.0
8a48b2a63807fff,3.0,0.0,1.0,0.0,1.0,0.0
8a48b2a63817fff,1.0,0.0,1.0,1.0,0.0,0.0
8a48b2a6381ffff,0.0,0.0,0.0,0.0,0.0,0.0
8a48b2a63827fff,3.0,0.0,2.0,1.0,0.0,0.0
8a48b2a6382ffff,0.0,0.0,0.0,0.0,0.0,0.0
8a48b2a6384ffff,1.0,0.0,0.0,0.0,0.0,0.0
8a48b2a6385ffff,0.0,0.0,0.0,0.0,0.0,0.0
8a48b2a63887fff,0.0,0.0,0.0,0.0,0.0,0.0
8a48b2a6388ffff,0.0,0.0,1.0,1.0,0.0,0.0
8a48b2a63897fff,0.0,0.0,1.0,0.0,0.0,0.0
8a48b2a6389ffff,0.0,0.0,0.0,0.0,0.0,0.0
8a48b2a638a7fff,8.0,0.0,1.0,0.0,0.0,1.0
8a48b2a638affff,0.0,0.0,0.0,0.0,0.0,1.0
8a48b2a638b7fff,0.0,0.0,0.0,0.0,0.0,0.0
8a48b2a638cffff,4.0,0.0,0.0,0.0,0.0,0.0
8a48b2a638dffff,0.0,0.0,0.0,0.0,0.0,0.0
8a48b2a638effff,1.0,0.0,0.0,0.0,0.0,0.0
8a48b2a63907fff,1.0,0.0,0.0,0.0,0.0,0.0
8a48b2a6390ffff,0.0,0.0,0.0,0.0,0.0,0.0
8a48b2a63917fff,1.0,0.0,1.0,1.0,0.0,0.0
8a48b2a6391ffff,0.0,0.0,0.0,0.0,0.0,0.0
8a48b2a63927fff,1.0,0.0,0.0,0.0,0.0,0.0
8a48b2a63937fff,6.0,0.0,6.0,2.0,2.0,0.0
8a48b2a63947fff,1.0,0.0,0.0,0.0,0.0,0.0
8a48b2a63957fff,2.0,0.0,1.0,0.0,0.0,0.0
8a48b2a6395ffff,0.0,0.0,0.0,0.0,0.0,0.0
8a48b2a6396ffff,1.0,0.0,0.0,0.0,0.0,0.0
8a48b2a63977fff,2.0,0.0,0.0,0.0,0.0,0.0
8a48b2a63987fff,0.0,0.0,0.0,0.0,0.0,0.0
8a48b2a6398ffff,0.0,0.0,0.0,0.0,0.0,0.0
8a48b2a63997fff,0.0,0.0,0.0,0.0,0.0,0.0
8a48b2a6399ffff,0.0,0.0,0.0,0.0,0.0,0.0
8a48b2a639a7fff,0.0,0.0,0.0,0.0,0.0,1.0
8a48b2a639affff,1.0,1.0,10.0,2.0,2.0,0.0
8a48b2a639b7fff,0.0,0.0,0.0,0.0,0.0,0.0
8a48b2a63a07fff,1.0,0.0,2.0,2.0,0.0,0.0
8a48b2a63a0ffff,1.0,0.0,0.0,0.0,0.0,0.0
8a48b2a63a17fff,0.0,0.0,1.0,1.0,0.0,0.0
8a48b2a63a1ffff,3.0,0.0,0.0,0.0,0.0,0.0
8a48b2a63a2ffff,5.0,0.0,6.0,1.0,0.0,1.0
8a48b2a63a37fff,1.0,0.0,0.0,0.0,0.0,0.0
8a48b2a63a47fff,0.0,0.0,0.0,0.0,0.0,0.0
8a48b2a63a4ffff,0.0,0.0,0.0,0.0,0.0,0.0
8a48b2a63a57fff,0.0,0.0,0.0,0.0,0.0,0.0
8a48b2a63a5ffff,1.0,0.0,0.0,0.0,0.0,0.0
8a48b2a63a67fff,0.0,0.0,0.0,0.0,0.0,0.0
8a48b2a63a6ffff,2.0,0.0,0.0,0.0,0.0,0.0
8a48b2a63a77fff,1.0,0.0,0.0,0.0,0.0,0.0
8a48b2a63a87fff,2.0,0.0,0.0,0.0,0.0,0.0
8a48b2a63a8ffff,1.0,0.0,0.0,0.0,0.0,0.0
8a48b2a63a97fff,1.0,0.0,0.0,0.0,0.0,0.0
8a48b2a63a9ffff,1.0,0.0,4.0,1.0,0.0,1.0
8a48b2a63aaffff,2.0,0.0,0.0,0.0,0.0,0.0
8a48b2a63ab7fff,2.0,0.0,0.0,0.0,0.0,0.0
8a48b2a63ad7fff,1.0,0.0,0.0,0.0,0.0,0.0
8a48b2a63ae7fff,0.0,0.0,0.0,0.0,0.0,0.0
8a48b2a63aeffff,1.0,0.0,0.0,0.0,0.0,0.0
8a48b2a63af7fff,1.0,0.0,0.0,0.0,0.0,0.0
8a48b2a63b17fff,1.0,0.0,0.0,0.0,0.0,0.0
8a48b2a63b27fff,2.0,0.0,0.0,0.0,0.0,0.0
8a48b2a63b2ffff,1.0,0.0,1.0,1.0,0.0,0.0
8a48b2a63b37fff,1.0,0.0,0.0,0.0,0.0,0.0
8a48b2a63b47fff,0.0,0.0,2.0,2.0,0.0,0.0
8a48b2a63b4ffff,6.0,0.0,2.0,0.0,1.0,0.0
8a48b2a63b57fff,2.0,0.0,0.0,0.0,0.0,0.0
8a48b2a63b5ffff,2.0,0.0,6.0,2.0,0.0,0.0
8a48b2a63b67fff,4.0,0.0,0.0,0.0,0.0,0.0
8a48b2a63b6ffff,2.0,0.0,0.0,0.0,0.0,0.0
8a48b2a63b77fff,1.0,0.0,0.0,0.0,0.0,0.0
8a48b2a63b87fff,0.0,0.0,0.0,0.0,0.0,1.0
8a48b2a63b8ffff,0.0,0.0,0.0,0.0,0.0,1.0
8a48b2a63b9ffff,0.0,0.0,0.0,0.0,0.0,0.0
8a48b2a63ba7fff,0.0,0.0,0.0,0.0,0.0,0.0
8a48b2a63baffff,1.0,0.0,0.0,0.0,0.0,0.0
8a48b2a63bb7fff,4.0,0.0,0.0,0.0,0.0,0.0
8a48b2a63c0ffff,0.0,0.0,1.0,0.0,0.0,0.0
8a48b2a63c1ffff,1.0,0.0,0.0,0.0,0.0,0.0
8a48b2a63c27fff,0.0,0.0,0.0,0.0,0.0,0.0
8a48b2a63c2ffff,0.0,0.0,0.0,0.0,0.0,0.0
8a48b2a63c37fff,0.0,0.0,0.0,0.0,0.0,0.0
8a48b2a63c47fff,0.0,0.0,0.0,0.0,0.0,0.0
8a48b2a63c4ffff,0.0,0.0,0.0,0.0,0.0,0.0
8a48b2a63c5ffff,1.0,0.0,0.0,0.0,0.0,0.0
8a48b2a63c67fff,0.0,0.0,0.0,0.0,0.0,0.0
8a48b2a63c6ffff,0.0,0.0,0.0,0.0,0.0,0.0
8a48b2a63c77fff,0.0,0.0,1.0,1.0,0.0,1.0
8a48b2a63c8ffff,1.0,0.0,8.0,6.0,0.0,0.0
8a48b2a63c9ffff,0.0,0.0,1.0,1.0,0.0,0.0
8a48b2a63ca7fff,0.0,0.0,3.0,3.0,0.0,0.0
8a48b2a63cb7fff,0.0,0.0,0.0,0.0,0.0,0.0
8a48b2a63cc7fff,0.0,0.0,0.0,0.0,0.0,0.0
8a48b2a63cd7fff,0.0,0.0,0.0,0.0,0.0,0.0
8a48b2a63cdffff,0.0,0.0,0.0,0.0,0.0,0.0
8a48b2a63ce7fff,0.0,0.0,0.0,0.0,0.0,0.0
8a48b2a63cf7fff,1.0,0.0,1.0,1.0,0.0,0.0
8a48b2a63d1ffff,0.0,0.0,0.0,0.0,0.0,0.0
8a48b2a63d27fff,0.0,0.0,0.0,0.0,0.0,0.0
8a48b2a63d2ffff,2.0,0.0,0.0,0.0,0.0,0.0
8a48b2a63d47fff,1.0,0.0,0.0,0.0,0.0,0.0
8a48b2a63d4ffff,0.0,0.0,0.0,0.0,0.0,0.0
8a48b2a63d6ffff,0.0,0.0,0.0,0.0,0.0,0.0
8a48b2a63d87fff,1.0,0.0,0.0,0.0,0.0,0.0
8a48b2a63d8ffff,0.0,0.0,0.0,0.0,0.0,0.0
8a48b2a63d97fff,0.0,0.0,0.0,0.0,0.0,0.0
8a48b2a63db7fff,0.0,0.0,0.0,0.0,0.0,1.0
8a48b2a6408ffff,0.0,0.0,0.0,0.0,0.0,0.0
8a48b2a6419ffff,0.0,0.0,0.0,0.0,0.0,0.0
8a48b2a64247fff,2.0,0.0,3.0,1.0,0.0,1.0
8a48b2a6425ffff,1.0,0.0,0.0,0.0,0.0,0.0
8a48b2a64267fff,0.0,0.0,0.0,0.0,0.0,0.0
8a48b2a64377fff,0.0,0.0,0.0,0.0,0.0,0.0
8a48b2a64387fff,0.0,0.0,2.0,2.0,0.0,0.0
8a48b2a6488ffff,0.0,0.0,1.0,0.0,1.0,0.0
8a48b2a6492ffff,0.0,0.0,0.0,0.0,0.0,0.0
8a48b2a64a27fff,1.0,0.0,0.0,0.0,0.0,0.0
8a48b2a64a2ffff,0.0,0.0,0.0,0.0,0.0,0.0
8a48b2a64a47fff,0.0,0.0,0.0,0.0,0.0,0.0
8a48b2a64a4ffff,1.0,0.0,0.0,0.0,0.0,0.0
8a48b2a64a5ffff,0.0,0.0,0.0,0.0,0.0,0.0
8a48b2a64a67fff,0.0,0.0,1.0,1.0,0.0,0.0
8a48b2a64a77fff,0.0,0.0,0.0,0.0,0.0,0.0
8a48b2a64ad7fff,1.0,0.0,0.0,0.0,0.0,0.0
8a48b2a64b47fff,0.0,0.0,1.0,0.0,0.0,0.0
8a48b2a64b5ffff,0.0,0.0,0.0,0.0,0.0,0.0
8a48b2a64b6ffff,0.0,0.0,0.0,0.0,0.0,0.0
8a48b2a64b77fff,0.0,0.0,0.0,0.0,0.0,0.0
8a48b2a64baffff,0.0,0.0,0.0,0.0,0.0,0.0
8a48b2a65007fff,0.0,0.0,0.0,0.0,0.0,0.0
8a48b2a65017fff,1.0,0.0,0.0,0.0,0.0,0.0
8a48b2a65057fff,0.0,0.0,0.0,0.0,0.0,0.0
8a48b2a6505ffff,0.0,0.0,4.0,0.0,0.0,0.0
8a48b2a6508ffff,2.0,0.0,0.0,0.0,0.0,0.0
8a48b2a6509ffff,1.0,0.0,0.0,0.0,0.0,0.0
8a48b2a650affff,1.0,0.0,0.0,0.0,0.0,0.0
8a48b2a650cffff,3.0,0.0,0.0,0.0,0.0,0.0
8a48b2a650d7fff,0.0,0.0,0.0,0.0,0.0,0.0
8a48b2a650dffff,1.0,0.0,1.0,1.0,0.0,0.0
8a48b2a650e7fff,0.0,0.0,0.0,0.0,0.0,1.0
8a48b2a650effff,0.0,0.0,0.0,0.0,0.0,0.0
8a48b2a650f7fff,1.0,0.0,0.0,0.0,0.0,0.0
8a48b2a65107fff,0.0,0.0,0.0,0.0,0.0,0.0
8a48b2a65117fff,3.0,0.0,0.0,0.0,0.0,0.0
8a48b2a6511ffff,3.0,0.0,0.0,0.0,0.0,1.0
8a48b2a65127fff,0.0,0.0,0.0,0.0,0.0,0.0
8a48b2a6512ffff,0.0,0.0,0.0,0.0,0.0,1.0
8a48b2a65137fff,1.0,0.0,1.0,0.0,0.0,0.0
8a48b2a65157fff,0.0,0.0,0.0,0.0,0.0,0.0
8a48b2a6516ffff,0.0,0.0,1.0,0.0,0.0,0.0
8a48b2a6518ffff,2.0,0.0,0.0,0.0,0.0,0.0
8a48b2a651affff,2.0,0.0,1.0,0.0,0.0,1.0
8a48b2a65207fff,0.0,0.0,0.0,0.0,0.0,0.0
8a48b2a6521ffff,0.0,0.0,0.0,0.0,0.0,0.0
8a48b2a65227fff,1.0,0.0,1.0,1.0,0.0,0.0
8a48b2a65237fff,0.0,0.0,0.0,0.0,0.0,0.0
8a48b2a65247fff,0.0,0.0,0.0,0.0,0.0,1.0
8a48b2a65267fff,1.0,0.0,0.0,0.0,0.0,0.0
8a48b2a65277fff,0.0,0.0,0.0,0.0,0.0,0.0
8a48b2a6528ffff,0.0,0.0,1.0,0.0,1.0,0.0
8a48b2a65297fff,0.0,0.0,0.0,0.0,0.0,0.0
8a48b2a6529ffff,2.0,0.0,0.0,0.0,0.0,0.0
8a48b2a652a7fff,0.0,0.0,0.0,0.0,0.0,0.0
8a48b2a652affff,0.0,0.0,0.0,0.0,0.0,0.0
8a48b2a652cffff,1.0,0.0,0.0,0.0,0.0,0.0
8a48b2a652e7fff,1.0,0.0,0.0,0.0,0.0,0.0
8a48b2a652effff,0.0,0.0,0.0,0.0,0.0,0.0
8a48b2a65307fff,1.0,0.0,0.0,0.0,0.0,0.0
8a48b2a6530ffff,0.0,0.0,0.0,0.0,0.0,0.0
8a48b2a65317fff,0.0,0.0,0.0,0.0,0.0,0.0
8a48b2a65327fff,0.0,0.0,0.0,0.0,0.0,0.0
8a48b2a6532ffff,1.0,0.0,0.0,0.0,0.0,0.0
8a48b2a65337fff,0.0,0.0,0.0,0.0,0.0,0.0
8a48b2a65347fff,0.0,0.0,2.0,0.0,0.0,0.0
8a48b2a65357fff,2.0,0.0,1.0,1.0,0.0,0.0
8a48b2a65367fff,0.0,0.0,0.0,0.0,0.0,0.0
8a48b2a65387fff,0.0,0.0,1.0,0.0,1.0,0.0
8a48b2a6538ffff,0.0,0.0,0.0,0.0,0.0,0.0
8a48b2a65397fff,2.0,0.0,0.0,0.0,0.0,0.0
8a48b2a653affff,0.0,0.0,0.0,0.0,0.0,0.0
8a48b2a6540ffff,1.0,0.0,0.0,0.0,0.0,0.0
8a48b2a65417fff,0.0,0.0,0.0,0.0,0.0,0.0
8a48b2a6542ffff,0.0,0.0,0.0,0.0,0.0,0.0
8a48b2a65437fff,0.0,0.0,0.0,0.0,0.0,0.0
8a48b2a65447fff,2.0,0.0,2.0,2.0,0.0,0.0
8a48b2a65457fff,0.0,0.0,2.0,1.0,1.0,1.0
8a48b2a6545ffff,0.0,0.0,1.0,0.0,1.0,0.0
8a48b2a6546ffff,0.0,0.0,0.0,0.0,0.0,0.0
8a48b2a65487fff,0.0,0.0,0.0,0.0,0.0,1.0
8a48b2a6548ffff,1.0,0.0,4.0,2.0,0.0,0.0
8a48b2a65497fff,1.0,0.0,0.0,0.0,0.0,1.0
8a48b2a6549ffff,1.0,0.0,0.0,0.0,0.0,3.0
8a48b2a654a7fff,1.0,0.0,0.0,0.0,0.0,0.0
8a48b2a654affff,1.0,0.0,0.0,0.0,0.0,0.0
8a48b2a654b7fff,1.0,0.0,0.0,0.0,0.0,0.0
8a48b2a654c7fff,0.0,0.0,0.0,0.0,0.0,1.0
8a48b2a654d7fff,0.0,0.0,0.0,0.0,0.0,0.0
8a48b2a654e7fff,0.0,0.0,1.0,0.0,1.0,0.0
8a48b2a654effff,0.0,0.0,1.0,0.0,0.0,0.0
8a48b2a654f7fff,0.0,0.0,0.0,0.0,0.0,0.0
8a48b2a6554ffff,1.0,0.0,0.0,0.0,0.0,0.0
8a48b2a6556ffff,0.0,0.0,1.0,1.0,0.0,0.0
8a48b2a65587fff,1.0,0.0,0.0,0.0,0.0,0.0
8a48b2a6558ffff,1.0,0.0,0.0,0.0,0.0,0.0
8a48b2a6559ffff,0.0,0.0,0.0,0.0,0.0,0.0
8a48b2a655b7fff,1.0,0.0,7.0,1.0,0.0,0.0
8a48b2a65607fff,0.0,0.0,0.0,0.0,0.0,0.0
8a48b2a65617fff,1.0,0.0,0.0,0.0,0.0,0.0
8a48b2a6561ffff,1.0,0.0,0.0,0.0,0.0,0.0
8a48b2a6562ffff,1.0,0.0,0.0,0.0,0.0,0.0
8a48b2a65637fff,0.0,0.0,1.0,0.0,0.0,0.0
8a48b2a65657fff,2.0,0.0,0.0,0.0,0.0,0.0
8a48b2a6568ffff,1.0,0.0,0.0,0.0,0.0,0.0
8a48b2a656a7fff,1.0,0.0,0.0,0.0,0.0,0.0
8a48b2a656affff,1.0,0.0,1.0,1.0,0.0,1.0
8a48b2a656b7fff,0.0,0.0,1.0,0.0,0.0,0.0
8a48b2a656c7fff,2.0,0.0,0.0,0.0,0.0,0.0
8a48b2a656cffff,2.0,0.0,0.0,0.0,0.0,0.0
8a48b2a656d7fff,4.0,0.0,0.0,0.0,0.0,0.0
8a48b2a656dffff,2.0,0.0,0.0,0.0,0.0,0.0
8a48b2a656f7fff,2.0,0.0,0.0,0.0,0.0,0.0
8a48b2a65707fff,1.0,0.0,3.0,0.0,0.0,0.0
8a48b2a6571ffff,3.0,0.0,0.0,0.0,0.0,1.0
8a48b2a65727fff,12.0,1.0,13.0,4.0,2.0,0.0
8a48b2a65737fff,2.0,0.0,0.0,0.0,0.0,0.0
8a48b2a6576ffff,0.0,0.0,0.0,0.0,0.0,0.0
8a48b2a65777fff,1.0,0.0,0.0,0.0,0.0,0.0
8a48b2a6578ffff,0.0,0.0,0.0,0.0,0.0,0.0
8a48b2a657b7fff,1.0,0.0,0.0,0.0,0.0,0.0
8a48b2a6580ffff,0.0,0.0,0.0,0.0,0.0,0.0
8a48b2a65827fff,1.0,0.0,0.0,0.0,0.0,0.0
8a48b2a6582ffff,0.0,0.0,0.0,0.0,0.0,0.0
8a48b2a65847fff,0.0,0.0,1.0,0.0,0.0,0.0
8a48b2a65857fff,0.0,0.0,0.0,0.0,0.0,0.0
8a48b2a6585ffff,0.0,0.0,0.0,0.0,0.0,0.0
8a48b2a65867fff,0.0,0.0,0.0,0.0,0.0,0.0
8a48b2a65887fff,4.0,0.0,0.0,0.0,0.0,0.0
8a48b2a6589ffff,2.0,0.0,0.0,0.0,0.0,0.0
8a48b2a658a7fff,1.0,0.0,0.0,0.0,0.0,1.0
8a48b2a658b7fff,0.0,0.0,0.0,0.0,0.0,0.0
8a48b2a658d7fff,0.0,0.0,1.0,0.0,1.0,0.0
8a48b2a6590ffff,0.0,0.0,3.0,1.0,0.0,0.0
8a48b2a65917fff,1.0,0.0,0.0,0.0,0.0,0.0
8a48b2a6591ffff,0.0,0.0,0.0,0.0,0.0,1.0
8a48b2a65947fff,0.0,0.0,0.0,0.0,0.0,0.0
8a48b2a6594ffff,1.0,0.0,1.0,1.0,0.0,0.0
8a48b2a65967fff,1.0,0.0,0.0,0.0,0.0,0.0
8a48b2a65977fff,0.0,0.0,1.0,1.0,0.0,0.0
8a48b2a65987fff,1.0,0.0,0.0,0.0,0.0,0.0
8a48b2a6598ffff,0.0,0.0,0.0,0.0,0.0,1.0
8a48b2a65997fff,0.0,0.0,0.0,0.0,0.0,0.0
8a48b2a659affff,7.0,0.0,1.0,0.0,0.0,0.0
8a48b2a65a07fff,0.0,0.0,0.0,0.0,0.0,0.0
8a48b2a65a37fff,0.0,0.0,0.0,0.0,0.0,0.0
8a48b2a65a57fff,0.0,0.0,0.0,0.0,0.0,0.0
8a48b2a65a87fff,0.0,0.0,0.0,0.0,0.0,0.0
8a48b2a65a9ffff,0.0,0.0,0.0,0.0,0.0,0.0
8a48b2a65ac7fff,0.0,0.0,1.0,0.0,1.0,0.0
8a48b2a65acffff,0.0,0.0,0.0,0.0,0.0,0.0
8a48b2a65ad7fff,1.0,0.0,0.0,0.0,0.0,0.0
8a48b2a65b07fff,0.0,0.0,0.0,0.0,0.0,0.0
8a48b2a65b0ffff,0.0,0.0,1.0,0.0,0.0,0.0
8a48b2a65b1ffff,0.0,0.0,1.0,0.0,0.0,0.0
8a48b2a65b37fff,0.0,0.0,0.0,0.0,0.0,0.0
8a48b2a65b87fff,0.0,0.0,0.0,0.0,0.0,0.0
8a48b2a65b9ffff,0.0,0.0,0.0,0.0,0.0,0.0
8a48b2a65baffff,0.0,0.0,0.0,0.0,0.0,1.0
8a48b2a65bb7fff,0.0,0.0,0.0,0.0,0.0,0.0
8a48b2a65c07fff,1.0,0.0,0.0,0.0,0.0,0.0
8a48b2a65c0ffff,2.0,0.0,0.0,0.0,0.0,0.0
8a48b2a65c6ffff,0.0,0.0,0.0,0.0,0.0,0.0
8a48b2a65c97fff,0.0,0.0,2.0,0.0,0.0,0.0
8a48b2a65cb7fff,0.0,0.0,0.0,0.0,0.0,0.0
8a48b2a65d1ffff,0.0,0.0,1.0,0.0,0.0,0.0
8a48b2a65d2ffff,0.0,0.0,1.0,0.0,1.0,0.0
8a48b2a65d37fff,1.0,0.0,0.0,0.0,0.0,0.0
8a48b2a65d67fff,0.0,0.0,0.0,0.0,0.0,0.0
8a48b2a65d87fff,1.0,0.0,0.0,0.0,0.0,0.0
8a48b2a65d8ffff,1.0,0.0,4.0,0.0,4.0,0.0
8a48b2a65d9ffff,0.0,0.0,0.0,0.0,0.0,1.0
8a48b2a65da7fff,0.0,0.0,0.0,0.0,0.0,0.0
8a48b2a65daffff,1.0,0.0,0.0,0.0,0.0,1.0
8a48b2a6609ffff,0.0,0.0,0.0,0.0,0.0,0.0
8a48b2a66117fff,0.0,0.0,0.0,0.0,0.0,0.0
8a48b2a6621ffff,0.0,0.0,0.0,0.0,0.0,0.0
8a48b2a66247fff,0.0,0.0,0.0,0.0,0.0,0.0
8a48b2a6626ffff,0.0,0.0,0.0,0.0,0.0,0.0
8a48b2a66287fff,1.0,0.0,0.0,0.0,0.0,0.0
8a48b2a6628ffff,0.0,0.0,0.0,0.0,0.0,0.0
8a48b2a66297fff,0.0,0.0,0.0,0.0,0.0,0.0
8a48b2a6629ffff,0.0,0.0,0.0,0.0,0.0,0.0
8a48b2a662b7fff,1.0,0.0,0.0,0.0,0.0,0.0
8a48b2a662cffff,2.0,0.0,0.0,0.0,0.0,0.0
8a48b2a662dffff,0.0,0.0,1.0,0.0,0.0,0.0
8a48b2a662e7fff,1.0,0.0,0.0,0.0,0.0,0.0
8a48b2a662effff,0.0,0.0,0.0,0.0,0.0,0.0
8a48b2a662f7fff,0.0,0.0,0.0,0.0,0.0,0.0
8a48b2a66427fff,0.0,0.0,1.0,0.0,0.0,0.0
8a48b2a66457fff,0.0,0.0,0.0,0.0,0.0,1.0
8a48b2a6661ffff,0.0,0.0,0.0,0.0,0.0,0.0
8a48b2a6666ffff,0.0,0.0,0.0,0.0,0.0,0.0
8a48b2a66a2ffff,0.0,0.0,0.0,0.0,0.0,0.0
8a48b2a66a57fff,0.0,0.0,0.0,0.0,0.0,0.0
8a48b2a66a77fff,0.0,0.0,0.0,0.0,0.0,0.0
8a48b2a66af7fff,0.0,0.0,0.0,0.0,0.0,1.0
8a48b2a66b27fff,0.0,0.0,0.0,0.0,0.0,1.0
8a48b2a66b57fff,0.0,0.0,0.0,0.0,0.0,0.0
8a48b2a6801ffff,2.0,0.0,0.0,0.0,0.0,0.0
8a48b2a68057fff,1.0,0.0,0.0,0.0,0.0,0.0
8a48b2a6806ffff,1.0,0.0,0.0,0.0,0.0,0.0
8a48b2a68087fff,7.0,0.0,0.0,0.0,0.0,0.0
8a48b2a680a7fff,2.0,0.0,0.0,0.0,0.0,0.0
8a48b2a680c7fff,1.0,0.0,0.0,0.0,0.0,0.0
8a48b2a6819ffff,8.0,0.0,0.0,0.0,0.0,0.0
8a48b2a6820ffff,1.0,0.0,0.0,0.0,0.0,0.0
8a48b2a68237fff,0.0,0.0,0.0,0.0,0.0,1.0
8a48b2a68247fff,0.0,0.0,0.0,0.0,0.0,0.0
8a48b2a6826ffff,0.0,0.0,0.0,0.0,0.0,0.0
8a48b2a68287fff,2.0,0.0,0.0,0.0,0.0,0.0
8a48b2a68297fff,1.0,0.0,0.0,0.0,0.0,0.0
8a48b2a6829ffff,3.0,0.0,0.0,0.0,0.0,0.0
8a48b2a682cffff,0.0,0.0,0.0,0.0,0.0,1.0
8a48b2a682e7fff,0.0,0.0,0.0,0.0,0.0,1.0
8a48b2a6830ffff,1.0,0.0,0.0,0.0,0.0,0.0
8a48b2a68317fff,0.0,0.0,0.0,0.0,0.0,0.0
8a48b2a68327fff,0.0,0.0,0.0,0.0,0.0,0.0
8a48b2a6832ffff,0.0,0.0,0.0,0.0,0.0,0.0
8a48b2a6835ffff,0.0,0.0,0.0,0.0,0.0,0.0
8a48b2a68367fff,0.0,0.0,0.0,0.0,0.0,0.0
8a48b2a683b7fff,0.0,0.0,0.0,0.0,0.0,0.0
8a48b2a6840ffff,1.0,0.0,0.0,0.0,0.0,0.0
8a48b2a6841ffff,1.0,0.0,0.0,0.0,0.0,0.0
8a48b2a68437fff,1.0,0.0,0.0,0.0,0.0,0.0
8a48b2a68447fff,0.0,0.0,0.0,0.0,0.0,0.0
8a48b2a68487fff,0.0,0.0,0.0,0.0,0.0,0.0
8a48b2a6848ffff,0.0,0.0,0.0,0.0,0.0,0.0
8a48b2a68497fff,0.0,0.0,1.0,0.0,0.0,0.0
8a48b2a6849ffff,0.0,0.0,0.0,0.0,0.0,0.0
8a48b2a684affff,0.0,0.0,1.0,0.0,0.0,0.0
8a48b2a6850ffff,0.0,0.0,0.0,0.0,0.0,0.0
8a48b2a68517fff,0.0,0.0,0.0,0.0,0.0,0.0
8a48b2a6851ffff,0.0,0.0,0.0,0.0,0.0,0.0
8a48b2a68527fff,5.0,0.0,0.0,0.0,0.0,0.0
8a48b2a68537fff,4.0,0.0,0.0,0.0,0.0,0.0
8a48b2a6856ffff,0.0,0.0,0.0,0.0,0.0,1.0
8a48b2a68587fff,3.0,0.0,0.0,0.0,0.0,0.0
8a48b2a6858ffff,0.0,0.0,1.0,0.0,0.0,0.0
8a48b2a68597fff,2.0,0.0,0.0,0.0,0.0,0.0
8a48b2a6859ffff,0.0,0.0,0.0,0.0,0.0,0.0
8a48b2a685affff,0.0,0.0,0.0,0.0,0.0,0.0
8a48b2a685b7fff,0.0,0.0,0.0,0.0,0.0,0.0
8a48b2a6860ffff,1.0,0.0,0.0,0.0,0.0,0.0
8a48b2a68707fff,1.0,0.0,0.0,0.0,0.0,0.0
8a48b2a6870ffff,0.0,0.0,0.0,0.0,0.0,0.0
8a48b2a68747fff,1.0,0.0,0.0,0.0,0.0,0.0
8a48b2a6874ffff,0.0,0.0,0.0,0.0,0.0,1.0
8a48b2a68757fff,8.0,0.0,0.0,0.0,0.0,0.0
8a48b2a6875ffff,3.0,0.0,0.0,0.0,0.0,0.0
8a48b2a68807fff,0.0,0.0,0.0,0.0,0.0,0.0
8a48b2a68827fff,1.0,0.0,0.0,0.0,0.0,0.0
8a48b2a68837fff,1.0,0.0,0.0,0.0,0.0,0.0
8a48b2a68897fff,0.0,0.0,0.0,0.0,0.0,0.0
8a48b2a688affff,0.0,0.0,1.0,0.0,1.0,0.0
8a48b2a688b7fff,2.0,0.0,3.0,0.0,1.0,0.0
8a48b2a68927fff,0.0,0.0,0.0,0.0,0.0,0.0
8a48b2a6892ffff,2.0,0.0,0.0,0.0,0.0,0.0
8a48b2a68947fff,3.0,0.0,0.0,0.0,0.0,0.0
8a48b2a68957fff,0.0,0.0,2.0,0.0,0.0,0.0
8a48b2a68967fff,6.0,0.0,4.0,1.0,1.0,1.0
8a48b2a68977fff,3.0,0.0,0.0,0.0,0.0,0.0
8a48b2a6898ffff,2.0,0.0,0.0,0.0,0.0,0.0
8a48b2a6899ffff,0.0,0.0,0.0,0.0,0.0,0.0
8a48b2a689affff,1.0,0.0,0.0,0.0,0.0,0.0
8a48b2a68a1ffff,1.0,0.0,0.0,0.0,0.0,0.0
8a48b2a68a4ffff,3.0,0.0,0.0,0.0,0.0,0.0
8a48b2a68a67fff,1.0,0.0,0.0,0.0,0.0,0.0
8a48b2a68a6ffff,3.0,0.0,3.0,1.0,1.0,0.0
8a48b2a68a9ffff,0.0,0.0,0.0,0.0,0.0,0.0
8a48b2a68ac7fff,3.0,0.0,0.0,0.0,0.0,0.0
8a48b2a68acffff,2.0,0.0,0.0,0.0,0.0,0.0
8a48b2a68ad7fff,4.0,0.0,1.0,1.0,0.0,0.0
8a48b2a68b4ffff,1.0,0.0,0.0,0.0,0.0,0.0
8a48b2a68c07fff,2.0,0.0,0.0,0.0,0.0,0.0
8a48b2a68c0ffff,3.0,0.0,0.0,0.0,0.0,1.0
8a48b2a68c17fff,1.0,0.0,0.0,0.0,0.0,0.0
8a48b2a68c1ffff,6.0,0.0,0.0,0.0,0.0,0.0
8a48b2a68c2ffff,1.0,0.0,0.0,0.0,0.0,0.0
8a48b2a68c47fff,1.0,0.0,0.0,0.0,0.0,0.0
8a48b2a68c57fff,3.0,0.0,2.0,0.0,0.0,0.0
8a48b2a68c5ffff,4.0,0.0,0.0,0.0,0.0,0.0
8a48b2a68c6ffff,0.0,0.0,1.0,1.0,0.0,0.0
8a48b2a68c87fff,166.0,0.0,1.0,0.0,1.0,0.0
8a48b2a68c8ffff,6.0,0.0,0.0,0.0,0.0,0.0
8a48b2a68c97fff,9.0,0.0,9.0,2.0,1.0,0.0
8a48b2a68c9ffff,2.0,0.0,0.0,0.0,0.0,0.0
8a48b2a68ca7fff,1.0,0.0,0.0,0.0,0.0,0.0
8a48b2a68caffff,89.0,0.0,1.0,0.0,0.0,1.0
8a48b2a68cdffff,0.0,0.0,0.0,0.0,0.0,0.0
8a48b2a68ceffff,1.0,0.0,0.0,0.0,0.0,0.0
8a48b2a68d17fff,2.0,0.0,0.0,0.0,0.0,1.0
8a48b2a68d2ffff,1.0,0.0,1.0,0.0,0.0,0.0
8a48b2a68d37fff,0.0,0.0,0.0,0.0,0.0,0.0
8a48b2a68d5ffff,1.0,0.0,0.0,0.0,0.0,0.0
8a48b2a68d77fff,1.0,0.0,0.0,0.0,0.0,0.0
8a48b2a68d87fff,2.0,0.0,0.0,0.0,0.0,0.0
8a48b2a68daffff,0.0,0.0,0.0,0.0,0.0,0.0
8a48b2a69197fff,0.0,0.0,0.0,0.0,0.0,0.0
8a48b2a6929ffff,1.0,0.0,0.0,0.0,0.0,0.0
8a48b2a6948ffff,1.0,0.0,0.0,0.0,0.0,0.0
8a48b2a694a7fff,1.0,0.0,0.0,0.0,0.0,0.0
8a48b2a694f7fff,1.0,0.0,0.0,0.0,0.0,0.0
8a48b2a6952ffff,0.0,0.0,0.0,0.0,0.0,0.0
8a48b2a69597fff,1.0,0.0,0.0,0.0,0.0,0.0
8a48b2a6960ffff,1.0,0.0,0.0,0.0,0.0,0.0
8a48b2a69647fff,1.0,0.0,0.0,0.0,0.0,0.0
8a48b2a6966ffff,6.0,0.0,0.0,0.0,0.0,0.0
8a48b2a69677fff,1.0,0.0,0.0,0.0,0.0,1.0
8a48b2a696a7fff,0.0,0.0,0.0,0.0,0.0,0.0
8a48b2a6975ffff,0.0,0.0,0.0,0.0,0.0,1.0
8a48b2a69787fff,2.0,0.0,0.0,0.0,0.0,0.0
8a48b2a6979ffff,1.0,0.0,0.0,0.0,0.0,0.0
8a48b2a697a7fff,0.0,0.0,0.0,0.0,0.0,0.0
8a48b2a697b7fff,1.0,0.0,0.0,0.0,0.0,0.0
8a48b2a69807fff,0.0,0.0,0.0,0.0,0.0,1.0
8a48b2a69817fff,3.0,0.0,0.0,0.0,0.0,0.0
8a48b2a6982ffff,2.0,0.0,0.0,0.0,0.0,0.0
8a48b2a6992ffff,0.0,0.0,0.0,0.0,0.0,0.0
8a48b2a6994ffff,2.0,0.0,0.0,0.0,0.0,0.0
8a48b2a69967fff,1.0,0.0,0.0,0.0,0.0,0.0
8a48b2a6996ffff,8.0,0.0,0.0,0.0,0.0,0.0
8a48b2a69997fff,1.0,0.0,0.0,0.0,0.0,0.0
8a48b2a6999ffff,1.0,0.0,0.0,0.0,0.0,0.0
8a48b2a69c07fff,1.0,0.0,0.0,0.0,0.0,0.0
8a48b2a69c8ffff,0.0,0.0,0.0,0.0,0.0,0.0
8a48b2a69cd7fff,0.0,0.0,0.0,0.0,0.0,0.0
8a48b2a69d0ffff,0.0,0.0,0.0,0.0,0.0,0.0
8a48b2a69d17fff,1.0,0.0,0.0,0.0,0.0,0.0
8a48b2a69d1ffff,3.0,0.0,0.0,0.0,0.0,0.0
8a48b2a69d47fff,6.0,0.0,0.0,0.0,0.0,0.0
8a48b2a69d57fff,0.0,0.0,1.0,0.0,0.0,0.0
8a48b2a69d67fff,9.0,0.0,0.0,0.0,0.0,0.0
8a48b2a69d6ffff,1.0,0.0,0.0,0.0,0.0,0.0
8a48b2a69d77fff,4.0,0.0,0.0,0.0,0.0,0.0
8a48b2a69d87fff,0.0,0.0,0.0,0.0,0.0,0.0
8a48b2a69d8ffff,0.0,0.0,0.0,0.0,0.0,0.0
8a48b2a69d97fff,0.0,0.0,0.0,0.0,0.0,0.0
8a48b2a69da7fff,7.0,0.0,1.0,1.0,0.0,0.0
8a48b2a69db7fff,0.0,0.0,1.0,0.0,0.0,0.0
8a48b2a6a04ffff,0.0,0.0,0.0,0.0,0.0,1.0
8a48b2a6a0a7fff,1.0,0.0,0.0,0.0,0.0,0.0
8a48b2a6a107fff,1.0,0.0,0.0,0.0,0.0,0.0
8a48b2a6a10ffff,1.0,0.0,0.0,0.0,0.0,0.0
8a48b2a6a117fff,0.0,0.0,0.0,0.0,0.0,1.0
8a48b2a6a11ffff,1.0,0.0,0.0,0.0,0.0,0.0
8a48b2a6a127fff,0.0,0.0,2.0,0.0,0.0,0.0
8a48b2a6a137fff,1.0,0.0,0.0,0.0,0.0,0.0
8a48b2a6a187fff,0.0,0.0,0.0,0.0,0.0,0.0
8a48b2a6a197fff,5.0,0.0,2.0,1.0,0.0,0.0
8a48b2a6a19ffff,0.0,0.0,3.0,1.0,0.0,0.0
8a48b2a6a1affff,0.0,0.0,0.0,0.0,0.0,0.0
8a48b2a6a1b7fff,1.0,0.0,5.0,0.0,0.0,0.0
8a48b2a6a40ffff,1.0,0.0,0.0,0.0,0.0,0.0
8a48b2a6a427fff,0.0,0.0,0.0,0.0,0.0,0.0
8a48b2a6a42ffff,1.0,0.0,0.0,0.0,0.0,0.0
8a48b2a6a447fff,4.0,0.0,2.0,0.0,0.0,0.0
8a48b2a6a44ffff,0.0,0.0,0.0,0.0,0.0,0.0
8a48b2a6a457fff,2.0,0.0,0.0,0.0,0.0,0.0
8a48b2a6a45ffff,2.0,0.0,0.0,0.0,0.0,0.0
8a48b2a6a467fff,0.0,0.0,0.0,0.0,0.0,0.0
8a48b2a6a46ffff,0.0,0.0,0.0,0.0,0.0,1.0
8a48b2a6a477fff,4.0,0.0,0.0,0.0,0.0,0.0
8a48b2a6a4effff,3.0,0.0,0.0,0.0,0.0,0.0
8a48b2a6a527fff,0.0,0.0,0.0,0.0,0.0,0.0
8a48b2a6a52ffff,0.0,0.0,0.0,0.0,0.0,1.0
8a48b2a6a54ffff,4.0,0.0,0.0,0.0,0.0,0.0
8a48b2a6a557fff,2.0,0.0,0.0,0.0,0.0,0.0
8a48b2a6a55ffff,4.0,0.0,0.0,0.0,0.0,0.0
8a48b2a6a567fff,0.0,0.0,0.0,0.0,0.0,1.0
8a48b2a6a56ffff,1.0,0.0,0.0,0.0,0.0,0.0
8a48b2a6a577fff,1.0,0.0,0.0,0.0,0.0,0.0
8a48b2a6a667fff,0.0,0.0,0.0,0.0,0.0,1.0
8a48b2a6a797fff,7.0,0.0,0.0,0.0,0.0,0.0
8a48b2a6a7b7fff,1.0,0.0,0.0,0.0,0.0,0.0
8a48b2a6a817fff,1.0,0.0,0.0,0.0,0.0,0.0
8a48b2a6a81ffff,1.0,0.0,0.0,0.0,0.0,0.0
8a48b2a6a827fff,1.0,0.0,0.0,0.0,0.0,0.0
8a48b2a6a837fff,2.0,0.0,0.0,0.0,0.0,0.0
8a48b2a6a857fff,0.0,0.0,0.0,0.0,0.0,0.0
8a48b2a6a877fff,0.0,0.0,0.0,0.0,0.0,0.0
8a48b2a6a887fff,0.0,0.0,0.0,0.0,0.0,0.0
8a48b2a6a88ffff,0.0,0.0,0.0,0.0,0.0,0.0
8a48b2a6a897fff,1.0,0.0,0.0,0.0,0.0,0.0
8a48b2a6a89ffff,2.0,0.0,0.0,0.0,0.0,0.0
8a48b2a6a8a7fff,1.0,0.0,0.0,0.0,0.0,0.0
8a48b2a6a8b7fff,1.0,0.0,0.0,0.0,0.0,0.0
8a48b2a6a8d7fff,0.0,0.0,0.0,0.0,0.0,0.0
8a48b2a6a8e7fff,1.0,0.0,0.0,0.0,0.0,0.0
8a48b2a6a8effff,0.0,0.0,0.0,0.0,0.0,0.0
8a48b2a6a8f7fff,0.0,0.0,0.0,0.0,0.0,0.0
8a48b2a6a907fff,2.0,0.0,1.0,1.0,0.0,0.0
8a48b2a6a917fff,1.0,0.0,0.0,0.0,0.0,0.0
8a48b2a6a91ffff,1.0,0.0,0.0,0.0,0.0,0.0
8a48b2a6a927fff,19.0,0.0,0.0,0.0,0.0,0.0
8a48b2a6a92ffff,1.0,0.0,0.0,0.0,0.0,0.0
8a48b2a6a937fff,3.0,0.0,5.0,1.0,1.0,0.0
8a48b2a6a947fff,1.0,0.0,0.0,0.0,0.0,0.0
8a48b2a6a957fff,0.0,0.0,1.0,1.0,0.0,0.0
8a48b2a6a95ffff,5.0,0.0,1.0,1.0,0.0,0.0
8a48b2a6a967fff,0.0,0.0,0.0,0.0,0.0,0.0
8a48b2a6a96ffff,1.0,0.0,0.0,0.0,0.0,0.0
8a48b2a6a977fff,0.0,0.0,0.0,0.0,0.0,0.0
8a48b2a6a987fff,1.0,0.0,0.0,0.0,0.0,1.0
8a48b2a6a98ffff,1.0,0.0,0.0,0.0,0.0,0.0
8a48b2a6a997fff,0.0,0.0,0.0,0.0,0.0,0.0
8a48b2a6a99ffff,3.0,0.0,1.0,0.0,0.0,0.0
8a48b2a6a9a7fff,2.0,0.0,0.0,0.0,0.0,0.0
8a48b2a6a9affff,1.0,0.0,4.0,0.0,0.0,0.0
8a48b2a6a9b7fff,1.0,0.0,0.0,0.0,0.0,0.0
8a48b2a6aa17fff,0.0,0.0,0.0,0.0,0.0,1.0
8a48b2a6ab5ffff,0.0,0.0,0.0,0.0,0.0,1.0
8a48b2a6ac0ffff,2.0,0.0,0.0,0.0,0.0,0.0
8a48b2a6ac17fff,3.0,0.0,1.0,0.0,1.0,0.0
8a48b2a6ac27fff,0.0,0.0,0.0,0.0,0.0,0.0
8a48b2a6ac2ffff,2.0,0.0,0.0,0.0,0.0,0.0
8a48b2a6ac37fff,0.0,0.0,0.0,0.0,0.0,0.0
8a48b2a6ac47fff,1.0,0.0,1.0,0.0,0.0,0.0
8a48b2a6ac4ffff,1.0,0.0,1.0,0.0,0.0,0.0
8a48b2a6ac57fff,1.0,0.0,0.0,0.0,0.0,0.0
8a48b2a6ac5ffff,0.0,0.0,0.0,0.0,0.0,0.0
8a48b2a6ac67fff,1.0,0.0,3.0,0.0,0.0,0.0
8a48b2a6ac6ffff,1.0,0.0,2.0,0.0,0.0,0.0
8a48b2a6ac77fff,5.0,0.0,0.0,0.0,0.0,0.0
8a48b2a6ac8ffff,0.0,0.0,0.0,0.0,0.0,0.0
8a48b2a6aca7fff,0.0,0.0,0.0,0.0,0.0,0.0
8a48b2a6acaffff,4.0,0.0,0.0,0.0,0.0,0.0
8a48b2a6acc7fff,2.0,0.0,0.0,0.0,0.0,0.0
8a48b2a6accffff,2.0,0.0,0.0,0.0,0.0,0.0
8a48b2a6acd7fff,4.0,0.0,0.0,0.0,0.0,0.0
8a48b2a6aceffff,1.0,0.0,0.0,0.0,0.0,0.0
8a48b2a6ad07fff,3.0,0.0,0.0,0.0,0.0,0.0
8a48b2a6ad0ffff,4.0,0.0,0.0,0.0,0.0,1.0
8a48b2a6ad1ffff,1.0,0.0,0.0,0.0,0.0,0.0
8a48b2a6ad27fff,2.0,0.0,0.0,0.0,0.0,0.0
8a48b2a6ad2ffff,3.0,0.0,0.0,0.0,0.0,0.0
8a48b2a6ad37fff,0.0,0.0,0.0,0.0,0.0,0.0
8a48b2a6ad47fff,2.0,0.0,0.0,0.0,0.0,1.0
8a48b2a6ad4ffff,3.0,0.0,0.0,0.0,0.0,1.0
8a48b2a6ad57fff,1.0,0.0,1.0,0.0,0.0,0.0
8a48b2a6ad5ffff,3.0,0.0,1.0,1.0,0.0,1.0
8a48b2a6ad67fff,2.0,0.0,0.0,0.0,0.0,2.0
8a48b2a6ad6ffff,3.0,0.0,0.0,0.0,0.0,0.0
8a48b2a6ad77fff,3.0,0.0,2.0,0.0,0.0,0.0
8a48b2a6ad87fff,0.0,0.0,0.0,0.0,0.0,0.0
8a48b2a6ad8ffff,5.0,0.0,4.0,2.0,0.0,0.0
8a48b2a6ada7fff,7.0,0.0,0.0,0.0,0.0,0.0
8a48b2a6adaffff,4.0,0.0,1.0,1.0,0.0,1.0
8a48b2a6adb7fff,1.0,0.0,0.0,0.0,0.0,0.0
8a48b2a6b927fff,1.0,0.0,0.0,0.0,0.0,1.0
8a48b2a6b967fff,1.0,0.0,0.0,0.0,0.0,0.0
8a48b2a6b977fff,1.0,0.0,0.0,0.0,0.0,0.0
8a48b2a6b9b7fff,0.0,0.0,0.0,0.0,0.0,0.0
8a48b2a6bb2ffff,1.0,0.0,0.0,0.0,0.0,0.0
8a48b2a6bb6ffff,1.0,0.0,0.0,0.0,0.0,0.0
8a48b2a6bb77fff,1.0,0.0,0.0,0.0,0.0,0.0
8a48b2a6c00ffff,3.0,0.0,0.0,0.0,0.0,0.0
8a48b2a6c017fff,1.0,0.0,0.0,0.0,0.0,0.0
8a48b2a6c027fff,3.0,0.0,0.0,0.0,0.0,0.0
8a48b2a6c02ffff,2.0,0.0,0.0,0.0,0.0,0.0
8a48b2a6c037fff,0.0,0.0,0.0,0.0,0.0,0.0
8a48b2a6c047fff,0.0,0.0,0.0,0.0,0.0,0.0
8a48b2a6c04ffff,1.0,0.0,0.0,0.0,0.0,0.0
8a48b2a6c05ffff,1.0,0.0,0.0,0.0,0.0,0.0
8a48b2a6c067fff,0.0,0.0,0.0,0.0,0.0,0.0
8a48b2a6c06ffff,0.0,0.0,0.0,0.0,0.0,0.0
8a48b2a6c087fff,0.0,0.0,0.0,0.0,0.0,0.0
8a48b2a6c08ffff,1.0,0.0,0.0,0.0,0.0,0.0
8a48b2a6c097fff,0.0,0.0,0.0,0.0,0.0,0.0
8a48b2a6c09ffff,1.0,0.0,0.0,0.0,0.0,0.0
8a48b2a6c0b7fff,1.0,0.0,0.0,0.0,0.0,0.0
8a48b2a6c0cffff,1.0,0.0,0.0,0.0,0.0,0.0
8a48b2a6c0dffff,0.0,0.0,0.0,0.0,0.0,0.0
8a48b2a6c10ffff,0.0,0.0,0.0,0.0,0.0,0.0
8a48b2a6c117fff,1.0,0.0,0.0,0.0,0.0,0.0
8a48b2a6c11ffff,0.0,0.0,0.0,0.0,0.0,0.0
8a48b2a6c127fff,0.0,0.0,7.0,3.0,3.0,0.0
8a48b2a6c12ffff,1.0,0.0,0.0,0.0,0.0,0.0
8a48b2a6c137fff,0.0,0.0,0.0,0.0,0.0,0.0
8a48b2a6c147fff,0.0,0.0,2.0,2.0,0.0,0.0
8a48b2a6c14ffff,4.0,0.0,3.0,1.0,2.0,0.0
8a48b2a6c167fff,0.0,0.0,0.0,0.0,0.0,0.0
8a48b2a6c16ffff,1.0,0.0,0.0,0.0,0.0,0.0
8a48b2a6c177fff,3.0,0.0,1.0,0.0,0.0,0.0
8a48b2a6c187fff,0.0,0.0,0.0,0.0,0.0,1.0
8a48b2a6c18ffff,1.0,0.0,0.0,0.0,0.0,0.0
8a48b2a6c197fff,1.0,0.0,0.0,0.0,0.0,0.0
8a48b2a6c1affff,1.0,0.0,0.0,0.0,0.0,0.0
8a48b2a6c1b7fff,1.0,0.0,1.0,1.0,0.0,0.0
8a48b2a6c237fff,1.0,0.0,0.0,0.0,0.0,0.0
8a48b2a6c297fff,1.0,0.0,4.0,0.0,0.0,0.0
8a48b2a6c29ffff,0.0,0.0,0.0,0.0,0.0,0.0
8a48b2a6c2c7fff,0.0,0.0,0.0,0.0,0.0,0.0
8a48b2a6c327fff,1.0,0.0,0.0,0.0,0.0,0.0
8a48b2a6c367fff,0.0,0.0,0.0,0.0,0.0,0.0
8a48b2a6c36ffff,1.0,0.0,3.0,0.0,0.0,0.0
8a48b2a6c38ffff,0.0,0.0,0.0,0.0,0.0,0.0
8a48b2a6c3b7fff,0.0,0.0,0.0,0.0,0.0,0.0
8a48b2a6c44ffff,6.0,0.0,1.0,1.0,0.0,0.0
8a48b2a6c457fff,0.0,0.0,0.0,0.0,0.0,0.0
8a48b2a6c45ffff,0.0,0.0,0.0,0.0,0.0,0.0
8a48b2a6c48ffff,3.0,0.0,0.0,0.0,0.0,0.0
8a48b2a6c497fff,9.0,0.0,0.0,0.0,0.0,0.0
8a48b2a6c49ffff,6.0,0.0,7.0,3.0,0.0,0.0
8a48b2a6c4a7fff,0.0,0.0,0.0,0.0,0.0,0.0
8a48b2a6c4affff,1.0,0.0,0.0,0.0,0.0,0.0
8a48b2a6c4b7fff,3.0,0.0,0.0,0.0,0.0,0.0
8a48b2a6c4dffff,0.0,0.0,0.0,0.0,0.0,1.0
8a48b2a6c4e7fff,3.0,0.0,0.0,0.0,0.0,0.0
8a48b2a6c4effff,0.0,0.0,4.0,0.0,0.0,0.0
8a48b2a6c4f7fff,3.0,0.0,0.0,0.0,0.0,0.0
8a48b2a6c507fff,0.0,0.0,0.0,0.0,0.0,0.0
8a48b2a6c517fff,1.0,0.0,0.0,0.0,0.0,0.0
8a48b2a6c527fff,1.0,0.0,0.0,0.0,0.0,0.0
8a48b2a6c52ffff,2.0,0.0,0.0,0.0,0.0,0.0
8a48b2a6c54ffff,0.0,0.0,0.0,0.0,0.0,0.0
8a48b2a6c56ffff,0.0,0.0,0.0,0.0,0.0,0.0
8a48b2a6c577fff,1.0,0.0,0.0,0.0,0.0,1.0
8a48b2a6c587fff,0.0,0.0,0.0,0.0,0.0,0.0
8a48b2a6c59ffff,2.0,0.0,0.0,0.0,0.0,0.0
8a48b2a6c5a7fff,0.0,0.0,3.0,0.0,0.0,0.0
8a48b2a6c5b7fff,1.0,0.0,0.0,0.0,0.0,0.0
8a48b2a6c607fff,0.0,0.0,0.0,0.0,0.0,0.0
8a48b2a6c61ffff,0.0,0.0,0.0,0.0,0.0,0.0
8a48b2a6c627fff,0.0,0.0,0.0,0.0,0.0,1.0
8a48b2a6c637fff,0.0,0.0,0.0,0.0,0.0,0.0
8a48b2a6c657fff,1.0,0.0,0.0,0.0,0.0,0.0
8a48b2a6c65ffff,0.0,0.0,0.0,0.0,0.0,1.0
8a48b2a6c667fff,1.0,0.0,0.0,0.0,0.0,0.0
8a48b2a6c677fff,0.0,0.0,0.0,0.0,0.0,0.0
8a48b2a6c687fff,0.0,0.0,1.0,0.0,0.0,0.0
8a48b2a6c68ffff,1.0,0.0,0.0,0.0,0.0,0.0
8a48b2a6c697fff,0.0,0.0,0.0,0.0,0.0,0.0
8a48b2a6c6a7fff,0.0,0.0,0.0,0.0,0.0,0.0
8a48b2a6c6affff,1.0,0.0,0.0,0.0,0.0,0.0
8a48b2a6c6cffff,0.0,0.0,0.0,0.0,0.0,0.0
8a48b2a6c6effff,0.0,0.0,0.0,0.0,0.0,0.0
8a48b2a6c707fff,1.0,0.0,0.0,0.0,0.0,0.0
8a48b2a6c70ffff,2.0,0.0,0.0,0.0,0.0,0.0
8a48b2a6c727fff,1.0,0.0,3.0,0.0,0.0,0.0
8a48b2a6c737fff,4.0,0.0,7.0,0.0,0.0,0.0
8a48b2a6c747fff,0.0,0.0,2.0,2.0,0.0,0.0
8a48b2a6c74ffff,0.0,0.0,1.0,0.0,1.0,0.0
8a48b2a6c777fff,0.0,0.0,2.0,0.0,1.0,0.0
8a48b2a6c78ffff,0.0,0.0,0.0,0.0,0.0,0.0
8a48b2a6c7a7fff,0.0,0.0,0.0,0.0,0.0,0.0
8a48b2a6c7affff,2.0,0.0,0.0,0.0,0.0,0.0
8a48b2a6c7b7fff,0.0,0.0,0.0,0.0,0.0,1.0
8a48b2a6c81ffff,0.0,0.0,0.0,0.0,0.0,0.0
8a48b2a6c827fff,0.0,0.0,0.0,0.0,0.0,0.0
8a48b2a6c82ffff,0.0,0.0,1.0,1.0,0.0,0.0
8a48b2a6c84ffff,1.0,0.0,1.0,0.0,0.0,0.0
8a48b2a6c857fff,0.0,0.0,0.0,0.0,0.0,1.0
8a48b2a6c88ffff,1.0,0.0,0.0,0.0,0.0,0.0
8a48b2a6c897fff,1.0,0.0,0.0,0.0,0.0,0.0
8a48b2a6c89ffff,4.0,0.0,0.0,0.0,0.0,0.0
8a48b2a6c8a7fff,1.0,0.0,0.0,0.0,0.0,0.0
8a48b2a6c8affff,0.0,0.0,0.0,0.0,0.0,0.0
8a48b2a6c8b7fff,1.0,0.0,0.0,0.0,0.0,0.0
8a48b2a6c8c7fff,0.0,0.0,0.0,0.0,0.0,1.0
8a48b2a6c8cffff,2.0,0.0,1.0,0.0,0.0,0.0
8a48b2a6c8d7fff,1.0,0.0,0.0,0.0,0.0,0.0
8a48b2a6c8dffff,0.0,0.0,0.0,0.0,0.0,0.0
8a48b2a6c8f7fff,2.0,0.0,0.0,0.0,0.0,0.0
8a48b2a6c90ffff,0.0,0.0,0.0,0.0,0.0,0.0
8a48b2a6c91ffff,0.0,0.0,0.0,0.0,0.0,0.0
8a48b2a6c927fff,1.0,0.0,0.0,0.0,0.0,0.0
8a48b2a6c987fff,0.0,0.0,0.0,0.0,0.0,0.0
8a48b2a6c98ffff,0.0,0.0,0.0,0.0,0.0,0.0
8a48b2a6c997fff,0.0,0.0,3.0,0.0,0.0,0.0
8a48b2a6c9b7fff,1.0,0.0,1.0,0.0,0.0,0.0
8a48b2a6ca1ffff,0.0,0.0,0.0,0.0,0.0,0.0
8a48b2a6ca4ffff,0.0,0.0,0.0,0.0,0.0,0.0
8a48b2a6ca6ffff,1.0,0.0,0.0,0.0,0.0,0.0
8a48b2a6ca87fff,1.0,0.0,0.0,0.0,0.0,0.0
8a48b2a6ca8ffff,0.0,0.0,4.0,0.0,0.0,0.0
8a48b2a6ca97fff,0.0,0.0,0.0,0.0,0.0,0.0
8a48b2a6ca9ffff,2.0,0.0,0.0,0.0,0.0,0.0
8a48b2a6caaffff,3.0,0.0,0.0,0.0,0.0,0.0
8a48b2a6cab7fff,1.0,0.0,3.0,2.0,0.0,0.0
8a48b2a6cac7fff,0.0,0.0,0.0,0.0,0.0,0.0
8a48b2a6cad7fff,3.0,0.0,0.0,0.0,0.0,0.0
8a48b2a6cadffff,1.0,0.0,0.0,0.0,0.0,0.0
8a48b2a6caeffff,1.0,0.0,0.0,0.0,0.0,0.0
8a48b2a6caf7fff,0.0,0.0,1.0,1.0,0.0,0.0
8a48b2a6cb07fff,0.0,0.0,0.0,0.0,0.0,0.0
8a48b2a6cb0ffff,0.0,0.0,0.0,0.0,0.0,0.0
8a48b2a6cb1ffff,0.0,0.0,0.0,0.0,0.0,0.0
8a48b2a6cb37fff,1.0,0.0,0.0,0.0,0.0,0.0
8a48b2a6cb47fff,0.0,0.0,0.0,0.0,0.0,0.0
8a48b2a6cb87fff,1.0,0.0,0.0,0.0,0.0,0.0
8a48b2a6cb9ffff,0.0,0.0,0.0,0.0,0.0,0.0
8a48b2a6cba7fff,2.0,0.0,0.0,0.0,0.0,0.0
8a48b2a6cbaffff,1.0,0.0,0.0,0.0,0.0,0.0
8a48b2a6cc07fff,0.0,0.0,0.0,0.0,0.0,1.0
8a48b2a6cc0ffff,2.0,0.0,5.0,1.0,0.0,0.0
8a48b2a6cc17fff,1.0,0.0,1.0,0.0,0.0,0.0
8a48b2a6cc1ffff,3.0,0.0,4.0,1.0,3.0,0.0
8a48b2a6cc27fff,1.0,1.0,0.0,0.0,0.0,0.0
8a48b2a6cc47fff,1.0,0.0,0.0,0.0,0.0,0.0
8a48b2a6cc4ffff,0.0,0.0,0.0,0.0,0.0,0.0
8a48b2a6cc57fff,0.0,0.0,1.0,0.0,1.0,0.0
8a48b2a6cc5ffff,2.0,0.0,0.0,0.0,0.0,0.0
8a48b2a6cc67fff,9.0,0.0,4.0,0.0,0.0,0.0
8a48b2a6cc6ffff,8.0,0.0,4.0,2.0,0.0,0.0
8a48b2a6cc77fff,1.0,0.0,0.0,0.0,0.0,0.0
8a48b2a6cc97fff,1.0,0.0,0.0,0.0,0.0,0.0
8a48b2a6cca7fff,4.0,0.0,1.0,1.0,0.0,0.0
8a48b2a6ccaffff,0.0,0.0,0.0,0.0,0.0,0.0
8a48b2a6ccb7fff,0.0,0.0,3.0,0.0,0.0,0.0
8a48b2a6ccc7fff,3.0,0.0,0.0,0.0,0.0,0.0
8a48b2a6ccd7fff,0.0,0.0,0.0,0.0,0.0,1.0
8a48b2a6ccdffff,0.0,0.0,0.0,0.0,0.0,1.0
8a48b2a6cce7fff,1.0,0.0,0.0,0.0,0.0,0.0
8a48b2a6cceffff,1.0,0.0,0.0,0.0,0.0,0.0
8a48b2a6ccf7fff,0.0,0.0,0.0,0.0,0.0,0.0
8a48b2a6cd0ffff,0.0,0.0,0.0,0.0,0.0,0.0
8a48b2a6cd47fff,2.0,0.0,0.0,0.0,0.0,0.0
8a48b2a6cd4ffff,1.0,0.0,0.0,0.0,0.0,0.0
8a48b2a6cd5ffff,0.0,0.0,0.0,0.0,0.0,0.0
8a48b2a6cd67fff,1.0,0.0,0.0,0.0,0.0,0.0
8a48b2a6cd6ffff,1.0,0.0,0.0,0.0,0.0,0.0
8a48b2a6cd77fff,0.0,0.0,0.0,0.0,0.0,0.0
8a48b2a6cd87fff,3.0,0.0,0.0,0.0,0.0,1.0
8a48b2a6cd8ffff,2.0,0.0,0.0,0.0,0.0,0.0
8a48b2a6cd9ffff,3.0,0.0,12.0,3.0,0.0,0.0
8a48b2a6cda7fff,0.0,0.0,3.0,0.0,0.0,0.0
8a48b2a6cdb7fff,1.0,0.0,0.0,0.0,0.0,0.0
8a48b2a6d057fff,0.0,0.0,1.0,0.0,1.0,0.0
8a48b2a6d0a7fff,1.0,0.0,1.0,1.0,0.0,0.0
8a48b2a6d0affff,1.0,0.0,0.0,0.0,0.0,0.0
8a48b2a6d0c7fff,2.0,0.0,3.0,0.0,0.0,0.0
8a48b2a6d0cffff,0.0,0.0,1.0,1.0,0.0,0.0
8a48b2a6d0d7fff,0.0,0.0,0.0,0.0,0.0,0.0
8a48b2a6d0dffff,1.0,0.0,0.0,0.0,0.0,0.0
8a48b2a6d0effff,1.0,0.0,0.0,0.0,0.0,0.0
8a48b2a6d0f7fff,2.0,0.0,0.0,0.0,0.0,0.0
8a48b2a6d137fff,2.0,0.0,0.0,0.0,0.0,0.0
8a48b2a6d18ffff,0.0,0.0,0.0,0.0,0.0,0.0
8a48b2a6d197fff,2.0,0.0,0.0,0.0,0.0,0.0
8a48b2a6d19ffff,1.0,0.0,0.0,0.0,0.0,0.0
8a48b2a6d1b7fff,1.0,0.0,1.0,1.0,0.0,0.0
8a48b2a6d217fff,1.0,0.0,0.0,0.0,0.0,0.0
8a48b2a6d21ffff,1.0,0.0,0.0,0.0,0.0,0.0
8a48b2a6d387fff,1.0,0.0,0.0,0.0,0.0,0.0
8a48b2a6d3a7fff,0.0,0.0,0.0,0.0,0.0,0.0
8a48b2a6d3affff,0.0,0.0,0.0,0.0,0.0,0.0
8a48b2a6d3b7fff,0.0,0.0,0.0,0.0,0.0,0.0
8a48b2a6d427fff,0.0,0.0,0.0,0.0,0.0,0.0
8a48b2a6d46ffff,0.0,0.0,0.0,0.0,0.0,0.0
8a48b2a6d487fff,1.0,0.0,0.0,0.0,0.0,0.0
8a48b2a6d48ffff,2.0,0.0,0.0,0.0,0.0,0.0
8a48b2a6d507fff,4.0,0.0,10.0,0.0,0.0,1.0
8a48b2a6d517fff,0.0,0.0,4.0,2.0,2.0,0.0
8a48b2a6d52ffff,4.0,0.0,0.0,0.0,0.0,0.0
8a48b2a6d547fff,1.0,0.0,0.0,0.0,0.0,0.0
8a48b2a6d54ffff,2.0,0.0,0.0,0.0,0.0,0.0
8a48b2a6d567fff,1.0,0.0,0.0,0.0,0.0,0.0
8a48b2a6d587fff,2.0,0.0,3.0,1.0,1.0,0.0
8a48b2a6d597fff,2.0,0.0,0.0,0.0,0.0,0.0
8a48b2a6d5affff,0.0,0.0,3.0,0.0,1.0,0.0
8a48b2a6d61ffff,0.0,0.0,0.0,0.0,0.0,0.0
8a48b2a6d62ffff,0.0,0.0,0.0,0.0,0.0,0.0
8a48b2a6d66ffff,3.0,0.0,1.0,1.0,0.0,0.0
8a48b2a6d677fff,2.0,0.0,0.0,0.0,0.0,0.0
8a48b2a6d687fff,1.0,0.0,0.0,0.0,0.0,0.0
8a48b2a6d6a7fff,2.0,0.0,0.0,0.0,0.0,0.0
8a48b2a6d6affff,1.0,0.0,0.0,0.0,0.0,0.0
8a48b2a6d707fff,0.0,0.0,0.0,0.0,0.0,0.0
8a48b2a6d74ffff,1.0,0.0,2.0,0.0,0.0,0.0
8a48b2a6d757fff,1.0,0.0,0.0,0.0,0.0,0.0
8a48b2a6d75ffff,1.0,0.0,0.0,0.0,0.0,0.0
8a48b2a6d767fff,0.0,0.0,1.0,0.0,1.0,0.0
8a48b2a6d797fff,1.0,0.0,1.0,1.0,0.0,0.0
8a48b2a6d7a7fff,1.0,0.0,0.0,0.0,0.0,0.0
8a48b2a6d80ffff,1.0,0.0,0.0,0.0,0.0,0.0
8a48b2a6d817fff,0.0,0.0,0.0,0.0,0.0,0.0
8a48b2a6d827fff,0.0,0.0,1.0,1.0,0.0,0.0
8a48b2a6d837fff,0.0,0.0,0.0,0.0,0.0,0.0
8a48b2a6d847fff,0.0,0.0,0.0,0.0,0.0,0.0
8a48b2a6d84ffff,0.0,0.0,0.0,0.0,0.0,0.0
8a48b2a6d857fff,0.0,0.0,0.0,0.0,0.0,0.0
8a48b2a6d867fff,1.0,0.0,3.0,1.0,2.0,0.0
8a48b2a6d88ffff,2.0,0.0,5.0,1.0,0.0,0.0
8a48b2a6d8a7fff,2.0,0.0,0.0,0.0,0.0,0.0
8a48b2a6d8b7fff,1.0,0.0,0.0,0.0,0.0,0.0
8a48b2a6d8d7fff,2.0,0.0,0.0,0.0,0.0,0.0
8a48b2a6d8f7fff,6.0,0.0,8.0,0.0,5.0,0.0
8a48b2a6d917fff,0.0,0.0,0.0,0.0,0.0,0.0
8a48b2a6d927fff,0.0,0.0,0.0,0.0,0.0,0.0
8a48b2a6d94ffff,0.0,0.0,0.0,0.0,0.0,0.0
8a48b2a6d957fff,0.0,0.0,0.0,0.0,0.0,0.0
8a48b2a6d967fff,1.0,0.0,0.0,0.0,0.0,0.0
8a48b2a6d987fff,2.0,0.0,3.0,1.0,0.0,0.0
8a48b2a6d98ffff,1.0,0.0,2.0,0.0,1.0,0.0
8a48b2a6d99ffff,0.0,0.0,0.0,0.0,0.0,0.0
8a48b2a6d9affff,0.0,0.0,0.0,0.0,0.0,0.0
8a48b2a6d9b7fff,0.0,0.0,0.0,0.0,0.0,0.0
8a48b2a6dad7fff,0.0,0.0,0.0,0.0,0.0,0.0
8a48b2a6db07fff,0.0,0.0,1.0,0.0,0.0,0.0
8a48b2a6db0ffff,0.0,0.0,0.0,0.0,0.0,0.0
8a48b2a6db17fff,0.0,0.0,0.0,0.0,0.0,0.0
8a48b2a6db1ffff,2.0,0.0,0.0,0.0,0.0,0.0
8a48b2a6db27fff,0.0,0.0,0.0,0.0,0.0,0.0
8a48b2a6dc4ffff,2.0,0.0,8.0,3.0,4.0,1.0
8a48b2a6dc57fff,0.0,0.0,0.0,0.0,0.0,0.0
8a48b2a6dc5ffff,2.0,0.0,0.0,0.0,0.0,0.0
8a48b2a6dc87fff,1.0,0.0,0.0,0.0,0.0,0.0
8a48b2a6dc8ffff,1.0,0.0,1.0,1.0,0.0,0.0
8a48b2a6dcaffff,1.0,0.0,0.0,0.0,0.0,0.0
8a48b2a6dcc7fff,1.0,0.0,0.0,0.0,0.0,1.0
8a48b2a6dccffff,20.0,0.0,0.0,0.0,0.0,0.0
8a48b2a6dcd7fff,0.0,0.0,1.0,0.0,0.0,0.0
8a48b2a6dcdffff,7.0,0.0,0.0,0.0,0.0,1.0
8a48b2a6dceffff,3.0,0.0,2.0,1.0,1.0,0.0
8a48b2a6dcf7fff,0.0,0.0,0.0,0.0,0.0,0.0
8a48b2a6dd2ffff,0.0,0.0,0.0,0.0,0.0,0.0
8a48b2a6dd37fff,1.0,0.0,0.0,0.0,0.0,0.0
8a48b2a6dd47fff,0.0,0.0,0.0,0.0,0.0,0.0
8a48b2a6dd67fff,1.0,0.0,0.0,0.0,0.0,0.0
8a48b2a6dd97fff,0.0,0.0,1.0,1.0,0.0,0.0
8a48b2a6dd9ffff,0.0,0.0,0.0,0.0,0.0,0.0
8a48b2a6e007fff,2.0,0.0,2.0,1.0,1.0,0.0
8a48b2a6e00ffff,1.0,0.0,0.0,0.0,0.0,0.0
8a48b2a6e017fff,1.0,0.0,0.0,0.0,0.0,0.0
8a48b2a6e01ffff,0.0,0.0,0.0,0.0,0.0,0.0
8a48b2a6e027fff,4.0,0.0,3.0,3.0,0.0,0.0
8a48b2a6e037fff,0.0,0.0,0.0,0.0,0.0,0.0
8a48b2a6e047fff,2.0,0.0,0.0,0.0,0.0,0.0
8a48b2a6e04ffff,1.0,0.0,0.0,0.0,0.0,0.0
8a48b2a6e06ffff,0.0,0.0,1.0,0.0,0.0,0.0
8a48b2a6e077fff,1.0,0.0,0.0,0.0,0.0,0.0
8a48b2a6e087fff,4.0,0.0,0.0,0.0,0.0,0.0
8a48b2a6e08ffff,1.0,0.0,0.0,0.0,0.0,0.0
8a48b2a6e097fff,2.0,0.0,1.0,0.0,0.0,0.0
8a48b2a6e09ffff,0.0,0.0,0.0,0.0,0.0,0.0
8a48b2a6e0a7fff,1.0,0.0,3.0,0.0,0.0,0.0
8a48b2a6e0affff,2.0,0.0,0.0,0.0,0.0,0.0
8a48b2a6e0c7fff,0.0,0.0,0.0,0.0,0.0,0.0
8a48b2a6e0d7fff,0.0,0.0,0.0,0.0,0.0,0.0
8a48b2a6e0dffff,1.0,0.0,0.0,0.0,0.0,0.0
8a48b2a6e0e7fff,2.0,0.0,7.0,0.0,1.0,0.0
8a48b2a6e107fff,2.0,0.0,0.0,0.0,0.0,0.0
8a48b2a6e10ffff,1.0,0.0,0.0,0.0,0.0,0.0
8a48b2a6e11ffff,1.0,0.0,0.0,0.0,0.0,0.0
8a48b2a6e12ffff,3.0,0.0,0.0,0.0,0.0,0.0
8a48b2a6e137fff,0.0,0.0,0.0,0.0,0.0,0.0
8a48b2a6e147fff,1.0,0.0,0.0,0.0,0.0,0.0
8a48b2a6e14ffff,0.0,0.0,1.0,0.0,0.0,0.0
8a48b2a6e157fff,1.0,0.0,0.0,0.0,0.0,0.0
8a48b2a6e15ffff,1.0,0.0,1.0,0.0,0.0,0.0
8a48b2a6e167fff,0.0,0.0,0.0,0.0,0.0,0.0
8a48b2a6e16ffff,1.0,0.0,0.0,0.0,0.0,0.0
8a48b2a6e177fff,0.0,0.0,0.0,0.0,0.0,0.0
8a48b2a6e187fff,1.0,0.0,0.0,0.0,0.0,0.0
8a48b2a6e18ffff,0.0,0.0,0.0,0.0,0.0,0.0
8a48b2a6e19ffff,1.0,0.0,3.0,0.0,0.0,0.0
8a48b2a6e1a7fff,0.0,0.0,0.0,0.0,0.0,0.0
8a48b2a6e1affff,0.0,0.0,0.0,0.0,0.0,2.0
8a48b2a6e1b7fff,2.0,0.0,0.0,0.0,0.0,0.0
8a48b2a6e207fff,4.0,0.0,0.0,0.0,0.0,0.0
8a48b2a6e20ffff,6.0,0.0,3.0,0.0,0.0,0.0
8a48b2a6e217fff,4.0,1.0,2.0,0.0,1.0,0.0
8a48b2a6e21ffff,2.0,0.0,8.0,2.0,1.0,0.0
8a48b2a6e227fff,2.0,0.0,0.0,0.0,0.0,0.0
8a48b2a6e22ffff,2.0,0.0,0.0,0.0,0.0,0.0
8a48b2a6e237fff,3.0,0.0,0.0,0.0,0.0,0.0
8a48b2a6e247fff,1.0,0.0,4.0,0.0,1.0,0.0
8a48b2a6e257fff,5.0,0.0,0.0,0.0,0.0,0.0
8a48b2a6e25ffff,1.0,0.0,0.0,0.0,0.0,0.0
8a48b2a6e267fff,4.0,0.0,1.0,0.0,0.0,0.0
8a48b2a6e277fff,11.0,0.0,2.0,0.0,0.0,0.0
8a48b2a6e287fff,0.0,0.0,0.0,0.0,0.0,0.0
8a48b2a6e28ffff,3.0,0.0,0.0,0.0,0.0,0.0
8a48b2a6e297fff,1.0,0.0,1.0,0.0,0.0,0.0
8a48b2a6e29ffff,4.0,0.0,3.0,0.0,2.0,1.0
8a48b2a6e2a7fff,1.0,0.0,1.0,0.0,0.0,0.0
8a48b2a6e2affff,3.0,0.0,1.0,0.0,0.0,0.0
8a48b2a6e2b7fff,0.0,0.0,0.0,0.0,0.0,0.0
8a48b2a6e2d7fff,2.0,0.0,0.0,0.0,0.0,0.0
8a48b2a6e2dffff,2.0,0.0,0.0,0.0,0.0,0.0
8a48b2a6e2e7fff,2.0,0.0,1.0,0.0,0.0,0.0
8a48b2a6e2effff,0.0,0.0,0.0,0.0,0.0,0.0
8a48b2a6e2f7fff,1.0,0.0,3.0,1.0,0.0,0.0
8a48b2a6e30ffff,0.0,0.0,0.0,0.0,0.0,0.0
8a48b2a6e317fff,2.0,0.0,0.0,0.0,0.0,0.0
8a48b2a6e31ffff,2.0,0.0,0.0,0.0,0.0,0.0
8a48b2a6e327fff,1.0,0.0,0.0,0.0,0.0,0.0
8a48b2a6e32ffff,3.0,0.0,1.0,0.0,0.0,0.0
8a48b2a6e337fff,0.0,0.0,0.0,0.0,0.0,1.0
8a48b2a6e34ffff,1.0,0.0,0.0,0.0,0.0,0.0
8a48b2a6e357fff,2.0,0.0,0.0,0.0,0.0,0.0
8a48b2a6e35ffff,3.0,0.0,0.0,0.0,0.0,0.0
8a48b2a6e367fff,3.0,0.0,0.0,0.0,0.0,0.0
8a48b2a6e377fff,1.0,0.0,1.0,0.0,1.0,0.0
8a48b2a6e387fff,0.0,0.0,0.0,0.0,0.0,0.0
8a48b2a6e38ffff,1.0,0.0,0.0,0.0,0.0,0.0
8a48b2a6e39ffff,3.0,0.0,4.0,4.0,0.0,0.0
8a48b2a6e3affff,1.0,0.0,0.0,0.0,0.0,0.0
8a48b2a6e3b7fff,1.0,0.0,0.0,0.0,0.0,1.0
8a48b2a6e407fff,1.0,0.0,0.0,0.0,0.0,0.0
8a48b2a6e40ffff,4.0,0.0,0.0,0.0,0.0,0.0
8a48b2a6e417fff,2.0,0.0,1.0,0.0,0.0,0.0
8a48b2a6e41ffff,1.0,0.0,0.0,0.0,0.0,0.0
8a48b2a6e427fff,2.0,0.0,0.0,0.0,0.0,0.0
8a48b2a6e42ffff,11.0,0.0,0.0,0.0,0.0,0.0
8a48b2a6e437fff,1.0,0.0,0.0,0.0,0.0,0.0
8a48b2a6e447fff,13.0,0.0,6.0,3.0,0.0,0.0
8a48b2a6e44ffff,6.0,0.0,0.0,0.0,0.0,6.0
8a48b2a6e457fff,4.0,0.0,0.0,0.0,0.0,0.0
8a48b2a6e45ffff,4.0,0.0,0.0,0.0,0.0,0.0
8a48b2a6e467fff,1.0,0.0,1.0,1.0,0.0,0.0
8a48b2a6e46ffff,2.0,0.0,1.0,0.0,0.0,0.0
8a48b2a6e477fff,5.0,0.0,0.0,0.0,0.0,1.0
8a48b2a6e487fff,8.0,0.0,0.0,0.0,0.0,1.0
8a48b2a6e48ffff,2.0,0.0,7.0,4.0,3.0,0.0
8a48b2a6e497fff,4.0,0.0,4.0,0.0,4.0,1.0
8a48b2a6e49ffff,2.0,0.0,0.0,0.0,0.0,0.0
8a48b2a6e4a7fff,0.0,0.0,0.0,0.0,0.0,3.0
8a48b2a6e4b7fff,0.0,0.0,0.0,0.0,0.0,10.0
8a48b2a6e4c7fff,2.0,0.0,0.0,0.0,0.0,0.0
8a48b2a6e4cffff,3.0,0.0,0.0,0.0,0.0,0.0
8a48b2a6e4d7fff,1.0,0.0,0.0,0.0,0.0,0.0
8a48b2a6e4dffff,3.0,0.0,1.0,0.0,0.0,0.0
8a48b2a6e4e7fff,2.0,0.0,1.0,0.0,0.0,0.0
8a48b2a6e4effff,4.0,0.0,0.0,0.0,0.0,1.0
8a48b2a6e4f7fff,16.0,0.0,0.0,0.0,0.0,1.0
8a48b2a6e507fff,4.0,0.0,0.0,0.0,0.0,0.0
8a48b2a6e50ffff,15.0,0.0,0.0,0.0,0.0,0.0
8a48b2a6e527fff,0.0,0.0,0.0,0.0,0.0,0.0
8a48b2a6e52ffff,19.0,0.0,0.0,0.0,0.0,1.0
8a48b2a6e537fff,0.0,0.0,0.0,0.0,0.0,1.0
8a48b2a6e547fff,6.0,0.0,4.0,0.0,1.0,0.0
8a48b2a6e557fff,3.0,0.0,0.0,0.0,0.0,0.0
8a48b2a6e55ffff,10.0,0.0,2.0,0.0,0.0,0.0
8a48b2a6e567fff,8.0,0.0,0.0,0.0,0.0,1.0
8a48b2a6e56ffff,0.0,0.0,0.0,0.0,0.0,0.0
8a48b2a6e577fff,6.0,0.0,0.0,0.0,0.0,0.0
8a48b2a6e58ffff,0.0,0.0,2.0,0.0,0.0,0.0
8a48b2a6e597fff,0.0,0.0,0.0,0.0,0.0,1.0
8a48b2a6e5a7fff,4.0,0.0,0.0,0.0,0.0,0.0
8a48b2a6e5affff,2.0,0.0,0.0,0.0,0.0,0.0
8a48b2a6e607fff,1.0,0.0,0.0,0.0,0.0,0.0
8a48b2a6e60ffff,0.0,0.0,0.0,0.0,0.0,0.0
8a48b2a6e617fff,5.0,0.0,0.0,0.0,0.0,2.0
8a48b2a6e61ffff,1.0,0.0,0.0,0.0,0.0,0.0
8a48b2a6e627fff,0.0,0.0,0.0,0.0,0.0,0.0
8a48b2a6e62ffff,1.0,0.0,3.0,0.0,0.0,0.0
8a48b2a6e637fff,2.0,0.0,2.0,0.0,0.0,0.0
8a48b2a6e647fff,6.0,0.0,3.0,2.0,1.0,0.0
8a48b2a6e64ffff,2.0,0.0,2.0,1.0,0.0,0.0
8a48b2a6e657fff,3.0,0.0,3.0,2.0,0.0,0.0
8a48b2a6e65ffff,3.0,0.0,3.0,3.0,0.0,0.0
8a48b2a6e667fff,1.0,0.0,1.0,0.0,0.0,0.0
8a48b2a6e66ffff,1.0,0.0,0.0,0.0,0.0,0.0
8a48b2a6e677fff,0.0,0.0,0.0,0.0,0.0,1.0
8a48b2a6e687fff,0.0,0.0,0.0,0.0,0.0,0.0
8a48b2a6e68ffff,3.0,0.0,0.0,0.0,0.0,0.0
8a48b2a6e697fff,1.0,0.0,0.0,0.0,0.0,0.0
8a48b2a6e69ffff,0.0,0.0,0.0,0.0,0.0,0.0
8a48b2a6e6a7fff,6.0,0.0,0.0,0.0,0.0,0.0
8a48b2a6e6affff,3.0,0.0,5.0,0.0,0.0,1.0
8a48b2a6e6b7fff,2.0,0.0,0.0,0.0,0.0,0.0
8a48b2a6e6c7fff,7.0,1.0,1.0,1.0,0.0,0.0
8a48b2a6e6cffff,2.0,0.0,0.0,0.0,0.0,1.0
8a48b2a6e6d7fff,6.0,0.0,3.0,0.0,0.0,0.0
8a48b2a6e6dffff,0.0,0.0,1.0,0.0,0.0,0.0
8a48b2a6e6e7fff,0.0,0.0,3.0,0.0,1.0,0.0
8a48b2a6e6effff,3.0,0.0,2.0,0.0,0.0,0.0
8a48b2a6e6f7fff,0.0,0.0,0.0,0.0,0.0,0.0
8a48b2a6e707fff,4.0,0.0,0.0,0.0,0.0,1.0
8a48b2a6e70ffff,3.0,0.0,0.0,0.0,0.0,0.0
8a48b2a6e717fff,5.0,0.0,0.0,0.0,0.0,0.0
8a48b2a6e71ffff,1.0,0.0,0.0,0.0,0.0,1.0
8a48b2a6e727fff,0.0,0.0,0.0,0.0,0.0,0.0
8a48b2a6e72ffff,4.0,0.0,4.0,1.0,0.0,0.0
8a48b2a6e737fff,5.0,0.0,1.0,0.0,0.0,1.0
8a48b2a6e757fff,0.0,0.0,0.0,0.0,0.0,0.0
8a48b2a6e75ffff,0.0,0.0,0.0,0.0,0.0,0.0
8a48b2a6e767fff,7.0,0.0,1.0,0.0,0.0,0.0
8a48b2a6e76ffff,1.0,0.0,2.0,1.0,0.0,0.0
8a48b2a6e777fff,10.0,0.0,1.0,0.0,0.0,0.0
8a48b2a6e787fff,2.0,0.0,0.0,0.0,0.0,0.0
8a48b2a6e78ffff,2.0,0.0,0.0,0.0,0.0,1.0
8a48b2a6e797fff,1.0,0.0,0.0,0.0,0.0,0.0
8a48b2a6e79ffff,3.0,0.0,0.0,0.0,0.0,0.0
8a48b2a6e7a7fff,5.0,0.0,0.0,0.0,0.0,5.0
8a48b2a6e7affff,12.0,0.0,8.0,2.0,1.0,0.0
8a48b2a6e7b7fff,3.0,0.0,0.0,0.0,0.0,0.0
8a48b2a6e807fff,0.0,0.0,0.0,0.0,0.0,0.0
8a48b2a6e80ffff,0.0,0.0,0.0,0.0,0.0,0.0
8a48b2a6e817fff,0.0,0.0,0.0,0.0,0.0,0.0
8a48b2a6e827fff,7.0,0.0,2.0,0.0,0.0,0.0
8a48b2a6e82ffff,1.0,0.0,1.0,1.0,0.0,0.0
8a48b2a6e837fff,0.0,0.0,1.0,0.0,0.0,0.0
8a48b2a6e847fff,0.0,0.0,0.0,0.0,0.0,0.0
8a48b2a6e84ffff,1.0,0.0,0.0,0.0,0.0,0.0
8a48b2a6e857fff,1.0,0.0,0.0,0.0,0.0,0.0
8a48b2a6e85ffff,1.0,0.0,0.0,0.0,0.0,0.0
8a48b2a6e867fff,10.0,0.0,1.0,0.0,1.0,0.0
8a48b2a6e86ffff,1.0,0.0,6.0,0.0,0.0,0.0
8a48b2a6e877fff,1.0,0.0,0.0,0.0,0.0,0.0
8a48b2a6e887fff,0.0,0.0,0.0,0.0,0.0,0.0
8a48b2a6e88ffff,1.0,0.0,0.0,0.0,0.0,0.0
8a48b2a6e897fff,0.0,0.0,1.0,0.0,0.0,1.0
8a48b2a6e89ffff,1.0,0.0,0.0,0.0,0.0,0.0
8a48b2a6e8affff,1.0,0.0,0.0,0.0,0.0,0.0
8a48b2a6e8b7fff,0.0,0.0,0.0,0.0,0.0,0.0
8a48b2a6e8c7fff,0.0,0.0,0.0,0.0,0.0,0.0
8a48b2a6e8cffff,2.0,0.0,0.0,0.0,0.0,0.0
8a48b2a6e8d7fff,2.0,0.0,0.0,0.0,0.0,0.0
8a48b2a6e8dffff,2.0,0.0,0.0,0.0,0.0,0.0
8a48b2a6e8e7fff,0.0,0.0,0.0,0.0,0.0,0.0
8a48b2a6e8effff,2.0,0.0,0.0,0.0,0.0,0.0
8a48b2a6e8f7fff,0.0,0.0,0.0,0.0,0.0,0.0
8a48b2a6e917fff,4.0,0.0,0.0,0.0,0.0,0.0
8a48b2a6e91ffff,4.0,0.0,0.0,0.0,0.0,0.0
8a48b2a6e927fff,1.0,0.0,0.0,0.0,0.0,0.0
8a48b2a6e92ffff,1.0,0.0,1.0,1.0,0.0,0.0
8a48b2a6e937fff,2.0,0.0,0.0,0.0,0.0,2.0
8a48b2a6e947fff,1.0,0.0,0.0,0.0,0.0,0.0
8a48b2a6e94ffff,8.0,0.0,0.0,0.0,0.0,0.0
8a48b2a6e957fff,2.0,0.0,0.0,0.0,0.0,0.0
8a48b2a6e95ffff,7.0,0.0,1.0,0.0,0.0,1.0
8a48b2a6e967fff,1.0,0.0,0.0,0.0,0.0,0.0
8a48b2a6e96ffff,3.0,0.0,0.0,0.0,0.0,0.0
8a48b2a6e977fff,0.0,0.0,0.0,0.0,0.0,0.0
8a48b2a6e98ffff,5.0,0.0,0.0,0.0,0.0,0.0
8a48b2a6e997fff,1.0,0.0,0.0,0.0,0.0,0.0
8a48b2a6e99ffff,1.0,0.0,0.0,0.0,0.0,1.0
8a48b2a6e9a7fff,6.0,0.0,1.0,0.0,0.0,0.0
8a48b2a6e9affff,4.0,0.0,1.0,1.0,0.0,0.0
8a48b2a6ea17fff,3.0,0.0,3.0,0.0,0.0,0.0
8a48b2a6ea1ffff,1.0,0.0,0.0,0.0,0.0,0.0
8a48b2a6ea37fff,0.0,0.0,0.0,0.0,0.0,0.0
8a48b2a6ea47fff,1.0,0.0,1.0,1.0,0.0,0.0
8a48b2a6ea4ffff,1.0,0.0,0.0,0.0,0.0,0.0
8a48b2a6ea57fff,1.0,0.0,0.0,0.0,0.0,0.0
8a48b2a6ea5ffff,0.0,0.0,0.0,0.0,0.0,0.0
8a48b2a6ea67fff,0.0,0.0,0.0,0.0,0.0,0.0
8a48b2a6ea6ffff,0.0,0.0,0.0,0.0,0.0,0.0
8a48b2a6ea87fff,1.0,0.0,0.0,0.0,0.0,0.0
8a48b2a6ea8ffff,3.0,0.0,1.0,1.0,0.0,1.0
8a48b2a6ea97fff,2.0,0.0,0.0,0.0,0.0,0.0
8a48b2a6ea9ffff,1.0,0.0,0.0,0.0,0.0,0.0
8a48b2a6eaaffff,1.0,0.0,4.0,1.0,0.0,1.0
8a48b2a6eab7fff,1.0,0.0,0.0,0.0,0.0,0.0
8a48b2a6ead7fff,10.0,0.0,1.0,0.0,0.0,0.0
8a48b2a6eae7fff,0.0,0.0,0.0,0.0,0.0,0.0
8a48b2a6eaf7fff,2.0,0.0,0.0,0.0,0.0,0.0
8a48b2a6eb07fff,0.0,0.0,0.0,0.0,0.0,1.0
8a48b2a6eb0ffff,0.0,0.0,0.0,0.0,0.0,1.0
8a48b2a6eb17fff,0.0,0.0,0.0,0.0,0.0,0.0
8a48b2a6eb37fff,1.0,0.0,0.0,0.0,0.0,0.0
8a48b2a6eb67fff,1.0,0.0,0.0,0.0,0.0,0.0
8a48b2a6eb77fff,0.0,0.0,0.0,0.0,0.0,0.0
8a48b2a6eb8ffff,1.0,0.0,0.0,0.0,0.0,0.0
8a48b2a6eba7fff,1.0,0.0,5.0,0.0,3.0,0.0
8a48b2a6ebb7fff,1.0,0.0,0.0,0.0,0.0,0.0
8a48b2a6ec0ffff,2.0,0.0,0.0,0.0,0.0,0.0
8a48b2a6ec17fff,11.0,0.0,3.0,0.0,0.0,0.0
8a48b2a6ec1ffff,1.0,0.0,0.0,0.0,0.0,0.0
8a48b2a6ec2ffff,2.0,0.0,0.0,0.0,0.0,0.0
8a48b2a6ec37fff,5.0,0.0,9.0,4.0,2.0,0.0
8a48b2a6ec47fff,1.0,0.0,1.0,0.0,0.0,1.0
8a48b2a6ec4ffff,1.0,0.0,0.0,0.0,0.0,0.0
8a48b2a6ec5ffff,2.0,0.0,0.0,0.0,0.0,0.0
8a48b2a6ec6ffff,1.0,0.0,0.0,0.0,0.0,0.0
8a48b2a6ec77fff,3.0,0.0,0.0,0.0,0.0,0.0
8a48b2a6ec87fff,2.0,0.0,2.0,2.0,0.0,1.0
8a48b2a6ec8ffff,2.0,0.0,0.0,0.0,0.0,0.0
8a48b2a6ec97fff,1.0,0.0,0.0,0.0,0.0,0.0
8a48b2a6ec9ffff,2.0,0.0,0.0,0.0,0.0,0.0
8a48b2a6eca7fff,2.0,0.0,0.0,0.0,0.0,0.0
8a48b2a6ecaffff,2.0,0.0,2.0,0.0,0.0,0.0
8a48b2a6ecb7fff,1.0,0.0,0.0,0.0,0.0,0.0
8a48b2a6ecc7fff,1.0,0.0,0.0,0.0,0.0,0.0
8a48b2a6eccffff,3.0,0.0,1.0,0.0,0.0,0.0
8a48b2a6ecd7fff,2.0,0.0,0.0,0.0,0.0,0.0
8a48b2a6ecdffff,2.0,0.0,0.0,0.0,0.0,0.0
8a48b2a6ece7fff,3.0,0.0,1.0,0.0,0.0,0.0
8a48b2a6ecf7fff,2.0,0.0,1.0,1.0,0.0,0.0
8a48b2a6ed07fff,2.0,0.0,0.0,0.0,0.0,0.0
8a48b2a6ed0ffff,1.0,0.0,1.0,0.0,0.0,0.0
8a48b2a6ed17fff,4.0,0.0,2.0,0.0,1.0,0.0
8a48b2a6ed1ffff,0.0,0.0,1.0,1.0,0.0,1.0
8a48b2a6ed27fff,0.0,0.0,0.0,0.0,0.0,0.0
8a48b2a6ed2ffff,0.0,0.0,0.0,0.0,0.0,0.0
8a48b2a6ed37fff,2.0,0.0,1.0,1.0,0.0,0.0
8a48b2a6ed4ffff,1.0,0.0,0.0,0.0,0.0,0.0
8a48b2a6ed57fff,2.0,0.0,0.0,0.0,0.0,0.0
8a48b2a6ed5ffff,1.0,0.0,0.0,0.0,0.0,0.0
8a48b2a6ed6ffff,3.0,0.0,0.0,0.0,0.0,0.0
8a48b2a6ed77fff,1.0,0.0,0.0,0.0,0.0,0.0
8a48b2a6ed87fff,1.0,0.0,0.0,0.0,0.0,0.0
8a48b2a6ed8ffff,2.0,0.0,0.0,0.0,0.0,0.0
8a48b2a6ed97fff,1.0,0.0,0.0,0.0,0.0,0.0
8a48b2a6ed9ffff,0.0,0.0,0.0,0.0,0.0,0.0
8a48b2a6edaffff,3.0,0.0,2.0,0.0,2.0,0.0
8a48b2a6edb7fff,0.0,0.0,0.0,0.0,0.0,0.0
8a48b2a70017fff,1.0,0.0,0.0,0.0,0.0,0.0
8a48b2a70037fff,0.0,0.0,0.0,0.0,0.0,0.0
8a48b2a7004ffff,1.0,0.0,0.0,0.0,0.0,0.0
8a48b2a7005ffff,0.0,0.0,0.0,0.0,0.0,0.0
8a48b2a70067fff,4.0,0.0,0.0,0.0,0.0,0.0
8a48b2a7006ffff,1.0,0.0,0.0,0.0,0.0,0.0
8a48b2a700affff,0.0,0.0,0.0,0.0,0.0,0.0
8a48b2a700c7fff,1.0,0.0,0.0,0.0,0.0,0.0
8a48b2a700f7fff,0.0,0.0,0.0,0.0,0.0,0.0
8a48b2a70107fff,0.0,0.0,1.0,0.0,0.0,0.0
8a48b2a70127fff,0.0,0.0,0.0,0.0,0.0,0.0
8a48b2a70147fff,1.0,0.0,0.0,0.0,0.0,0.0
8a48b2a7018ffff,0.0,0.0,0.0,0.0,0.0,0.0
8a48b2a701a7fff,0.0,0.0,0.0,0.0,0.0,0.0
8a48b2a701b7fff,1.0,0.0,0.0,0.0,0.0,0.0
8a48b2a70227fff,3.0,0.0,0.0,0.0,0.0,0.0
8a48b2a70267fff,2.0,0.0,0.0,0.0,0.0,0.0
8a48b2a70307fff,1.0,0.0,0.0,0.0,0.0,0.0
8a48b2a70317fff,3.0,0.0,0.0,0.0,0.0,0.0
8a48b2a7031ffff,0.0,0.0,0.0,0.0,0.0,0.0
8a48b2a7032ffff,3.0,0.0,0.0,0.0,0.0,0.0
8a48b2a70337fff,4.0,0.0,0.0,0.0,0.0,0.0
8a48b2a70357fff,1.0,0.0,0.0,0.0,0.0,0.0
8a48b2a7035ffff,1.0,0.0,0.0,0.0,0.0,0.0
8a48b2a70397fff,0.0,0.0,0.0,0.0,0.0,0.0
8a48b2a703affff,3.0,0.0,0.0,0.0,0.0,0.0
8a48b2a7046ffff,0.0,0.0,0.0,0.0,0.0,1.0
8a48b2a704affff,1.0,0.0,0.0,0.0,0.0,0.0
8a48b2a707a7fff,1.0,0.0,0.0,0.0,0.0,0.0
8a48b2a7086ffff,0.0,0.0,1.0,0.0,0.0,0.0
8a48b2a70877fff,1.0,0.0,0.0,0.0,0.0,0.0
8a48b2a70887fff,0.0,0.0,0.0,0.0,0.0,0.0
8a48b2a7089ffff,0.0,0.0,0.0,0.0,0.0,0.0
8a48b2a70a0ffff,0.0,0.0,0.0,0.0,0.0,0.0
8a48b2a70a27fff,0.0,0.0,0.0,0.0,0.0,0.0
8a48b2a70a4ffff,1.0,0.0,0.0,0.0,0.0,0.0
8a48b2a70a6ffff,0.0,0.0,0.0,0.0,0.0,0.0
8a48b2a70a77fff,1.0,0.0,0.0,0.0,0.0,0.0
8a48b2a70a97fff,1.0,0.0,0.0,0.0,0.0,0.0
8a48b2a70acffff,0.0,0.0,0.0,0.0,0.0,0.0
8a48b2a70adffff,2.0,0.0,0.0,0.0,0.0,0.0
8a48b2a70ae7fff,1.0,0.0,2.0,0.0,0.0,0.0
8a48b2a70af7fff,1.0,0.0,0.0,0.0,0.0,0.0
8a48b2a70b07fff,0.0,0.0,0.0,0.0,0.0,0.0
8a48b2a70b0ffff,1.0,0.0,0.0,0.0,0.0,0.0
8a48b2a70b37fff,0.0,0.0,0.0,0.0,0.0,0.0
8a48b2a70b67fff,0.0,0.0,0.0,0.0,0.0,0.0
8a48b2a70baffff,0.0,0.0,0.0,0.0,0.0,0.0
8a48b2a70c4ffff,0.0,0.0,1.0,1.0,0.0,0.0
8a48b2a71007fff,1.0,0.0,0.0,0.0,0.0,0.0
8a48b2a7104ffff,0.0,0.0,0.0,0.0,0.0,0.0
8a48b2a7118ffff,0.0,0.0,1.0,0.0,0.0,0.0
8a48b2a711b7fff,1.0,0.0,0.0,0.0,0.0,0.0
8a48b2a71307fff,1.0,0.0,0.0,0.0,0.0,0.0
8a48b2a71347fff,1.0,0.0,0.0,0.0,0.0,0.0
8a48b2a71537fff,0.0,0.0,0.0,0.0,0.0,0.0
8a48b2a7181ffff,5.0,0.0,0.0,0.0,0.0,0.0
8a48b2a7184ffff,2.0,0.0,0.0,0.0,0.0,0.0
8a48b2a71857fff,1.0,0.0,0.0,0.0,0.0,0.0
8a48b2a7185ffff,4.0,0.0,4.0,0.0,2.0,0.0
8a48b2a71887fff,1.0,0.0,0.0,0.0,0.0,0.0
8a48b2a718a7fff,1.0,0.0,0.0,0.0,0.0,0.0
8a48b2a718affff,4.0,0.0,0.0,0.0,0.0,0.0
8a48b2a718e7fff,2.0,0.0,0.0,0.0,0.0,0.0
8a48b2a718effff,1.0,0.0,0.0,0.0,0.0,0.0
8a48b2a71957fff,0.0,0.0,0.0,0.0,0.0,0.0
8a48b2a7195ffff,0.0,0.0,0.0,0.0,0.0,0.0
8a48b2a71977fff,1.0,0.0,0.0,0.0,0.0,0.0
8a48b2a7199ffff,0.0,0.0,0.0,0.0,0.0,1.0
8a48b2a71a1ffff,0.0,0.0,0.0,0.0,0.0,0.0
8a48b2a71a27fff,3.0,0.0,2.0,0.0,0.0,1.0
8a48b2a71a2ffff,2.0,0.0,4.0,1.0,0.0,0.0
8a48b2a71a37fff,0.0,0.0,0.0,0.0,0.0,0.0
8a48b2a71a6ffff,3.0,0.0,1.0,0.0,0.0,0.0
8a48b2a71ad7fff,1.0,0.0,0.0,0.0,0.0,0.0
8a48b2a71b07fff,0.0,0.0,0.0,0.0,0.0,0.0
8a48b2a71b1ffff,1.0,0.0,1.0,0.0,1.0,0.0
8a48b2a71b27fff,1.0,0.0,0.0,0.0,0.0,0.0
8a48b2a71b2ffff,2.0,0.0,2.0,1.0,1.0,0.0
8a48b2a71b57fff,0.0,0.0,3.0,0.0,0.0,0.0
8a48b2a71b5ffff,4.0,0.0,0.0,0.0,0.0,1.0
8a48b2a71b67fff,0.0,0.0,1.0,1.0,0.0,0.0
8a48b2a71b6ffff,0.0,0.0,0.0,0.0,0.0,0.0
8a48b2a71b77fff,0.0,0.0,0.0,0.0,0.0,0.0
8a48b2a71ba7fff,4.0,0.0,0.0,0.0,0.0,0.0
8a48b2a71baffff,1.0,0.0,0.0,0.0,0.0,0.0
8a48b2a71c07fff,1.0,0.0,0.0,0.0,0.0,0.0
8a48b2a71c17fff,0.0,0.0,0.0,0.0,0.0,0.0
8a48b2a71c37fff,1.0,0.0,0.0,0.0,0.0,0.0
8a48b2a71c47fff,2.0,0.0,0.0,0.0,0.0,0.0
8a48b2a71c57fff,1.0,0.0,0.0,0.0,0.0,0.0
8a48b2a71c5ffff,1.0,0.0,0.0,0.0,0.0,0.0
8a48b2a71c87fff,0.0,0.0,0.0,0.0,0.0,0.0
8a48b2a71c9ffff,1.0,0.0,1.0,1.0,0.0,0.0
8a48b2a71cb7fff,3.0,0.0,0.0,0.0,0.0,0.0
8a48b2a71ccffff,2.0,0.0,0.0,0.0,0.0,0.0
8a48b2a71cd7fff,1.0,0.0,0.0,0.0,0.0,0.0
8a48b2a71cf7fff,1.0,0.0,0.0,0.0,0.0,0.0
8a48b2a71d17fff,1.0,0.0,0.0,0.0,0.0,0.0
8a48b2a71d1ffff,2.0,0.0,0.0,0.0,0.0,0.0
8a48b2a71d47fff,3.0,0.0,0.0,0.0,0.0,0.0
8a48b2a71d5ffff,2.0,0.0,0.0,0.0,0.0,0.0
8a48b2a71d67fff,1.0,0.0,0.0,0.0,0.0,0.0
8a48b2a71d77fff,2.0,0.0,0.0,0.0,0.0,0.0
8a48b2a71d8ffff,1.0,0.0,0.0,0.0,0.0,0.0
8a48b2a71d9ffff,2.0,0.0,0.0,0.0,0.0,0.0
8a48b2a71da7fff,2.0,0.0,1.0,0.0,0.0,0.0
8a48b2a71db7fff,3.0,0.0,0.0,0.0,0.0,1.0
8a48b2a7504ffff,0.0,0.0,0.0,0.0,0.0,0.0
8a48b2a7505ffff,1.0,0.0,0.0,0.0,0.0,0.0
8a48b2a750effff,0.0,0.0,0.0,0.0,0.0,0.0
8a48b2a7514ffff,0.0,0.0,0.0,0.0,0.0,0.0
8a48b2a75217fff,0.0,0.0,0.0,0.0,0.0,0.0
8a48b2a7522ffff,0.0,0.0,0.0,0.0,0.0,0.0
8a48b2a75247fff,0.0,0.0,2.0,1.0,0.0,0.0
8a48b2a7524ffff,0.0,0.0,1.0,1.0,0.0,0.0
8a48b2a7525ffff,0.0,0.0,0.0,0.0,0.0,0.0
8a48b2a75267fff,0.0,0.0,1.0,1.0,0.0,0.0
8a48b2a75277fff,0.0,0.0,0.0,0.0,0.0,0.0
8a48b2a75287fff,1.0,0.0,0.0,0.0,0.0,0.0
8a48b2a7528ffff,0.0,0.0,1.0,0.0,0.0,0.0
8a48b2a752a7fff,0.0,0.0,0.0,0.0,0.0,1.0
8a48b2a752affff,1.0,0.0,0.0,0.0,0.0,0.0
8a48b2a752b7fff,0.0,0.0,0.0,0.0,0.0,0.0
8a48b2a752d7fff,1.0,0.0,2.0,0.0,0.0,0.0
8a48b2a752effff,0.0,0.0,0.0,0.0,0.0,0.0
8a48b2a752f7fff,0.0,0.0,0.0,0.0,0.0,1.0
8a48b2a7530ffff,0.0,0.0,0.0,0.0,0.0,0.0
8a48b2a75347fff,0.0,0.0,1.0,1.0,0.0,1.0
8a48b2a7535ffff,1.0,0.0,2.0,0.0,1.0,0.0
8a48b2a75367fff,1.0,0.0,0.0,0.0,0.0,0.0
8a48b2a75377fff,0.0,0.0,0.0,0.0,0.0,0.0
8a48b2a75387fff,0.0,0.0,0.0,0.0,0.0,0.0
8a48b2a7538ffff,0.0,0.0,0.0,0.0,0.0,0.0
8a48b2a75397fff,1.0,0.0,0.0,0.0,0.0,0.0
8a48b2a7539ffff,0.0,0.0,0.0,0.0,0.0,0.0
8a48b2a753a7fff,0.0,0.0,0.0,0.0,0.0,0.0
8a48b2a7549ffff,1.0,0.0,0.0,0.0,0.0,0.0
8a48b2a754affff,0.0,0.0,0.0,0.0,0.0,0.0
8a48b2a754c7fff,0.0,0.0,0.0,0.0,0.0,0.0
8a48b2a75607fff,0.0,0.0,0.0,0.0,0.0,0.0
8a48b2a7561ffff,0.0,0.0,0.0,0.0,0.0,0.0
8a48b2a75637fff,0.0,0.0,1.0,0.0,0.0,0.0
8a48b2a756b7fff,1.0,0.0,0.0,0.0,0.0,0.0
8a48b2a756c7fff,0.0,0.0,0.0,0.0,0.0,0.0
8a48b2a756dffff,0.0,0.0,0.0,0.0,0.0,0.0
8a48b2a7571ffff,0.0,0.0,0.0,0.0,0.0,0.0
8a48b2a75747fff,1.0,0.0,0.0,0.0,0.0,0.0
8a48b2a7574ffff,1.0,0.0,5.0,2.0,3.0,0.0
8a48b2a75757fff,1.0,0.0,0.0,0.0,0.0,0.0
8a48b2a7575ffff,0.0,0.0,0.0,0.0,0.0,0.0
8a48b2a7576ffff,0.0,0.0,0.0,0.0,0.0,0.0
8a48b2a7578ffff,1.0,0.0,1.0,0.0,1.0,0.0
8a48b2a757affff,1.0,0.0,0.0,0.0,0.0,0.0
8a48b2a7581ffff,0.0,0.0,0.0,0.0,0.0,0.0
8a48b2a7582ffff,0.0,0.0,0.0,0.0,0.0,0.0
8a48b2a75867fff,0.0,0.0,3.0,1.0,2.0,0.0
8a48b2a7586ffff,0.0,0.0,0.0,0.0,0.0,0.0
8a48b2a75947fff,0.0,0.0,0.0,0.0,0.0,0.0
8a48b2a75a17fff,0.0,0.0,0.0,0.0,0.0,0.0
8a48b2a75a1ffff,0.0,0.0,0.0,0.0,0.0,0.0
8a48b2a75a27fff,1.0,0.0,0.0,0.0,0.0,0.0
8a48b2a75a37fff,0.0,0.0,0.0,0.0,0.0,0.0
8a48b2a75a57fff,0.0,0.0,0.0,0.0,0.0,0.0
8a48b2a75ac7fff,0.0,0.0,0.0,0.0,0.0,0.0
8a48b2a75adffff,1.0,0.0,1.0,1.0,0.0,0.0
8a48b2a75ae7fff,2.0,0.0,0.0,0.0,0.0,0.0
8a48b2a75af7fff,0.0,0.0,0.0,0.0,0.0,1.0
8a48b2a75b47fff,0.0,0.0,0.0,0.0,0.0,0.0
8a48b2a75b5ffff,0.0,0.0,0.0,0.0,0.0,1.0
8a48b2a75baffff,1.0,0.0,0.0,0.0,0.0,0.0
8a48b2b48277fff,1.0,0.0,0.0,0.0,0.0,0.0
8a48b2b482affff,0.0,0.0,0.0,0.0,0.0,1.0
8a48b2b482e7fff,1.0,0.0,0.0,0.0,0.0,0.0
8a48b2b482effff,0.0,0.0,0.0,0.0,0.0,1.0
8a48b2b486effff,0.0,0.0,0.0,0.0,0.0,0.0
8a48b2b48aeffff,1.0,0.0,0.0,0.0,0.0,0.0
8a48b2b49127fff,1.0,0.0,0.0,0.0,0.0,0.0
8a48b2b49597fff,0.0,0.0,0.0,0.0,0.0,1.0
8a48b2b49d97fff,1.0,0.0,0.0,0.0,0.0,0.0
8a48b2b4ab4ffff,0.0,0.0,1.0,0.0,0.0,0.0
8a48b2b4b007fff,0.0,0.0,0.0,0.0,0.0,0.0
8a48b2b4b00ffff,0.0,0.0,0.0,0.0,0.0,0.0
8a48b2b4b067fff,0.0,0.0,0.0,0.0,0.0,0.0
8a48b2b4b077fff,0.0,0.0,0.0,0.0,0.0,0.0
8a48b2b4b10ffff,1.0,0.0,0.0,0.0,0.0,0.0
8a48b2b4b21ffff,1.0,0.0,0.0,0.0,0.0,0.0
8a48b2b4b247fff,2.0,0.0,0.0,0.0,0.0,0.0
8a48b2b4b25ffff,0.0,0.0,0.0,0.0,0.0,0.0
8a48b2b4b2b7fff,3.0,0.0,0.0,0.0,0.0,0.0
8a48b2b4b2cffff,0.0,0.0,0.0,0.0,0.0,0.0
8a48b2b4b2dffff,1.0,0.0,0.0,0.0,0.0,0.0
8a48b2b4b357fff,1.0,0.0,0.0,0.0,0.0,0.0
8a48b2b4b387fff,2.0,0.0,0.0,0.0,0.0,0.0
8a48b2b4b3a7fff,1.0,0.0,0.0,0.0,0.0,0.0
8a48b2b4b417fff,0.0,0.0,0.0,0.0,0.0,0.0
8a48b2b4b41ffff,0.0,0.0,2.0,0.0,2.0,0.0
8a48b2b4b437fff,0.0,0.0,1.0,1.0,0.0,0.0
8a48b2b4b487fff,1.0,0.0,0.0,0.0,0.0,0.0
8a48b2b4b4a7fff,0.0,0.0,1.0,1.0,0.0,1.0
8a48b2b4b4c7fff,0.0,0.0,0.0,0.0,0.0,0.0
8a48b2b4b4dffff,1.0,0.0,0.0,0.0,0.0,0.0
8a48b2b4b4e7fff,1.0,0.0,0.0,0.0,0.0,0.0
8a48b2b4b4f7fff,1.0,0.0,0.0,0.0,0.0,0.0
8a48b2b4b66ffff,1.0,0.0,0.0,0.0,0.0,1.0
8a48b2b4b6a7fff,0.0,0.0,0.0,0.0,0.0,0.0
8a48b2b4b6c7fff,1.0,0.0,0.0,0.0,0.0,0.0
8a48b2b4b6dffff,0.0,0.0,0.0,0.0,0.0,0.0
8a48b2b4b78ffff,0.0,0.0,0.0,0.0,0.0,0.0
8a48b2b4b847fff,5.0,0.0,0.0,0.0,0.0,0.0
8a48b2b4b867fff,0.0,0.0,0.0,0.0,0.0,1.0
8a48b2b4b947fff,0.0,0.0,0.0,0.0,0.0,1.0
8a48b2b4b96ffff,2.0,0.0,0.0,0.0,0.0,0.0
8a48b2b4ba97fff,1.0,0.0,0.0,0.0,0.0,0.0
8a48b2b4bab7fff,2.0,0.0,0.0,0.0,0.0,0.0
8a48b2b4bb9ffff,2.0,0.0,0.0,0.0,0.0,0.0
8a48b2b4bd6ffff,0.0,0.0,0.0,0.0,0.0,0.0
8a48b2b4d4cffff,1.0,0.0,0.0,0.0,0.0,0.0
8a48b2b4d547fff,1.0,0.0,0.0,0.0,0.0,0.0
8a48b2b4d567fff,1.0,0.0,0.0,0.0,0.0,0.0
8a48b2b4dc0ffff,0.0,0.0,0.0,0.0,0.0,1.0
8a48b2b4dc67fff,1.0,0.0,0.0,0.0,0.0,0.0
8a48b2b4dccffff,1.0,0.0,0.0,0.0,0.0,0.0
8a48b2b4dceffff,1.0,0.0,0.0,0.0,0.0,2.0
8a48b2b4dd5ffff,1.0,0.0,0.0,0.0,0.0,0.0
8a48b2b5b68ffff,0.0,0.0,2.0,0.0,0.0,0.0
8a48b3d3409ffff,3.0,0.0,0.0,0.0,0.0,0.0
8a48b3d3426ffff,1.0,0.0,0.0,0.0,0.0,0.0
8a48b3d34387fff,1.0,0.0,0.0,0.0,0.0,0.0
8a48b3d34397fff,1.0,0.0,0.0,0.0,0.0,0.0
8a48b3d3440ffff,1.0,0.0,0.0,0.0,0.0,0.0
8a48b3d34477fff,0.0,0.0,0.0,0.0,0.0,2.0
8a48b3d3458ffff,0.0,0.0,0.0,0.0,0.0,1.0
8a48b3d3502ffff,1.0,0.0,0.0,0.0,0.0,0.0
8a48b3d35037fff,0.0,0.0,0.0,0.0,0.0,1.0
8a48b3d35067fff,1.0,0.0,0.0,0.0,0.0,0.0
8a48b3d35077fff,3.0,0.0,0.0,0.0,0.0,0.0
8a48b3d35147fff,1.0,0.0,0.0,0.0,0.0,0.0
8a48b3d35197fff,2.0,0.0,0.0,0.0,0.0,0.0
8a48b3d351affff,1.0,0.0,0.0,0.0,0.0,0.0
8a48b3d35417fff,1.0,0.0,0.0,0.0,0.0,0.0
8a48b3d3550ffff,0.0,0.0,0.0,0.0,0.0,1.0
8a48b3d3581ffff,1.0,0.0,0.0,0.0,0.0,0.0
8a48b3d35827fff,0.0,0.0,1.0,1.0,0.0,0.0
8a48b3d358e7fff,1.0,0.0,0.0,0.0,0.0,0.0
8a48b3d35957fff,4.0,0.0,0.0,0.0,0.0,0.0
8a48b3d35ccffff,1.0,0.0,0.0,0.0,0.0,1.0
