,axa,axa_moto,atus_ksi,atus_vru,atus_moto,fis_hom
8a48b02c90e7fff,0.0,0.0,0.0,0.0,0.0,1.0
8a48b02ca39ffff,1.0,0.0,0.0,0.0,0.0,0.0
8a48b02ca44ffff,0.0,0.0,0.0,0.0,0.0,0.0
8a48b02ca4cffff,0.0,0.0,0.0,0.0,0.0,0.0
8a48b02ca627fff,0.0,0.0,0.0,0.0,0.0,0.0
8a48b02ca62ffff,0.0,0.0,0.0,0.0,0.0,0.0
8a48b02ca637fff,0.0,0.0,0.0,0.0,0.0,0.0
8a48b02ca747fff,0.0,0.0,0.0,0.0,0.0,1.0
8a48b02ca75ffff,0.0,0.0,0.0,0.0,0.0,0.0
8a48b02ca76ffff,0.0,0.0,0.0,0.0,0.0,1.0
8a48b02ca787fff,0.0,0.0,0.0,0.0,0.0,0.0
8a48b02ca797fff,0.0,0.0,1.0,1.0,0.0,0.0
8a48b02ca7affff,0.0,0.0,0.0,0.0,0.0,0.0
8a48b02ca997fff,0.0,0.0,0.0,0.0,0.0,2.0
8a48b02cb287fff,1.0,0.0,0.0,0.0,0.0,0.0
8a48b02cb38ffff,0.0,0.0,0.0,0.0,0.0,0.0
8a48b02cb3a7fff,0.0,0.0,0.0,0.0,0.0,0.0
8a48b02cb3affff,0.0,0.0,0.0,0.0,0.0,0.0
8a48b02cb607fff,0.0,0.0,0.0,0.0,0.0,0.0
8a48b02cb60ffff,0.0,0.0,0.0,0.0,0.0,0.0
8a48b02cbc5ffff,0.0,0.0,0.0,0.0,0.0,0.0
8a48b02d9b0ffff,0.0,0.0,0.0,0.0,0.0,0.0
8a48b02d9b1ffff,0.0,0.0,1.0,0.0,0.0,0.0
8a48b02d9b27fff,0.0,0.0,0.0,0.0,0.0,0.0
8a48b02d9b37fff,0.0,0.0,0.0,0.0,0.0,0.0
8a48b02da0affff,1.0,0.0,0.0,0.0,0.0,0.0
8a48b02da8c7fff,1.0,0.0,0.0,0.0,0.0,0.0
8a48b02da947fff,1.0,0.0,0.0,0.0,0.0,0.0
8a48b02dab8ffff,1.0,0.0,0.0,0.0,0.0,0.0
8a48b02db627fff,0.0,0.0,0.0,0.0,0.0,0.0
8a48b02db717fff,0.0,0.0,0.0,0.0,0.0,0.0
8a48b02de247fff,0.0,0.0,0.0,0.0,0.0,1.0
8a48b02de2dffff,1.0,0.0,0.0,0.0,0.0,0.0
8a48b148420ffff,1.0,0.0,0.0,0.0,0.0,0.0
8a48b14847affff,1.0,0.0,0.0,0.0,0.0,0.0
8a48b1486a27fff,0.0,0.0,0.0,0.0,0.0,1.0
8a48b1486c87fff,0.0,0.0,0.0,0.0,0.0,0.0
8a48b1486c97fff,0.0,0.0,0.0,0.0,0.0,0.0
8a48b1486cc7fff,0.0,0.0,0.0,0.0,0.0,1.0
8a48b1486ceffff,0.0,0.0,0.0,0.0,0.0,0.0
8a48b14a4daffff,1.0,0.0,0.0,0.0,0.0,0.0
8a48b14aaa67fff,0.0,0.0,0.0,0.0,0.0,1.0
8a48b14aaa77fff,0.0,0.0,0.0,0.0,0.0,1.0
8a48b14aac07fff,1.0,0.0,0.0,0.0,0.0,0.0
8a48b14b026ffff,0.0,0.0,0.0,0.0,0.0,1.0
8a48b14b040ffff,1.0,0.0,0.0,0.0,0.0,0.0
8a48b14b0457fff,1.0,0.0,0.0,0.0,0.0,0.0
8a48b14b0527fff,1.0,0.0,0.0,0.0,0.0,0.0
8a48b14b0537fff,1.0,0.0,0.0,0.0,0.0,0.0
8a48b14b061ffff,0.0,0.0,0.0,0.0,0.0,1.0
8a48b14b06c7fff,0.0,0.0,0.0,0.0,0.0,0.0
8a48b14b0867fff,1.0,0.0,0.0,0.0,0.0,0.0
8a48b14b089ffff,0.0,0.0,0.0,0.0,0.0,0.0
8a48b14b08f7fff,2.0,0.0,0.0,0.0,0.0,0.0
8a48b14b0cc7fff,0.0,0.0,3.0,0.0,0.0,0.0
8a48b14b0cf7fff,0.0,0.0,0.0,0.0,0.0,1.0
8a48b14b1587fff,0.0,0.0,0.0,0.0,0.0,1.0
8a48b14b2907fff,1.0,0.0,0.0,0.0,0.0,0.0
8a48b14b299ffff,1.0,0.0,0.0,0.0,0.0,0.0
8a48b14b3007fff,0.0,0.0,0.0,0.0,0.0,0.0
8a48b14b3017fff,0.0,0.0,0.0,0.0,0.0,0.0
8a48b14b3067fff,0.0,0.0,0.0,0.0,0.0,0.0
8a48b14b3147fff,0.0,0.0,0.0,0.0,0.0,0.0
8a48b14b3167fff,0.0,0.0,0.0,0.0,0.0,0.0
8a48b14b320ffff,0.0,0.0,0.0,0.0,0.0,1.0
8a48b14b322ffff,0.0,0.0,0.0,0.0,0.0,0.0
8a48b14b3237fff,2.0,0.0,0.0,0.0,0.0,0.0
8a48b14b3307fff,3.0,0.0,0.0,0.0,0.0,0.0
8a48b14b330ffff,0.0,0.0,0.0,0.0,0.0,0.0
8a48b14b3317fff,1.0,0.0,0.0,0.0,0.0,0.0
8a48b14b3357fff,0.0,0.0,0.0,0.0,0.0,0.0
8a48b14b335ffff,0.0,0.0,0.0,0.0,0.0,1.0
8a48b14b336ffff,1.0,0.0,0.0,0.0,0.0,0.0
8a48b14b339ffff,1.0,0.0,0.0,0.0,0.0,0.0
8a48b14b3887fff,1.0,0.0,0.0,0.0,0.0,0.0
8a48b14b388ffff,1.0,0.0,0.0,0.0,0.0,0.0
8a48b14b38a7fff,0.0,0.0,0.0,0.0,0.0,0.0
8a48b14b38d7fff,0.0,0.0,0.0,0.0,0.0,0.0
8a48b14b3967fff,0.0,0.0,1.0,1.0,0.0,0.0
8a48b14b399ffff,1.0,0.0,0.0,0.0,0.0,0.0
8a48b14b3a8ffff,1.0,0.0,0.0,0.0,0.0,0.0
8a48b14b3a9ffff,1.0,0.0,0.0,0.0,0.0,0.0
8a48b14b4437fff,0.0,0.0,0.0,0.0,0.0,0.0
8a48b14b4467fff,1.0,0.0,0.0,0.0,0.0,0.0
8a48b14b4477fff,1.0,0.0,0.0,0.0,0.0,0.0
8a48b14b452ffff,0.0,0.0,0.0,0.0,0.0,0.0
8a48b14b454ffff,0.0,0.0,0.0,0.0,0.0,0.0
8a48b14b4567fff,0.0,0.0,0.0,0.0,0.0,0.0
8a48b14b45a7fff,1.0,0.0,0.0,0.0,0.0,0.0
8a48b14b45affff,0.0,0.0,0.0,0.0,0.0,0.0
8a48b14b4c0ffff,1.0,0.0,0.0,0.0,0.0,0.0
8a48b14b4c17fff,1.0,0.0,0.0,0.0,0.0,0.0
8a48b14b4c27fff,1.0,0.0,0.0,0.0,0.0,0.0
8a48b14b4c37fff,0.0,0.0,0.0,0.0,0.0,0.0
8a48b14b4c87fff,0.0,0.0,0.0,0.0,0.0,0.0
8a48b14b4c8ffff,1.0,0.0,0.0,0.0,0.0,0.0
8a48b14b4caffff,0.0,0.0,1.0,1.0,0.0,0.0
8a48b14b4cb7fff,0.0,0.0,0.0,0.0,0.0,0.0
8a48b14b4cf7fff,0.0,0.0,1.0,1.0,0.0,0.0
8a48b14b4d1ffff,0.0,0.0,1.0,0.0,1.0,0.0
8a48b14b4d2ffff,0.0,0.0,0.0,0.0,0.0,0.0
8a48b14b4da7fff,1.0,0.0,2.0,0.0,0.0,0.0
8a48b14b4db7fff,0.0,0.0,0.0,0.0,0.0,0.0
8a48b14b5497fff,1.0,0.0,0.0,0.0,0.0,0.0
8a48b14b6017fff,1.0,0.0,1.0,0.0,1.0,0.0
8a48b14b601ffff,1.0,0.0,0.0,0.0,0.0,0.0
8a48b14b6027fff,1.0,0.0,0.0,0.0,0.0,0.0
8a48b14b6037fff,0.0,0.0,0.0,0.0,0.0,0.0
8a48b14b60a7fff,2.0,0.0,3.0,0.0,0.0,0.0
8a48b14b60e7fff,0.0,0.0,1.0,0.0,0.0,2.0
8a48b14b60effff,0.0,0.0,0.0,0.0,0.0,0.0
8a48b14b6107fff,0.0,0.0,0.0,0.0,0.0,0.0
8a48b14b610ffff,1.0,0.0,1.0,0.0,1.0,0.0
8a48b14b6127fff,1.0,0.0,0.0,0.0,0.0,0.0
8a48b14b6137fff,1.0,0.0,0.0,0.0,0.0,0.0
8a48b14b6187fff,0.0,0.0,0.0,0.0,0.0,0.0
8a48b14b619ffff,0.0,0.0,11.0,1.0,0.0,0.0
8a48b14b61affff,0.0,0.0,0.0,0.0,0.0,0.0
8a48b14b6227fff,1.0,0.0,1.0,0.0,0.0,0.0
8a48b14b6247fff,0.0,0.0,0.0,0.0,0.0,0.0
8a48b14b624ffff,0.0,0.0,2.0,0.0,0.0,0.0
8a48b14b626ffff,0.0,0.0,0.0,0.0,0.0,1.0
8a48b14b6277fff,0.0,0.0,0.0,0.0,0.0,0.0
8a48b14b635ffff,0.0,0.0,0.0,0.0,0.0,0.0
8a48b14b63a7fff,0.0,0.0,2.0,0.0,0.0,0.0
8a48b14b63b7fff,1.0,0.0,0.0,0.0,0.0,0.0
8a48b14b6507fff,0.0,0.0,1.0,0.0,0.0,0.0
8a48b14b651ffff,0.0,0.0,0.0,0.0,0.0,1.0
8a48b14b6527fff,1.0,0.0,0.0,0.0,0.0,0.0
8a48b14b652ffff,0.0,0.0,0.0,0.0,0.0,0.0
8a48b14b6537fff,0.0,0.0,2.0,0.0,0.0,0.0
8a48b14b6567fff,1.0,0.0,0.0,0.0,0.0,0.0
8a48b14b656ffff,0.0,0.0,2.0,0.0,0.0,0.0
8a48b14b6637fff,1.0,0.0,0.0,0.0,0.0,0.0
8a48b14b6737fff,1.0,0.0,0.0,0.0,0.0,0.0
8a48b14b6807fff,2.0,0.0,0.0,0.0,0.0,0.0
8a48b14b682ffff,0.0,0.0,0.0,0.0,0.0,1.0
8a48b14b688ffff,2.0,0.0,0.0,0.0,0.0,0.0
8a48b14b68a7fff,0.0,0.0,0.0,0.0,0.0,1.0
8a48b14b68dffff,1.0,0.0,0.0,0.0,0.0,0.0
8a48b14b68effff,1.0,0.0,0.0,0.0,0.0,0.0
8a48b14b68f7fff,1.0,0.0,0.0,0.0,0.0,0.0
8a48b14b692ffff,3.0,0.0,0.0,0.0,0.0,0.0
8a48b14b69affff,1.0,0.0,0.0,0.0,0.0,0.0
8a48b14b6a17fff,0.0,0.0,0.0,0.0,0.0,0.0
8a48b14b6acffff,0.0,0.0,0.0,0.0,0.0,1.0
8a48b14b6c0ffff,0.0,0.0,0.0,0.0,0.0,0.0
8a48b14b6c27fff,0.0,0.0,0.0,0.0,0.0,1.0
8a48b14b6c57fff,0.0,0.0,0.0,0.0,0.0,0.0
8a48b14b6c6ffff,0.0,0.0,0.0,0.0,0.0,0.0
8a48b14b6c77fff,1.0,0.0,0.0,0.0,0.0,1.0
8a48b14b6c9ffff,0.0,0.0,0.0,0.0,0.0,0.0
8a48b14b6caffff,0.0,0.0,0.0,0.0,0.0,0.0
8a48b14b6cd7fff,0.0,0.0,0.0,0.0,0.0,0.0
8a48b14b6cdffff,0.0,0.0,0.0,0.0,0.0,1.0
8a48b14b6d2ffff,0.0,0.0,0.0,0.0,0.0,0.0
8a48b14b6d4ffff,0.0,0.0,0.0,0.0,0.0,0.0
8a48b14b6d5ffff,0.0,0.0,0.0,0.0,0.0,0.0
8a48b14b6d6ffff,1.0,0.0,0.0,0.0,0.0,0.0
8a48b14b6d87fff,1.0,0.0,0.0,0.0,0.0,0.0
8a48b14b6d8ffff,0.0,0.0,0.0,0.0,0.0,0.0
8a48b14b6daffff,0.0,0.0,1.0,1.0,0.0,0.0
8a48b1580057fff,0.0,0.0,0.0,0.0,0.0,0.0
8a48b158006ffff,0.0,0.0,0.0,0.0,0.0,0.0
8a48b158009ffff,0.0,0.0,0.0,0.0,0.0,0.0
8a48b15800a7fff,0.0,0.0,0.0,0.0,0.0,0.0
8a48b15800dffff,1.0,0.0,0.0,0.0,0.0,0.0
8a48b15800effff,0.0,0.0,1.0,1.0,0.0,0.0
8a48b15800f7fff,0.0,0.0,0.0,0.0,0.0,0.0
8a48b158021ffff,0.0,0.0,0.0,0.0,0.0,0.0
8a48b1580287fff,0.0,0.0,0.0,0.0,0.0,0.0
8a48b15802b7fff,0.0,0.0,0.0,0.0,0.0,0.0
8a48b15802d7fff,0.0,0.0,0.0,0.0,0.0,1.0
8a48b15802dffff,1.0,0.0,0.0,0.0,0.0,0.0
8a48b158031ffff,0.0,0.0,0.0,0.0,0.0,0.0
8a48b158039ffff,0.0,0.0,0.0,0.0,0.0,0.0
8a48b15803affff,1.0,0.0,0.0,0.0,0.0,0.0
8a48b15804dffff,0.0,0.0,0.0,0.0,0.0,0.0
8a48b158075ffff,1.0,0.0,0.0,0.0,0.0,0.0
8a48b15807a7fff,0.0,0.0,0.0,0.0,0.0,0.0
8a48b158202ffff,0.0,0.0,0.0,0.0,0.0,0.0
8a48b1582157fff,0.0,0.0,1.0,1.0,0.0,0.0
8a48b15822d7fff,0.0,0.0,0.0,0.0,0.0,1.0
8a48b1582627fff,0.0,0.0,0.0,0.0,0.0,0.0
8a48b15827b7fff,0.0,0.0,0.0,0.0,0.0,0.0
8a48b158285ffff,0.0,0.0,0.0,0.0,0.0,0.0
8a48b15828dffff,0.0,0.0,0.0,0.0,0.0,0.0
8a48b1582a6ffff,1.0,0.0,0.0,0.0,0.0,0.0
8a48b1582b17fff,0.0,0.0,0.0,0.0,0.0,0.0
8a48b1582b5ffff,1.0,0.0,0.0,0.0,0.0,0.0
8a48b1582b8ffff,0.0,0.0,0.0,0.0,0.0,0.0
8a48b1582ba7fff,2.0,0.0,0.0,0.0,0.0,0.0
8a48b1582baffff,0.0,0.0,0.0,0.0,0.0,1.0
8a48b158301ffff,0.0,0.0,0.0,0.0,0.0,0.0
8a48b15830affff,0.0,0.0,0.0,0.0,0.0,0.0
8a48b15830cffff,0.0,0.0,0.0,0.0,0.0,0.0
8a48b15830dffff,1.0,0.0,0.0,0.0,0.0,0.0
8a48b158318ffff,0.0,0.0,0.0,0.0,0.0,0.0
8a48b158326ffff,0.0,0.0,0.0,0.0,0.0,0.0
8a48b1583297fff,1.0,0.0,0.0,0.0,0.0,0.0
8a48b1583347fff,0.0,0.0,0.0,0.0,0.0,0.0
8a48b1583367fff,0.0,0.0,0.0,0.0,0.0,0.0
8a48b1583417fff,0.0,0.0,1.0,1.0,0.0,0.0
8a48b1583487fff,0.0,0.0,8.0,0.0,1.0,0.0
8a48b15834a7fff,0.0,0.0,0.0,0.0,0.0,0.0
8a48b15834b7fff,0.0,0.0,0.0,0.0,0.0,0.0
8a48b15834f7fff,1.0,0.0,0.0,0.0,0.0,0.0
8a48b1583527fff,0.0,0.0,0.0,0.0,0.0,0.0
8a48b1583537fff,0.0,0.0,0.0,0.0,0.0,0.0
8a48b1583607fff,0.0,0.0,1.0,1.0,0.0,0.0
8a48b158360ffff,0.0,0.0,0.0,0.0,0.0,0.0
8a48b1583617fff,1.0,0.0,0.0,0.0,0.0,1.0
8a48b1583627fff,0.0,0.0,0.0,0.0,0.0,0.0
8a48b1583637fff,1.0,0.0,0.0,0.0,0.0,1.0
8a48b1583687fff,0.0,0.0,0.0,0.0,0.0,0.0
8a48b158369ffff,0.0,0.0,1.0,0.0,1.0,0.0
8a48b15836a7fff,0.0,0.0,1.0,1.0,0.0,0.0
8a48b15836b7fff,0.0,0.0,0.0,0.0,0.0,0.0
8a48b158374ffff,0.0,0.0,0.0,0.0,0.0,0.0
8a48b158375ffff,0.0,0.0,0.0,0.0,0.0,0.0
8a48b1583767fff,0.0,0.0,0.0,0.0,0.0,0.0
8a48b158376ffff,2.0,0.0,0.0,0.0,0.0,0.0
8a48b158378ffff,1.0,0.0,0.0,0.0,0.0,0.0
8a48b158379ffff,1.0,0.0,0.0,0.0,0.0,0.0
8a48b1583847fff,0.0,0.0,0.0,0.0,0.0,0.0
8a48b158386ffff,1.0,0.0,0.0,0.0,0.0,0.0
8a48b15838effff,0.0,0.0,0.0,0.0,0.0,0.0
8a48b158394ffff,0.0,0.0,2.0,0.0,0.0,0.0
8a48b158396ffff,1.0,0.0,0.0,0.0,0.0,0.0
8a48b1583a1ffff,1.0,0.0,1.0,1.0,0.0,0.0
8a48b1583a37fff,0.0,0.0,0.0,0.0,0.0,0.0
8a48b1583ac7fff,0.0,0.0,0.0,0.0,0.0,0.0
8a48b1583acffff,0.0,0.0,0.0,0.0,0.0,0.0
8a48b1583ad7fff,0.0,0.0,0.0,0.0,0.0,0.0
8a48b1583adffff,0.0,0.0,0.0,0.0,0.0,0.0
8a48b1583ae7fff,0.0,0.0,0.0,0.0,0.0,0.0
8a48b1583af7fff,1.0,0.0,0.0,0.0,0.0,0.0
8a48b1583b17fff,1.0,0.0,0.0,0.0,0.0,0.0
8a48b1583b1ffff,0.0,0.0,0.0,0.0,0.0,0.0
8a48b1583b37fff,1.0,0.0,0.0,0.0,0.0,0.0
8a48b1583c87fff,0.0,0.0,0.0,0.0,0.0,0.0
8a48b1583cb7fff,0.0,0.0,0.0,0.0,0.0,1.0
8a48b1583d77fff,1.0,0.0,0.0,0.0,0.0,0.0
8a48b1583d87fff,2.0,0.0,0.0,0.0,0.0,0.0
8a48b1583d9ffff,0.0,0.0,1.0,1.0,0.0,0.0
8a48b15848f7fff,0.0,0.0,0.0,0.0,0.0,1.0
8a48b1584aaffff,0.0,0.0,0.0,0.0,0.0,0.0
8a48b158581ffff,26.0,0.0,0.0,0.0,0.0,0.0
8a48b1585887fff,1.0,0.0,0.0,0.0,0.0,0.0
8a48b15858e7fff,1.0,0.0,0.0,0.0,0.0,0.0
8a48b15880affff,0.0,0.0,0.0,0.0,0.0,1.0
8a48b158a0affff,0.0,0.0,0.0,0.0,0.0,0.0
8a48b158a187fff,0.0,0.0,2.0,0.0,2.0,0.0
8a48b158a737fff,1.0,0.0,0.0,0.0,0.0,0.0
8a48b158a8b7fff,0.0,0.0,1.0,0.0,0.0,0.0
8a48b158ac07fff,1.0,0.0,0.0,0.0,0.0,0.0
8a48b158ac0ffff,0.0,0.0,0.0,0.0,0.0,0.0
8a48b158ac37fff,0.0,0.0,0.0,0.0,0.0,0.0
8a48b158ac57fff,1.0,0.0,0.0,0.0,0.0,0.0
8a48b158aceffff,0.0,0.0,1.0,1.0,0.0,0.0
8a48b158ad9ffff,0.0,0.0,0.0,0.0,0.0,0.0
8a48b158adaffff,0.0,0.0,0.0,0.0,0.0,0.0
8a48b158adb7fff,0.0,0.0,0.0,0.0,0.0,1.0
8a48b158ccd7fff,1.0,0.0,0.0,0.0,0.0,0.0
8a48b158e457fff,0.0,0.0,0.0,0.0,0.0,0.0
8a48b158e49ffff,1.0,0.0,0.0,0.0,0.0,0.0
8a48b158e4a7fff,1.0,0.0,0.0,0.0,0.0,0.0
8a48b158e4b7fff,2.0,0.0,0.0,0.0,0.0,0.0
8a48b158e4effff,0.0,0.0,1.0,0.0,1.0,0.0
8a48b158e517fff,1.0,0.0,0.0,0.0,0.0,0.0
8a48b158e597fff,2.0,0.0,0.0,0.0,0.0,0.0
8a48b158e59ffff,3.0,0.0,0.0,0.0,0.0,0.0
8a48b158e6affff,0.0,0.0,0.0,0.0,0.0,0.0
8a48b158e807fff,1.0,0.0,0.0,0.0,0.0,0.0
8a48b158e8affff,0.0,0.0,0.0,0.0,0.0,1.0
8a48b158ec47fff,1.0,0.0,0.0,0.0,0.0,0.0
8a48b158ec57fff,0.0,0.0,0.0,0.0,0.0,0.0
8a48b158ec97fff,1.0,0.0,0.0,0.0,0.0,0.0
8a48b159001ffff,0.0,0.0,0.0,0.0,0.0,0.0
8a48b1590047fff,0.0,0.0,1.0,0.0,0.0,0.0
8a48b1590057fff,0.0,0.0,5.0,0.0,0.0,0.0
8a48b159006ffff,0.0,0.0,0.0,0.0,0.0,0.0
8a48b1590327fff,0.0,0.0,1.0,0.0,0.0,0.0
8a48b159042ffff,0.0,0.0,0.0,0.0,0.0,0.0
8a48b159059ffff,0.0,0.0,1.0,1.0,0.0,0.0
8a48b1590a9ffff,0.0,0.0,0.0,0.0,0.0,0.0
8a48b1590ac7fff,0.0,0.0,0.0,0.0,0.0,1.0
8a48b1591097fff,1.0,0.0,0.0,0.0,0.0,0.0
8a48b159109ffff,1.0,0.0,0.0,0.0,0.0,0.0
8a48b159124ffff,1.0,0.0,0.0,0.0,0.0,0.0
8a48b1591257fff,1.0,0.0,0.0,0.0,0.0,0.0
8a48b1591267fff,0.0,0.0,0.0,0.0,0.0,0.0
8a48b1591277fff,1.0,0.0,0.0,0.0,0.0,0.0
8a48b1591287fff,0.0,0.0,0.0,0.0,0.0,0.0
8a48b159128ffff,0.0,0.0,0.0,0.0,0.0,0.0
8a48b1591297fff,0.0,0.0,0.0,0.0,0.0,0.0
8a48b159129ffff,0.0,0.0,0.0,0.0,0.0,0.0
8a48b15912affff,0.0,0.0,0.0,0.0,0.0,1.0
8a48b15912b7fff,0.0,0.0,0.0,0.0,0.0,0.0
8a48b15912cffff,1.0,0.0,0.0,0.0,0.0,0.0
8a48b15912d7fff,0.0,0.0,0.0,0.0,0.0,0.0
8a48b15912dffff,0.0,0.0,0.0,0.0,0.0,0.0
8a48b15912e7fff,2.0,0.0,0.0,0.0,0.0,1.0
8a48b15912effff,1.0,0.0,0.0,0.0,0.0,0.0
8a48b15912f7fff,0.0,0.0,0.0,0.0,0.0,1.0
8a48b159134ffff,1.0,0.0,0.0,0.0,0.0,0.0
8a48b159139ffff,0.0,0.0,0.0,0.0,0.0,0.0
8a48b159141ffff,0.0,0.0,1.0,0.0,1.0,0.0
8a48b159142ffff,0.0,0.0,0.0,0.0,0.0,0.0
8a48b1591437fff,0.0,0.0,1.0,0.0,0.0,0.0
8a48b1591457fff,0.0,0.0,0.0,0.0,0.0,0.0
8a48b159145ffff,0.0,0.0,0.0,0.0,0.0,0.0
8a48b159148ffff,2.0,0.0,0.0,0.0,0.0,0.0
8a48b15914cffff,0.0,0.0,0.0,0.0,0.0,0.0
8a48b15914d7fff,1.0,0.0,0.0,0.0,0.0,0.0
8a48b15914e7fff,0.0,0.0,0.0,0.0,0.0,0.0
8a48b15914f7fff,0.0,0.0,0.0,0.0,0.0,0.0
8a48b1591507fff,0.0,0.0,0.0,0.0,0.0,0.0
8a48b159150ffff,0.0,0.0,0.0,0.0,0.0,0.0
8a48b159152ffff,0.0,0.0,0.0,0.0,0.0,0.0
8a48b159158ffff,0.0,0.0,0.0,0.0,0.0,0.0
8a48b159160ffff,0.0,0.0,0.0,0.0,0.0,0.0
8a48b159161ffff,2.0,0.0,0.0,0.0,0.0,0.0
8a48b1591687fff,0.0,0.0,0.0,0.0,0.0,0.0
8a48b1591697fff,2.0,0.0,0.0,0.0,0.0,0.0
8a48b15916b7fff,0.0,0.0,3.0,0.0,2.0,0.0
8a48b15916c7fff,0.0,0.0,0.0,0.0,0.0,0.0
8a48b15916dffff,0.0,0.0,0.0,0.0,0.0,0.0
8a48b159170ffff,0.0,0.0,0.0,0.0,0.0,0.0
8a48b1591747fff,0.0,0.0,0.0,0.0,0.0,0.0
8a48b159174ffff,2.0,0.0,0.0,0.0,0.0,0.0
8a48b1591757fff,1.0,0.0,0.0,0.0,0.0,0.0
8a48b159175ffff,1.0,0.0,0.0,0.0,0.0,0.0
8a48b159176ffff,1.0,0.0,0.0,0.0,0.0,0.0
8a48b1591777fff,0.0,0.0,0.0,0.0,0.0,0.0
8a48b1591787fff,0.0,0.0,0.0,0.0,0.0,0.0
8a48b159178ffff,1.0,0.0,0.0,0.0,0.0,0.0
8a48b15917affff,2.0,0.0,0.0,0.0,0.0,0.0
8a48b1591807fff,1.0,0.0,0.0,0.0,0.0,0.0
8a48b1591817fff,1.0,0.0,0.0,0.0,0.0,0.0
8a48b159181ffff,1.0,0.0,3.0,0.0,0.0,0.0
8a48b159182ffff,0.0,0.0,0.0,0.0,0.0,1.0
8a48b1591897fff,0.0,0.0,0.0,0.0,0.0,1.0
8a48b15918a7fff,0.0,0.0,0.0,0.0,0.0,0.0
8a48b1591d47fff,2.0,0.0,0.0,0.0,0.0,0.0
8a48b1591da7fff,1.0,0.0,0.0,0.0,0.0,0.0
8a48b1592197fff,0.0,0.0,0.0,0.0,0.0,1.0
8a48b159219ffff,0.0,0.0,1.0,0.0,1.0,0.0
8a48b159242ffff,0.0,0.0,0.0,0.0,0.0,1.0
8a48b1592437fff,0.0,0.0,0.0,0.0,0.0,0.0
8a48b15924f7fff,1.0,0.0,0.0,0.0,0.0,0.0
8a48b159258ffff,0.0,0.0,0.0,0.0,0.0,0.0
8a48b1592597fff,0.0,0.0,0.0,0.0,0.0,0.0
8a48b1592627fff,0.0,0.0,3.0,0.0,0.0,0.0
8a48b159270ffff,0.0,0.0,1.0,1.0,0.0,0.0
8a48b159272ffff,0.0,0.0,0.0,0.0,0.0,1.0
8a48b1592757fff,0.0,0.0,0.0,0.0,0.0,0.0
8a48b159290ffff,0.0,0.0,1.0,1.0,0.0,0.0
8a48b1592957fff,0.0,0.0,1.0,0.0,0.0,0.0
8a48b1592987fff,0.0,0.0,0.0,0.0,0.0,0.0
8a48b1592d27fff,1.0,0.0,0.0,0.0,0.0,0.0
8a48b1592d2ffff,0.0,0.0,3.0,0.0,0.0,0.0
8a48b1593067fff,1.0,0.0,0.0,0.0,0.0,0.0
8a48b159306ffff,0.0,0.0,0.0,0.0,0.0,0.0
8a48b159321ffff,0.0,0.0,0.0,0.0,0.0,0.0
8a48b1593227fff,0.0,0.0,0.0,0.0,0.0,0.0
8a48b1593247fff,0.0,0.0,0.0,0.0,0.0,0.0
8a48b1593257fff,0.0,0.0,1.0,1.0,0.0,0.0
8a48b1593267fff,0.0,0.0,0.0,0.0,0.0,0.0
8a48b1593277fff,3.0,0.0,0.0,0.0,0.0,0.0
8a48b15932cffff,0.0,0.0,0.0,0.0,0.0,0.0
8a48b15932e7fff,0.0,0.0,0.0,0.0,0.0,0.0
8a48b159330ffff,0.0,0.0,0.0,0.0,0.0,0.0
8a48b159332ffff,0.0,0.0,0.0,0.0,0.0,0.0
8a48b159334ffff,0.0,0.0,0.0,0.0,0.0,0.0
8a48b1593357fff,1.0,0.0,0.0,0.0,0.0,0.0
8a48b159335ffff,1.0,0.0,0.0,0.0,0.0,0.0
8a48b1593367fff,0.0,0.0,0.0,0.0,0.0,0.0
8a48b159336ffff,1.0,0.0,0.0,0.0,0.0,0.0
8a48b1593687fff,0.0,0.0,1.0,1.0,0.0,0.0
8a48b15936b7fff,0.0,0.0,0.0,0.0,0.0,0.0
8a48b159380ffff,0.0,0.0,0.0,0.0,0.0,0.0
8a48b1593827fff,0.0,0.0,0.0,0.0,0.0,0.0
8a48b1593847fff,0.0,0.0,0.0,0.0,0.0,0.0
8a48b159384ffff,0.0,0.0,1.0,0.0,1.0,0.0
8a48b1593857fff,0.0,0.0,0.0,0.0,0.0,0.0
8a48b159385ffff,0.0,0.0,0.0,0.0,0.0,0.0
8a48b159386ffff,1.0,0.0,0.0,0.0,0.0,0.0
8a48b1593957fff,0.0,0.0,0.0,0.0,0.0,0.0
8a48b1593a27fff,0.0,0.0,0.0,0.0,0.0,0.0
8a48b1593a2ffff,0.0,0.0,0.0,0.0,0.0,0.0
8a48b1593a47fff,0.0,0.0,0.0,0.0,0.0,0.0
8a48b1593a4ffff,0.0,0.0,0.0,0.0,0.0,0.0
8a48b1593a5ffff,0.0,0.0,0.0,0.0,0.0,0.0
8a48b1593a67fff,0.0,0.0,0.0,0.0,0.0,0.0
8a48b1593a6ffff,0.0,0.0,0.0,0.0,0.0,0.0
8a48b1593a77fff,0.0,0.0,0.0,0.0,0.0,0.0
8a48b1593a87fff,1.0,0.0,0.0,0.0,0.0,0.0
8a48b1593a9ffff,0.0,0.0,0.0,0.0,0.0,0.0
8a48b1593aaffff,0.0,0.0,0.0,0.0,0.0,0.0
8a48b1593ab7fff,0.0,0.0,0.0,0.0,0.0,0.0
8a48b1593ac7fff,0.0,0.0,0.0,0.0,0.0,0.0
8a48b1593ad7fff,0.0,0.0,0.0,0.0,0.0,0.0
8a48b1593b07fff,0.0,0.0,1.0,0.0,1.0,0.0
8a48b1593b0ffff,1.0,0.0,0.0,0.0,0.0,0.0
8a48b1593b1ffff,1.0,0.0,0.0,0.0,0.0,0.0
8a48b1593b27fff,0.0,0.0,0.0,0.0,0.0,0.0
8a48b1593b2ffff,1.0,0.0,0.0,0.0,0.0,0.0
8a48b1593b37fff,0.0,0.0,0.0,0.0,0.0,0.0
8a48b1593b57fff,0.0,0.0,0.0,0.0,0.0,0.0
8a48b1593b6ffff,0.0,0.0,0.0,0.0,0.0,0.0
8a48b1593b77fff,0.0,0.0,1.0,0.0,1.0,0.0
8a48b1593baffff,0.0,0.0,0.0,0.0,0.0,0.0
8a48b1594777fff,0.0,0.0,0.0,0.0,0.0,1.0
8a48b1596327fff,0.0,0.0,0.0,0.0,0.0,1.0
8a48b15966cffff,0.0,0.0,0.0,0.0,0.0,0.0
8a48b15966dffff,1.0,0.0,0.0,0.0,0.0,0.0
8a48b1598007fff,1.0,0.0,0.0,0.0,0.0,0.0
8a48b159802ffff,0.0,0.0,1.0,0.0,1.0,0.0
8a48b1598057fff,0.0,0.0,0.0,0.0,0.0,0.0
8a48b159805ffff,3.0,0.0,0.0,0.0,0.0,0.0
8a48b159810ffff,1.0,0.0,0.0,0.0,0.0,0.0
8a48b159811ffff,1.0,0.0,0.0,0.0,0.0,0.0
8a48b1598127fff,0.0,0.0,0.0,0.0,0.0,0.0
8a48b159812ffff,0.0,0.0,0.0,0.0,0.0,0.0
8a48b1598147fff,1.0,0.0,0.0,0.0,0.0,0.0
8a48b159814ffff,0.0,0.0,0.0,0.0,0.0,0.0
8a48b1598157fff,0.0,0.0,0.0,0.0,0.0,1.0
8a48b1598167fff,0.0,0.0,0.0,0.0,0.0,0.0
8a48b15981b7fff,2.0,0.0,0.0,0.0,0.0,0.0
8a48b159820ffff,2.0,0.0,0.0,0.0,0.0,0.0
8a48b1598217fff,3.0,0.0,0.0,0.0,0.0,0.0
8a48b1598267fff,4.0,0.0,0.0,0.0,0.0,0.0
8a48b1598277fff,4.0,0.0,0.0,0.0,0.0,0.0
8a48b159829ffff,0.0,0.0,0.0,0.0,0.0,0.0
8a48b15982a7fff,1.0,0.0,0.0,0.0,0.0,0.0
8a48b15982d7fff,1.0,0.0,0.0,0.0,0.0,0.0
8a48b15982effff,1.0,0.0,0.0,0.0,0.0,0.0
8a48b1598307fff,1.0,0.0,0.0,0.0,0.0,0.0
8a48b159830ffff,0.0,0.0,0.0,0.0,0.0,0.0
8a48b1598317fff,1.0,0.0,0.0,0.0,0.0,0.0
8a48b159831ffff,1.0,0.0,0.0,0.0,0.0,0.0
8a48b1598327fff,1.0,0.0,0.0,0.0,0.0,0.0
8a48b159832ffff,0.0,0.0,0.0,0.0,0.0,0.0
8a48b1598337fff,1.0,0.0,0.0,0.0,0.0,0.0
8a48b159834ffff,2.0,0.0,0.0,0.0,0.0,0.0
8a48b1598357fff,1.0,0.0,0.0,0.0,0.0,1.0
8a48b159835ffff,1.0,0.0,0.0,0.0,0.0,0.0
8a48b1598377fff,1.0,0.0,0.0,0.0,0.0,0.0
8a48b1598387fff,1.0,0.0,0.0,0.0,0.0,0.0
8a48b159839ffff,5.0,0.0,1.0,1.0,0.0,0.0
8a48b15983a7fff,0.0,0.0,0.0,0.0,0.0,0.0
8a48b15983affff,0.0,0.0,0.0,0.0,0.0,0.0
8a48b15983b7fff,1.0,0.0,0.0,0.0,0.0,0.0
8a48b159842ffff,0.0,0.0,0.0,0.0,0.0,0.0
8a48b1598437fff,2.0,0.0,0.0,0.0,0.0,0.0
8a48b159846ffff,1.0,0.0,0.0,0.0,0.0,0.0
8a48b159848ffff,0.0,0.0,3.0,3.0,0.0,0.0
8a48b159849ffff,3.0,0.0,0.0,0.0,0.0,0.0
8a48b15984b7fff,4.0,0.0,0.0,0.0,0.0,0.0
8a48b1598507fff,1.0,0.0,0.0,0.0,0.0,0.0
8a48b159850ffff,2.0,0.0,0.0,0.0,0.0,0.0
8a48b159851ffff,3.0,0.0,0.0,0.0,0.0,0.0
8a48b1598527fff,2.0,0.0,0.0,0.0,0.0,0.0
8a48b159852ffff,16.0,0.0,13.0,0.0,5.0,1.0
8a48b159855ffff,0.0,0.0,0.0,0.0,0.0,0.0
8a48b1598577fff,5.0,0.0,0.0,0.0,0.0,1.0
8a48b1598597fff,1.0,0.0,0.0,0.0,0.0,0.0
8a48b159859ffff,8.0,0.0,3.0,1.0,0.0,0.0
8a48b15985affff,2.0,0.0,0.0,0.0,0.0,0.0
8a48b1598607fff,3.0,0.0,0.0,0.0,0.0,0.0
8a48b159861ffff,1.0,0.0,0.0,0.0,0.0,0.0
8a48b1598627fff,2.0,0.0,0.0,0.0,0.0,0.0
8a48b1598647fff,1.0,0.0,0.0,0.0,0.0,0.0
8a48b1598677fff,1.0,0.0,0.0,0.0,0.0,0.0
8a48b159868ffff,1.0,0.0,0.0,0.0,0.0,0.0
8a48b15986affff,0.0,0.0,0.0,0.0,0.0,1.0
8a48b15986c7fff,3.0,0.0,0.0,0.0,0.0,0.0
8a48b15986d7fff,2.0,0.0,0.0,0.0,0.0,0.0
8a48b15986dffff,2.0,0.0,0.0,0.0,0.0,0.0
8a48b1598707fff,4.0,0.0,0.0,0.0,0.0,0.0
8a48b159871ffff,1.0,0.0,0.0,0.0,0.0,0.0
8a48b1598737fff,2.0,0.0,0.0,0.0,0.0,0.0
8a48b1598747fff,1.0,0.0,0.0,0.0,0.0,0.0
8a48b1598807fff,5.0,0.0,0.0,0.0,0.0,0.0
8a48b159880ffff,11.0,0.0,1.0,0.0,1.0,0.0
8a48b159881ffff,4.0,0.0,0.0,0.0,0.0,0.0
8a48b159882ffff,4.0,0.0,0.0,0.0,0.0,0.0
8a48b1598837fff,0.0,0.0,0.0,0.0,0.0,0.0
8a48b1598857fff,1.0,0.0,0.0,0.0,0.0,0.0
8a48b159885ffff,1.0,0.0,0.0,0.0,0.0,0.0
8a48b159888ffff,9.0,0.0,4.0,1.0,0.0,0.0
8a48b1598897fff,2.0,0.0,0.0,0.0,0.0,0.0
8a48b159889ffff,4.0,0.0,0.0,0.0,0.0,0.0
8a48b15988a7fff,1.0,0.0,0.0,0.0,0.0,0.0
8a48b15988affff,11.0,0.0,1.0,0.0,0.0,1.0
8a48b15988f7fff,1.0,0.0,0.0,0.0,0.0,0.0
8a48b159890ffff,0.0,0.0,0.0,0.0,0.0,0.0
8a48b1598917fff,2.0,0.0,0.0,0.0,0.0,0.0
8a48b1598927fff,1.0,0.0,0.0,0.0,0.0,0.0
8a48b159892ffff,0.0,0.0,0.0,0.0,0.0,0.0
8a48b1598947fff,6.0,0.0,0.0,0.0,0.0,1.0
8a48b159894ffff,0.0,0.0,0.0,0.0,0.0,0.0
8a48b1598957fff,1.0,0.0,0.0,0.0,0.0,1.0
8a48b159895ffff,6.0,0.0,0.0,0.0,0.0,1.0
8a48b159896ffff,12.0,0.0,7.0,1.0,0.0,3.0
8a48b1598977fff,0.0,0.0,0.0,0.0,0.0,1.0
8a48b1598987fff,1.0,0.0,0.0,0.0,0.0,0.0
8a48b1598997fff,0.0,0.0,0.0,0.0,0.0,0.0
8a48b15989a7fff,1.0,0.0,0.0,0.0,0.0,0.0
8a48b1598a17fff,0.0,0.0,0.0,0.0,0.0,0.0
8a48b1598a6ffff,0.0,0.0,0.0,0.0,0.0,0.0
8a48b1598a8ffff,1.0,0.0,0.0,0.0,0.0,0.0
8a48b1598a97fff,1.0,0.0,0.0,0.0,0.0,0.0
8a48b1598adffff,0.0,0.0,0.0,0.0,0.0,0.0
8a48b1598ae7fff,1.0,0.0,0.0,0.0,0.0,0.0
8a48b1598b07fff,0.0,0.0,0.0,0.0,0.0,0.0
8a48b1598b0ffff,0.0,0.0,0.0,0.0,0.0,0.0
8a48b1598b37fff,1.0,0.0,0.0,0.0,0.0,0.0
8a48b1598b47fff,1.0,0.0,0.0,0.0,0.0,0.0
8a48b1598b5ffff,0.0,0.0,0.0,0.0,0.0,1.0
8a48b1598b77fff,0.0,0.0,0.0,0.0,0.0,0.0
8a48b1598b87fff,1.0,0.0,0.0,0.0,0.0,0.0
8a48b1598ba7fff,0.0,0.0,0.0,0.0,0.0,0.0
8a48b1598bb7fff,1.0,0.0,1.0,0.0,1.0,0.0
8a48b1598c07fff,3.0,0.0,1.0,0.0,0.0,1.0
8a48b1598c0ffff,3.0,0.0,0.0,0.0,0.0,0.0
8a48b1598c17fff,8.0,0.0,2.0,1.0,0.0,0.0
8a48b1598c1ffff,0.0,0.0,0.0,0.0,0.0,0.0
8a48b1598c27fff,0.0,0.0,0.0,0.0,0.0,0.0
8a48b1598c47fff,1.0,0.0,1.0,0.0,0.0,0.0
8a48b1598c4ffff,3.0,0.0,0.0,0.0,0.0,0.0
8a48b1598c57fff,1.0,0.0,0.0,0.0,0.0,0.0
8a48b1598c5ffff,0.0,0.0,0.0,0.0,0.0,0.0
8a48b1598c67fff,0.0,0.0,0.0,0.0,0.0,1.0
8a48b1598c6ffff,5.0,0.0,0.0,0.0,0.0,0.0
8a48b1598c87fff,2.0,0.0,0.0,0.0,0.0,0.0
8a48b1598c8ffff,7.0,0.0,0.0,0.0,0.0,1.0
8a48b1598c9ffff,0.0,0.0,0.0,0.0,0.0,0.0
8a48b1598ca7fff,1.0,0.0,0.0,0.0,0.0,0.0
8a48b1598cb7fff,1.0,0.0,0.0,0.0,0.0,0.0
8a48b1598cc7fff,2.0,0.0,0.0,0.0,0.0,0.0
8a48b1598ccffff,2.0,0.0,0.0,0.0,0.0,0.0
8a48b1598cdffff,5.0,0.0,2.0,0.0,0.0,1.0
8a48b1598ce7fff,1.0,0.0,0.0,0.0,0.0,0.0
8a48b1598ceffff,1.0,0.0,1.0,0.0,0.0,0.0
8a48b1598cf7fff,4.0,0.0,0.0,0.0,0.0,0.0
8a48b1598d07fff,2.0,0.0,2.0,2.0,0.0,0.0
8a48b1598d0ffff,1.0,0.0,0.0,0.0,0.0,0.0
8a48b1598d37fff,1.0,0.0,0.0,0.0,0.0,1.0
8a48b1598d77fff,1.0,0.0,0.0,0.0,0.0,0.0
8a48b1598d87fff,3.0,0.0,0.0,0.0,0.0,0.0
8a48b1598d8ffff,6.0,0.0,0.0,0.0,0.0,1.0
8a48b1598d97fff,6.0,0.0,1.0,1.0,0.0,0.0
8a48b1598d9ffff,5.0,0.0,4.0,0.0,2.0,0.0
8a48b159949ffff,7.0,0.0,0.0,0.0,0.0,0.0
8a48b1599587fff,2.0,0.0,0.0,0.0,0.0,0.0
8a48b159982ffff,0.0,0.0,0.0,0.0,0.0,0.0
8a48b1599937fff,0.0,0.0,1.0,0.0,0.0,0.0
8a48b1599c17fff,0.0,0.0,0.0,0.0,0.0,0.0
8a48b1599c1ffff,1.0,0.0,0.0,0.0,0.0,0.0
8a48b1599cf7fff,0.0,0.0,0.0,0.0,0.0,0.0
8a48b1599d9ffff,0.0,0.0,0.0,0.0,0.0,0.0
8a48b1599db7fff,0.0,0.0,0.0,0.0,0.0,0.0
8a48b159a017fff,3.0,0.0,0.0,0.0,0.0,0.0
8a48b159a01ffff,1.0,0.0,0.0,0.0,0.0,0.0
8a48b159a037fff,0.0,0.0,0.0,0.0,0.0,0.0
8a48b159a057fff,0.0,0.0,0.0,0.0,0.0,0.0
8a48b159a0affff,1.0,0.0,0.0,0.0,0.0,0.0
8a48b159a0cffff,1.0,0.0,0.0,0.0,0.0,1.0
8a48b159a0effff,1.0,0.0,1.0,1.0,0.0,1.0
8a48b159a117fff,0.0,0.0,0.0,0.0,0.0,1.0
8a48b159a137fff,7.0,0.0,0.0,0.0,0.0,0.0
8a48b159a187fff,1.0,0.0,0.0,0.0,0.0,0.0
8a48b159a1b7fff,5.0,0.0,0.0,0.0,0.0,0.0
8a48b159a227fff,3.0,0.0,0.0,0.0,0.0,0.0
8a48b159a22ffff,3.0,0.0,0.0,0.0,0.0,0.0
8a48b159a24ffff,1.0,0.0,0.0,0.0,0.0,0.0
8a48b159a267fff,1.0,0.0,0.0,0.0,0.0,0.0
8a48b159a26ffff,0.0,0.0,0.0,0.0,0.0,0.0
8a48b159a297fff,1.0,0.0,0.0,0.0,0.0,0.0
8a48b159a307fff,1.0,0.0,0.0,0.0,0.0,0.0
8a48b159a30ffff,0.0,0.0,0.0,0.0,0.0,0.0
8a48b159a36ffff,3.0,0.0,0.0,0.0,0.0,0.0
8a48b159a377fff,0.0,0.0,0.0,0.0,0.0,0.0
8a48b159a387fff,2.0,0.0,0.0,0.0,0.0,0.0
8a48b159a397fff,1.0,0.0,0.0,0.0,0.0,0.0
8a48b159a417fff,1.0,0.0,0.0,0.0,0.0,0.0
8a48b159a41ffff,1.0,0.0,0.0,0.0,0.0,0.0
8a48b159a427fff,4.0,0.0,0.0,0.0,0.0,2.0
8a48b159a437fff,12.0,0.0,1.0,0.0,0.0,0.0
8a48b159a467fff,1.0,0.0,0.0,0.0,0.0,0.0
8a48b159a46ffff,0.0,0.0,0.0,0.0,0.0,0.0
8a48b159a48ffff,1.0,0.0,0.0,0.0,0.0,0.0
8a48b159a497fff,24.0,0.0,0.0,0.0,0.0,0.0
8a48b159a4a7fff,2.0,0.0,0.0,0.0,0.0,0.0
8a48b159a4affff,1.0,0.0,0.0,0.0,0.0,0.0
8a48b159a4b7fff,15.0,0.0,0.0,0.0,0.0,0.0
8a48b159a4d7fff,0.0,0.0,0.0,0.0,0.0,1.0
8a48b159a507fff,0.0,0.0,0.0,0.0,0.0,1.0
8a48b159a50ffff,3.0,0.0,0.0,0.0,0.0,0.0
8a48b159a517fff,1.0,0.0,0.0,0.0,0.0,0.0
8a48b159a51ffff,3.0,0.0,3.0,0.0,0.0,0.0
8a48b159a567fff,11.0,0.0,0.0,0.0,0.0,0.0
8a48b159a56ffff,0.0,0.0,0.0,0.0,0.0,0.0
8a48b159a577fff,5.0,0.0,0.0,0.0,0.0,0.0
8a48b159a587fff,0.0,0.0,0.0,0.0,0.0,0.0
8a48b159a58ffff,3.0,0.0,2.0,0.0,0.0,1.0
8a48b159a59ffff,4.0,0.0,0.0,0.0,0.0,0.0
8a48b159a70ffff,1.0,0.0,0.0,0.0,0.0,0.0
8a48b159a717fff,1.0,0.0,0.0,0.0,0.0,0.0
8a48b159a71ffff,0.0,0.0,0.0,0.0,0.0,0.0
8a48b159a737fff,1.0,0.0,0.0,0.0,0.0,0.0
8a48b159a74ffff,0.0,0.0,0.0,0.0,0.0,0.0
8a48b159a767fff,1.0,0.0,0.0,0.0,0.0,0.0
8a48b159a79ffff,1.0,0.0,0.0,0.0,0.0,0.0
8a48b159a80ffff,2.0,0.0,0.0,0.0,0.0,0.0
8a48b159a817fff,0.0,0.0,0.0,0.0,0.0,0.0
8a48b159a81ffff,2.0,0.0,1.0,0.0,0.0,0.0
8a48b159a827fff,1.0,0.0,1.0,1.0,0.0,0.0
8a48b159a82ffff,12.0,0.0,3.0,0.0,1.0,0.0
8a48b159a837fff,1.0,0.0,0.0,0.0,0.0,0.0
8a48b159a877fff,2.0,0.0,9.0,1.0,3.0,1.0
8a48b159a887fff,1.0,0.0,0.0,0.0,0.0,0.0
8a48b159a88ffff,5.0,0.0,0.0,0.0,0.0,0.0
8a48b159a89ffff,4.0,0.0,0.0,0.0,0.0,0.0
8a48b159a8a7fff,3.0,0.0,0.0,0.0,0.0,0.0
8a48b159a8affff,1.0,0.0,0.0,0.0,0.0,0.0
8a48b159a8b7fff,1.0,0.0,0.0,0.0,0.0,0.0
8a48b159a917fff,0.0,0.0,0.0,0.0,0.0,0.0
8a48b159a91ffff,1.0,0.0,0.0,0.0,0.0,0.0
8a48b159a92ffff,0.0,0.0,0.0,0.0,0.0,0.0
8a48b159a937fff,2.0,0.0,0.0,0.0,0.0,0.0
8a48b159a94ffff,5.0,0.0,0.0,0.0,0.0,0.0
8a48b159a95ffff,7.0,0.0,3.0,2.0,1.0,0.0
8a48b159a967fff,0.0,0.0,0.0,0.0,0.0,0.0
8a48b159a96ffff,1.0,0.0,0.0,0.0,0.0,0.0
8a48b159a99ffff,1.0,0.0,0.0,0.0,0.0,0.0
8a48b159a9a7fff,1.0,0.0,0.0,0.0,0.0,0.0
8a48b159a9b7fff,1.0,0.0,0.0,0.0,0.0,0.0
8a48b159aa0ffff,1.0,0.0,0.0,0.0,0.0,0.0
8a48b159aa1ffff,0.0,0.0,0.0,0.0,0.0,0.0
8a48b159aa2ffff,3.0,0.0,0.0,0.0,0.0,0.0
8a48b159aa47fff,2.0,0.0,0.0,0.0,0.0,0.0
8a48b159aa57fff,3.0,0.0,0.0,0.0,0.0,0.0
8a48b159aa5ffff,5.0,0.0,0.0,0.0,0.0,0.0
8a48b159aa6ffff,0.0,0.0,0.0,0.0,0.0,1.0
8a48b159aa77fff,8.0,0.0,3.0,0.0,0.0,0.0
8a48b159aaaffff,1.0,0.0,0.0,0.0,0.0,0.0
8a48b159aac7fff,1.0,0.0,0.0,0.0,0.0,0.0
8a48b159aae7fff,1.0,0.0,0.0,0.0,0.0,0.0
8a48b159aaf7fff,1.0,0.0,0.0,0.0,0.0,0.0
8a48b159ab0ffff,1.0,0.0,0.0,0.0,0.0,0.0
8a48b159ab27fff,1.0,0.0,0.0,0.0,0.0,0.0
8a48b159ab2ffff,0.0,0.0,0.0,0.0,0.0,0.0
8a48b159ab57fff,1.0,0.0,0.0,0.0,0.0,0.0
8a48b159ac0ffff,1.0,0.0,0.0,0.0,0.0,0.0
8a48b159ac1ffff,1.0,0.0,1.0,0.0,0.0,0.0
8a48b159ac4ffff,6.0,0.0,0.0,0.0,0.0,0.0
8a48b159ac5ffff,4.0,0.0,4.0,1.0,0.0,0.0
8a48b159ac6ffff,2.0,0.0,0.0,0.0,0.0,0.0
8a48b159ac8ffff,1.0,0.0,0.0,0.0,0.0,0.0
8a48b159ac97fff,1.0,0.0,0.0,0.0,0.0,0.0
8a48b159ac9ffff,0.0,0.0,0.0,0.0,0.0,0.0
8a48b159acb7fff,0.0,0.0,1.0,0.0,0.0,0.0
8a48b159acc7fff,4.0,0.0,0.0,0.0,0.0,0.0
8a48b159accffff,41.0,0.0,2.0,2.0,0.0,1.0
8a48b159acdffff,2.0,0.0,0.0,0.0,0.0,0.0
8a48b159ace7fff,1.0,0.0,0.0,0.0,0.0,0.0
8a48b159aceffff,8.0,0.0,0.0,0.0,0.0,0.0
8a48b159acf7fff,1.0,0.0,0.0,0.0,0.0,0.0
8a48b159ad07fff,0.0,0.0,0.0,0.0,0.0,0.0
8a48b159ad0ffff,1.0,0.0,0.0,0.0,0.0,0.0
8a48b159ad1ffff,1.0,0.0,0.0,0.0,0.0,0.0
8a48b159ad27fff,2.0,0.0,0.0,0.0,0.0,0.0
8a48b159ad37fff,1.0,0.0,0.0,0.0,0.0,0.0
8a48b159ad77fff,0.0,0.0,0.0,0.0,0.0,0.0
8a48b159ad87fff,1.0,0.0,0.0,0.0,0.0,0.0
8a48b159ad8ffff,0.0,0.0,0.0,0.0,0.0,0.0
8a48b159ad97fff,0.0,0.0,0.0,0.0,0.0,0.0
8a48b159ad9ffff,0.0,0.0,0.0,0.0,0.0,0.0
8a48b159ada7fff,0.0,0.0,0.0,0.0,0.0,0.0
8a48b159adaffff,0.0,0.0,0.0,0.0,0.0,0.0
8a48b159adb7fff,0.0,0.0,0.0,0.0,0.0,0.0
8a48b159b007fff,0.0,0.0,0.0,0.0,0.0,0.0
8a48b159b00ffff,0.0,0.0,0.0,0.0,0.0,0.0
8a48b159b017fff,1.0,0.0,0.0,0.0,0.0,0.0
8a48b159b02ffff,3.0,0.0,0.0,0.0,0.0,0.0
8a48b159b037fff,1.0,0.0,0.0,0.0,0.0,0.0
8a48b159b047fff,2.0,0.0,0.0,0.0,0.0,0.0
8a48b159b057fff,1.0,0.0,0.0,0.0,0.0,0.0
8a48b159b067fff,0.0,0.0,0.0,0.0,0.0,0.0
8a48b159b06ffff,0.0,0.0,0.0,0.0,0.0,0.0
8a48b159b087fff,0.0,0.0,0.0,0.0,0.0,0.0
8a48b159b0affff,1.0,0.0,0.0,0.0,0.0,0.0
8a48b159b10ffff,2.0,0.0,0.0,0.0,0.0,0.0
8a48b159b197fff,1.0,0.0,4.0,1.0,0.0,0.0
8a48b159b19ffff,0.0,0.0,0.0,0.0,0.0,0.0
8a48b159b1a7fff,0.0,0.0,0.0,0.0,0.0,1.0
8a48b159b1b7fff,1.0,0.0,0.0,0.0,0.0,0.0
8a48b159b307fff,2.0,0.0,0.0,0.0,0.0,0.0
8a48b159b507fff,0.0,0.0,0.0,0.0,0.0,0.0
8a48b159b52ffff,0.0,0.0,1.0,0.0,0.0,0.0
8a48b159b54ffff,0.0,0.0,0.0,0.0,0.0,0.0
8a48b159b567fff,2.0,0.0,0.0,0.0,0.0,0.0
8a48b159b56ffff,1.0,0.0,0.0,0.0,0.0,0.0
8a48b159b6a7fff,0.0,0.0,0.0,0.0,0.0,1.0
8a48b159b737fff,1.0,0.0,0.0,0.0,0.0,0.0
8a48b159b817fff,0.0,0.0,0.0,0.0,0.0,0.0
8a48b159b837fff,3.0,0.0,0.0,0.0,0.0,0.0
8a48b159b8affff,1.0,0.0,0.0,0.0,0.0,0.0
8a48b159b8dffff,0.0,0.0,0.0,0.0,0.0,1.0
8a48b159b917fff,0.0,0.0,0.0,0.0,0.0,0.0
8a48b159b91ffff,0.0,0.0,0.0,0.0,0.0,0.0
8a48b159b957fff,1.0,0.0,0.0,0.0,0.0,0.0
8a48b159b997fff,1.0,0.0,0.0,0.0,0.0,0.0
8a48b159b9affff,2.0,0.0,0.0,0.0,0.0,0.0
8a48b159b9b7fff,1.0,0.0,0.0,0.0,0.0,0.0
8a48b159ba8ffff,1.0,0.0,0.0,0.0,0.0,0.0
8a48b159ba97fff,2.0,0.0,1.0,0.0,1.0,0.0
8a48b159bbaffff,1.0,0.0,0.0,0.0,0.0,0.0
8a48b159bc17fff,1.0,0.0,0.0,0.0,0.0,0.0
8a48b159bc97fff,1.0,0.0,1.0,1.0,0.0,0.0
8a48b159bc9ffff,4.0,0.0,0.0,0.0,0.0,0.0
8a48b159bcaffff,1.0,0.0,0.0,0.0,0.0,0.0
8a48b159bcb7fff,5.0,0.0,0.0,0.0,0.0,0.0
8a48b159bccffff,1.0,0.0,0.0,0.0,0.0,0.0
8a48b159bcd7fff,0.0,0.0,0.0,0.0,0.0,0.0
8a48b159bd97fff,4.0,0.0,0.0,0.0,0.0,0.0
8a48b159bd9ffff,2.0,0.0,0.0,0.0,0.0,0.0
8a48b159bdb7fff,1.0,0.0,0.0,0.0,0.0,0.0
8a48b159c05ffff,0.0,0.0,1.0,0.0,0.0,0.0
8a48b159c067fff,0.0,0.0,0.0,0.0,0.0,0.0
8a48b159c06ffff,4.0,0.0,0.0,0.0,0.0,0.0
8a48b159c077fff,1.0,0.0,0.0,0.0,0.0,0.0
8a48b159c097fff,0.0,0.0,0.0,0.0,0.0,0.0
8a48b159c0c7fff,0.0,0.0,0.0,0.0,0.0,1.0
8a48b159c0cffff,1.0,0.0,0.0,0.0,0.0,0.0
8a48b159c0d7fff,1.0,0.0,0.0,0.0,0.0,0.0
8a48b159c14ffff,3.0,0.0,0.0,0.0,0.0,0.0
8a48b159c167fff,0.0,0.0,0.0,0.0,0.0,0.0
8a48b159c207fff,1.0,0.0,0.0,0.0,0.0,0.0
8a48b159c21ffff,1.0,0.0,1.0,0.0,0.0,0.0
8a48b159c237fff,1.0,0.0,0.0,0.0,0.0,0.0
8a48b159c29ffff,1.0,0.0,0.0,0.0,0.0,0.0
8a48b159c2affff,0.0,0.0,0.0,0.0,0.0,0.0
8a48b159c2b7fff,0.0,0.0,0.0,0.0,0.0,0.0
8a48b159c2cffff,0.0,0.0,0.0,0.0,0.0,0.0
8a48b159c2e7fff,1.0,0.0,0.0,0.0,0.0,0.0
8a48b159c2effff,0.0,0.0,0.0,0.0,0.0,0.0
8a48b159c317fff,0.0,0.0,0.0,0.0,0.0,0.0
8a48b159c31ffff,0.0,0.0,0.0,0.0,0.0,0.0
8a48b159c337fff,1.0,0.0,0.0,0.0,0.0,0.0
8a48b159c34ffff,0.0,0.0,0.0,0.0,0.0,0.0
8a48b159c387fff,0.0,0.0,2.0,0.0,0.0,0.0
8a48b159c38ffff,0.0,0.0,0.0,0.0,0.0,0.0
8a48b159c397fff,0.0,0.0,0.0,0.0,0.0,0.0
8a48b159c40ffff,1.0,0.0,0.0,0.0,0.0,0.0
8a48b159c417fff,3.0,0.0,0.0,0.0,0.0,0.0
8a48b159c41ffff,2.0,0.0,0.0,0.0,0.0,0.0
8a48b159c477fff,1.0,0.0,0.0,0.0,0.0,0.0
8a48b159c487fff,3.0,0.0,0.0,0.0,0.0,0.0
8a48b159c48ffff,1.0,0.0,0.0,0.0,0.0,0.0
8a48b159c497fff,0.0,0.0,0.0,0.0,0.0,0.0
8a48b159c4affff,7.0,0.0,0.0,0.0,0.0,0.0
8a48b159c4c7fff,1.0,0.0,0.0,0.0,0.0,0.0
8a48b159c4cffff,3.0,0.0,0.0,0.0,0.0,0.0
8a48b159c4dffff,1.0,0.0,0.0,0.0,0.0,0.0
8a48b159c4e7fff,0.0,0.0,0.0,0.0,0.0,0.0
8a48b159c4effff,1.0,0.0,0.0,0.0,0.0,0.0
8a48b159c4f7fff,1.0,0.0,0.0,0.0,0.0,0.0
8a48b159c51ffff,1.0,0.0,0.0,0.0,0.0,0.0
8a48b159c537fff,2.0,0.0,0.0,0.0,0.0,0.0
8a48b159c597fff,0.0,0.0,0.0,0.0,0.0,0.0
8a48b159c59ffff,0.0,0.0,0.0,0.0,0.0,0.0
8a48b159c5affff,1.0,0.0,0.0,0.0,0.0,0.0
8a48b159c60ffff,1.0,0.0,0.0,0.0,0.0,0.0
8a48b159c627fff,2.0,0.0,0.0,0.0,0.0,0.0
8a48b159c62ffff,1.0,0.0,0.0,0.0,0.0,0.0
8a48b159c64ffff,0.0,0.0,0.0,0.0,0.0,0.0
8a48b159c677fff,1.0,0.0,0.0,0.0,0.0,0.0
8a48b159c68ffff,1.0,0.0,0.0,0.0,0.0,0.0
8a48b159c697fff,3.0,0.0,0.0,0.0,0.0,0.0
8a48b159c69ffff,3.0,0.0,1.0,0.0,1.0,0.0
8a48b159c737fff,1.0,0.0,0.0,0.0,0.0,0.0
8a48b159c757fff,1.0,0.0,0.0,0.0,0.0,0.0
8a48b159c75ffff,1.0,0.0,0.0,0.0,0.0,0.0
8a48b159c797fff,2.0,0.0,0.0,0.0,0.0,0.0
8a48b159c79ffff,1.0,0.0,0.0,0.0,0.0,0.0
8a48b159c7a7fff,0.0,0.0,0.0,0.0,0.0,1.0
8a48b159c84ffff,0.0,0.0,2.0,0.0,1.0,0.0
8a48b159c85ffff,0.0,0.0,0.0,0.0,0.0,0.0
8a48b159c867fff,0.0,0.0,1.0,1.0,0.0,0.0
8a48b159c86ffff,0.0,0.0,1.0,0.0,0.0,0.0
8a48b159c8dffff,0.0,0.0,1.0,1.0,0.0,1.0
8a48b159ca27fff,0.0,0.0,0.0,0.0,0.0,0.0
8a48b159ca57fff,0.0,0.0,0.0,0.0,0.0,1.0
8a48b159ca67fff,0.0,0.0,0.0,0.0,0.0,0.0
8a48b159ca6ffff,0.0,0.0,0.0,0.0,0.0,0.0
8a48b159ca87fff,0.0,0.0,0.0,0.0,0.0,0.0
8a48b159ca8ffff,0.0,0.0,0.0,0.0,0.0,0.0
8a48b159cb0ffff,0.0,0.0,0.0,0.0,0.0,0.0
8a48b159cb27fff,0.0,0.0,0.0,0.0,0.0,0.0
8a48b159cb37fff,0.0,0.0,0.0,0.0,0.0,0.0
8a48b159cb57fff,0.0,0.0,0.0,0.0,0.0,1.0
8a48b159cb8ffff,0.0,0.0,0.0,0.0,0.0,0.0
8a48b159cba7fff,3.0,0.0,0.0,0.0,0.0,1.0
8a48b159cbaffff,0.0,0.0,0.0,0.0,0.0,0.0
8a48b159cbb7fff,0.0,0.0,0.0,0.0,0.0,0.0
8a48b159cc5ffff,2.0,0.0,0.0,0.0,0.0,0.0
8a48b159cc8ffff,1.0,0.0,0.0,0.0,0.0,0.0
8a48b159ccd7fff,2.0,0.0,0.0,0.0,0.0,0.0
8a48b159d027fff,0.0,0.0,0.0,0.0,0.0,0.0
8a48b159d037fff,5.0,0.0,0.0,0.0,0.0,0.0
8a48b159d10ffff,0.0,0.0,0.0,0.0,0.0,0.0
8a48b159d11ffff,1.0,0.0,0.0,0.0,0.0,0.0
8a48b159d32ffff,0.0,0.0,0.0,0.0,0.0,0.0
8a48b159d347fff,0.0,0.0,0.0,0.0,0.0,0.0
8a48b159d487fff,0.0,0.0,0.0,0.0,0.0,0.0
8a48b159d497fff,0.0,0.0,0.0,0.0,0.0,0.0
8a48b159d50ffff,0.0,0.0,0.0,0.0,0.0,0.0
8a48b159d51ffff,4.0,0.0,0.0,0.0,0.0,0.0
8a48b159d52ffff,0.0,0.0,0.0,0.0,0.0,0.0
8a48b159d587fff,1.0,0.0,0.0,0.0,0.0,0.0
8a48b159d58ffff,5.0,0.0,2.0,0.0,0.0,0.0
8a48b159d597fff,1.0,0.0,0.0,0.0,0.0,0.0
8a48b159d59ffff,1.0,0.0,0.0,0.0,0.0,0.0
8a48b159d5affff,4.0,0.0,0.0,0.0,0.0,0.0
8a48b159d607fff,0.0,0.0,0.0,0.0,0.0,0.0
8a48b159d777fff,0.0,0.0,0.0,0.0,0.0,1.0
8a48b159d78ffff,0.0,0.0,0.0,0.0,0.0,0.0
8a48b159d7b7fff,0.0,0.0,0.0,0.0,0.0,0.0
8a48b159d82ffff,0.0,0.0,1.0,0.0,0.0,0.0
8a48b159d85ffff,0.0,0.0,0.0,0.0,0.0,0.0
8a48b159d887fff,1.0,0.0,0.0,0.0,0.0,0.0
8a48b159d8a7fff,0.0,0.0,0.0,0.0,0.0,1.0
8a48b159d947fff,1.0,0.0,0.0,0.0,0.0,0.0
8a48b159d95ffff,1.0,0.0,0.0,0.0,0.0,0.0
8a48b159d96ffff,3.0,0.0,0.0,0.0,0.0,0.0
8a48b159da47fff,0.0,0.0,1.0,1.0,0.0,0.0
8a48b159da4ffff,0.0,0.0,0.0,0.0,0.0,0.0
8a48b159da77fff,3.0,0.0,0.0,0.0,0.0,0.0
8a48b159daa7fff,1.0,0.0,0.0,0.0,0.0,0.0
8a48b159dad7fff,0.0,0.0,0.0,0.0,0.0,1.0
8a48b159dadffff,0.0,0.0,0.0,0.0,0.0,0.0
8a48b159daeffff,0.0,0.0,0.0,0.0,0.0,0.0
8a48b159db07fff,2.0,0.0,0.0,0.0,0.0,0.0
8a48b159db0ffff,0.0,0.0,0.0,0.0,0.0,0.0
8a48b159db8ffff,1.0,0.0,0.0,0.0,0.0,0.0
8a48b159db9ffff,1.0,0.0,1.0,0.0,1.0,1.0
8a48b159dbb7fff,0.0,0.0,0.0,0.0,0.0,0.0
8a48b159dc07fff,0.0,0.0,0.0,0.0,0.0,0.0
8a48b159dc27fff,0.0,0.0,0.0,0.0,0.0,0.0
8a48b159dc2ffff,0.0,0.0,0.0,0.0,0.0,0.0
8a48b159dc37fff,1.0,0.0,0.0,0.0,0.0,0.0
8a48b159dc5ffff,0.0,0.0,0.0,0.0,0.0,0.0
8a48b159dc6ffff,0.0,0.0,0.0,0.0,0.0,0.0
8a48b159dcc7fff,1.0,0.0,4.0,1.0,0.0,0.0
8a48b159dccffff,1.0,0.0,0.0,0.0,0.0,0.0
8a48b159dcdffff,1.0,0.0,0.0,0.0,0.0,0.0
8a48b159dce7fff,2.0,0.0,0.0,0.0,0.0,0.0
8a48b159dceffff,1.0,0.0,1.0,0.0,0.0,1.0
8a48b159dd07fff,1.0,0.0,0.0,0.0,0.0,0.0
8a48b159dd17fff,0.0,0.0,0.0,0.0,0.0,0.0
8a48b159dd1ffff,0.0,0.0,0.0,0.0,0.0,0.0
8a48b159dd37fff,0.0,0.0,0.0,0.0,0.0,0.0
8a48b159e04ffff,16.0,0.0,0.0,0.0,0.0,0.0
8a48b159e05ffff,1.0,0.0,0.0,0.0,0.0,0.0
8a48b159e08ffff,1.0,0.0,0.0,0.0,0.0,0.0
8a48b159e09ffff,2.0,0.0,0.0,0.0,0.0,0.0
8a48b159e0c7fff,0.0,0.0,0.0,0.0,0.0,0.0
8a48b159e0cffff,2.0,0.0,0.0,0.0,0.0,0.0
8a48b159e0d7fff,5.0,0.0,4.0,2.0,1.0,0.0
8a48b159e0effff,4.0,0.0,0.0,0.0,0.0,0.0
8a48b159e107fff,1.0,0.0,0.0,0.0,0.0,0.0
8a48b159e10ffff,1.0,0.0,0.0,0.0,0.0,0.0
8a48b159e117fff,3.0,0.0,0.0,0.0,0.0,0.0
8a48b159e127fff,0.0,0.0,0.0,0.0,0.0,0.0
8a48b159e12ffff,2.0,0.0,0.0,0.0,0.0,0.0
8a48b159e137fff,2.0,0.0,0.0,0.0,0.0,0.0
8a48b159e14ffff,1.0,0.0,0.0,0.0,0.0,0.0
8a48b159e167fff,1.0,0.0,0.0,0.0,0.0,0.0
8a48b159e16ffff,0.0,0.0,0.0,0.0,0.0,0.0
8a48b159e18ffff,0.0,0.0,0.0,0.0,0.0,0.0
8a48b159e1affff,4.0,0.0,0.0,0.0,0.0,0.0
8a48b159e217fff,0.0,0.0,0.0,0.0,0.0,0.0
8a48b159e267fff,1.0,0.0,0.0,0.0,0.0,0.0
8a48b159e287fff,1.0,0.0,0.0,0.0,0.0,0.0
8a48b159e28ffff,1.0,0.0,0.0,0.0,0.0,0.0
8a48b159e297fff,2.0,0.0,0.0,0.0,0.0,0.0
8a48b159e29ffff,0.0,0.0,0.0,0.0,0.0,0.0
8a48b159e2b7fff,0.0,0.0,0.0,0.0,0.0,0.0
8a48b159e2cffff,1.0,0.0,0.0,0.0,0.0,0.0
8a48b159e2d7fff,2.0,0.0,0.0,0.0,0.0,0.0
8a48b159e2dffff,1.0,0.0,0.0,0.0,0.0,0.0
8a48b159e2e7fff,3.0,0.0,0.0,0.0,0.0,0.0
8a48b159e2effff,1.0,0.0,0.0,0.0,0.0,0.0
8a48b159e307fff,1.0,0.0,0.0,0.0,0.0,0.0
8a48b159e317fff,2.0,0.0,2.0,0.0,1.0,0.0
8a48b159e327fff,1.0,0.0,0.0,0.0,0.0,0.0
8a48b159e367fff,1.0,0.0,0.0,0.0,0.0,0.0
8a48b159e36ffff,1.0,0.0,0.0,0.0,0.0,0.0
8a48b159e3a7fff,1.0,0.0,0.0,0.0,0.0,0.0
8a48b159e3b7fff,0.0,0.0,2.0,0.0,0.0,0.0
8a48b159e437fff,0.0,0.0,0.0,0.0,0.0,1.0
8a48b159e457fff,0.0,0.0,2.0,0.0,1.0,0.0
8a48b159e48ffff,1.0,0.0,4.0,0.0,0.0,0.0
8a48b159e497fff,2.0,0.0,0.0,0.0,0.0,0.0
8a48b159e49ffff,0.0,0.0,0.0,0.0,0.0,1.0
8a48b159e4affff,1.0,0.0,0.0,0.0,0.0,0.0
8a48b159e4e7fff,1.0,0.0,0.0,0.0,0.0,0.0
8a48b159e4f7fff,2.0,0.0,0.0,0.0,0.0,1.0
8a48b159e527fff,0.0,0.0,0.0,0.0,0.0,0.0
8a48b159e607fff,1.0,0.0,0.0,0.0,0.0,0.0
8a48b159e60ffff,2.0,0.0,0.0,0.0,0.0,0.0
8a48b159e617fff,1.0,0.0,0.0,0.0,0.0,0.0
8a48b159e61ffff,0.0,0.0,0.0,0.0,0.0,0.0
8a48b159e627fff,1.0,0.0,0.0,0.0,0.0,0.0
8a48b159e62ffff,1.0,0.0,0.0,0.0,0.0,0.0
8a48b159e637fff,0.0,0.0,0.0,0.0,0.0,0.0
8a48b159e65ffff,0.0,0.0,0.0,0.0,0.0,0.0
8a48b159e667fff,3.0,0.0,0.0,0.0,0.0,0.0
8a48b159e66ffff,2.0,0.0,0.0,0.0,0.0,0.0
8a48b159e677fff,1.0,0.0,1.0,0.0,0.0,0.0
8a48b159e687fff,0.0,0.0,0.0,0.0,0.0,0.0
8a48b159e697fff,0.0,0.0,0.0,0.0,0.0,1.0
8a48b159e6b7fff,1.0,0.0,0.0,0.0,0.0,0.0
8a48b159e6c7fff,0.0,0.0,0.0,0.0,0.0,0.0
8a48b159e6dffff,0.0,0.0,0.0,0.0,0.0,0.0
8a48b159e6e7fff,1.0,0.0,0.0,0.0,0.0,0.0
8a48b159e6effff,0.0,0.0,0.0,0.0,0.0,0.0
8a48b159e6f7fff,2.0,0.0,0.0,0.0,0.0,0.0
8a48b159e707fff,2.0,0.0,0.0,0.0,0.0,0.0
8a48b159e70ffff,2.0,0.0,0.0,0.0,0.0,0.0
8a48b159e727fff,7.0,0.0,1.0,0.0,0.0,0.0
8a48b159e72ffff,3.0,0.0,0.0,0.0,0.0,0.0
8a48b159e737fff,1.0,0.0,0.0,0.0,0.0,0.0
8a48b159e757fff,1.0,0.0,0.0,0.0,0.0,0.0
8a48b159e75ffff,1.0,0.0,0.0,0.0,0.0,0.0
8a48b159e767fff,1.0,0.0,0.0,0.0,0.0,0.0
8a48b159e76ffff,0.0,0.0,0.0,0.0,0.0,0.0
8a48b159e777fff,0.0,0.0,0.0,0.0,0.0,0.0
8a48b159e78ffff,0.0,0.0,0.0,0.0,0.0,0.0
8a48b159e80ffff,3.0,0.0,3.0,0.0,0.0,0.0
8a48b159e817fff,0.0,0.0,0.0,0.0,0.0,0.0
8a48b159e827fff,0.0,0.0,0.0,0.0,0.0,0.0
8a48b159e82ffff,0.0,0.0,0.0,0.0,0.0,0.0
8a48b159e837fff,0.0,0.0,0.0,0.0,0.0,0.0
8a48b159e847fff,0.0,0.0,0.0,0.0,0.0,0.0
8a48b159e84ffff,1.0,0.0,0.0,0.0,0.0,0.0
8a48b159e857fff,1.0,0.0,0.0,0.0,0.0,0.0
8a48b159e85ffff,0.0,0.0,0.0,0.0,0.0,0.0
8a48b159e867fff,0.0,0.0,2.0,0.0,2.0,0.0
8a48b159e86ffff,1.0,0.0,0.0,0.0,0.0,0.0
8a48b159e877fff,0.0,0.0,0.0,0.0,0.0,0.0
8a48b159e887fff,2.0,0.0,1.0,0.0,1.0,0.0
8a48b159e88ffff,1.0,0.0,0.0,0.0,0.0,0.0
8a48b159e89ffff,1.0,0.0,0.0,0.0,0.0,0.0
8a48b159e8cffff,3.0,0.0,0.0,0.0,0.0,0.0
8a48b159e8dffff,2.0,0.0,0.0,0.0,0.0,0.0
8a48b159e8e7fff,2.0,0.0,0.0,0.0,0.0,0.0
8a48b159e8effff,0.0,0.0,0.0,0.0,0.0,0.0
8a48b159e8f7fff,2.0,0.0,0.0,0.0,0.0,0.0
8a48b159e90ffff,2.0,0.0,0.0,0.0,0.0,0.0
8a48b159e91ffff,2.0,1.0,0.0,0.0,0.0,0.0
8a48b159e927fff,0.0,0.0,0.0,0.0,0.0,0.0
8a48b159e937fff,0.0,0.0,0.0,0.0,0.0,0.0
8a48b159e947fff,0.0,0.0,1.0,0.0,1.0,0.0
8a48b159e94ffff,1.0,0.0,0.0,0.0,0.0,0.0
8a48b159e99ffff,0.0,0.0,0.0,0.0,0.0,0.0
8a48b159e9affff,1.0,0.0,0.0,0.0,0.0,0.0
8a48b159ea07fff,2.0,0.0,0.0,0.0,0.0,0.0
8a48b159ea0ffff,1.0,0.0,0.0,0.0,0.0,0.0
8a48b159ea2ffff,1.0,0.0,0.0,0.0,0.0,0.0
8a48b159eaa7fff,1.0,0.0,0.0,0.0,0.0,0.0
8a48b159eac7fff,2.0,0.0,0.0,0.0,0.0,0.0
8a48b159ead7fff,0.0,0.0,0.0,0.0,0.0,0.0
8a48b159eb0ffff,1.0,0.0,0.0,0.0,0.0,0.0
8a48b159eb27fff,0.0,0.0,0.0,0.0,0.0,0.0
8a48b159eb37fff,0.0,0.0,0.0,0.0,0.0,0.0
8a48b159eb47fff,1.0,0.0,0.0,0.0,0.0,0.0
8a48b159eb5ffff,1.0,0.0,0.0,0.0,0.0,0.0
8a48b159eb6ffff,3.0,0.0,0.0,0.0,0.0,0.0
8a48b159eb77fff,1.0,0.0,0.0,0.0,0.0,0.0
8a48b159eb97fff,0.0,0.0,0.0,0.0,0.0,0.0
8a48b159eba7fff,1.0,0.0,0.0,0.0,0.0,0.0
8a48b159ec0ffff,0.0,0.0,0.0,0.0,0.0,0.0
8a48b159ec27fff,0.0,0.0,0.0,0.0,0.0,1.0
8a48b159ec47fff,1.0,0.0,0.0,0.0,0.0,0.0
8a48b159ec4ffff,0.0,0.0,0.0,0.0,0.0,0.0
8a48b159ec57fff,1.0,0.0,0.0,0.0,0.0,0.0
8a48b159ec6ffff,2.0,0.0,1.0,0.0,1.0,0.0
8a48b159ec87fff,0.0,0.0,0.0,0.0,0.0,0.0
8a48b159ec8ffff,0.0,0.0,0.0,0.0,0.0,0.0
8a48b159ec97fff,0.0,0.0,0.0,0.0,0.0,0.0
8a48b159ec9ffff,0.0,0.0,0.0,0.0,0.0,0.0
8a48b159ecdffff,0.0,0.0,0.0,0.0,0.0,0.0
8a48b159ece7fff,0.0,0.0,0.0,0.0,0.0,0.0
8a48b159ed07fff,1.0,0.0,0.0,0.0,0.0,0.0
8a48b159ed0ffff,0.0,0.0,0.0,0.0,0.0,0.0
8a48b159ed17fff,2.0,0.0,0.0,0.0,0.0,0.0
8a48b159ed27fff,0.0,0.0,0.0,0.0,0.0,0.0
8a48b159ed4ffff,0.0,0.0,0.0,0.0,0.0,0.0
8a48b159ed57fff,1.0,0.0,0.0,0.0,0.0,0.0
8a48b159ed5ffff,1.0,0.0,1.0,1.0,0.0,0.0
8a48b159ed8ffff,0.0,0.0,0.0,0.0,0.0,0.0
8a48b159ed97fff,0.0,0.0,0.0,0.0,0.0,0.0
8a48b159ed9ffff,0.0,0.0,0.0,0.0,0.0,0.0
8a48b159eda7fff,0.0,0.0,1.0,0.0,1.0,0.0
8a48b15a2297fff,0.0,0.0,0.0,0.0,0.0,0.0
8a48b15a369ffff,1.0,0.0,0.0,0.0,0.0,0.0
8a48b15aad67fff,1.0,0.0,0.0,0.0,0.0,0.0
8a48b15b0aaffff,1.0,0.0,0.0,0.0,0.0,0.0
8a48b3940937fff,1.0,0.0,1.0,0.0,0.0,1.0
8a48b3940967fff,2.0,0.0,4.0,0.0,0.0,0.0
8a48b394096ffff,1.0,0.0,1.0,0.0,0.0,0.0
8a48b3941067fff,0.0,0.0,0.0,0.0,0.0,1.0
8a48b3941807fff,0.0,0.0,0.0,0.0,0.0,0.0
8a48b394180ffff,1.0,0.0,0.0,0.0,0.0,0.0
8a48b3941847fff,0.0,0.0,0.0,0.0,0.0,0.0
8a48b394184ffff,0.0,0.0,0.0,0.0,0.0,0.0
8a48b3941907fff,0.0,0.0,0.0,0.0,0.0,0.0
8a48b394191ffff,0.0,0.0,0.0,0.0,0.0,0.0
8a48b3941927fff,1.0,0.0,0.0,0.0,0.0,0.0
8a48b394192ffff,0.0,0.0,0.0,0.0,0.0,0.0
8a48b3941937fff,1.0,0.0,0.0,0.0,0.0,0.0
8a48b394194ffff,0.0,0.0,0.0,0.0,0.0,0.0
8a48b3941967fff,1.0,0.0,4.0,1.0,0.0,0.0
8a48b3941a57fff,1.0,0.0,0.0,0.0,0.0,0.0
8a48b3941a5ffff,0.0,0.0,0.0,0.0,0.0,0.0
8a48b3941acffff,0.0,0.0,0.0,0.0,0.0,0.0
8a48b3941aeffff,0.0,0.0,0.0,0.0,0.0,0.0
8a48b3941af7fff,0.0,0.0,0.0,0.0,0.0,0.0
8a48b3941b0ffff,0.0,0.0,0.0,0.0,0.0,0.0
8a48b394254ffff,1.0,0.0,0.0,0.0,0.0,0.0
8a48b3942c27fff,2.0,0.0,0.0,0.0,0.0,1.0
8a48b394402ffff,0.0,0.0,0.0,0.0,0.0,0.0
8a48b3944087fff,0.0,0.0,0.0,0.0,0.0,0.0
8a48b394408ffff,0.0,0.0,0.0,0.0,0.0,0.0
8a48b39440c7fff,0.0,0.0,0.0,0.0,0.0,0.0
8a48b39440cffff,0.0,0.0,0.0,0.0,0.0,0.0
8a48b39440dffff,0.0,0.0,0.0,0.0,0.0,0.0
8a48b39440e7fff,0.0,0.0,0.0,0.0,0.0,0.0
8a48b39440effff,0.0,0.0,0.0,0.0,0.0,0.0
8a48b3944117fff,1.0,0.0,0.0,0.0,0.0,0.0
8a48b3944157fff,0.0,0.0,0.0,0.0,0.0,0.0
8a48b3944187fff,0.0,0.0,0.0,0.0,0.0,0.0
8a48b394418ffff,0.0,0.0,0.0,0.0,0.0,0.0
8a48b3944197fff,0.0,0.0,0.0,0.0,0.0,0.0
8a48b394419ffff,0.0,0.0,0.0,0.0,0.0,0.0
8a48b3944217fff,0.0,0.0,0.0,0.0,0.0,0.0
8a48b3944297fff,1.0,0.0,0.0,0.0,0.0,0.0
8a48b394429ffff,0.0,0.0,0.0,0.0,0.0,0.0
8a48b39442a7fff,0.0,0.0,0.0,0.0,0.0,0.0
8a48b39442b7fff,0.0,0.0,0.0,0.0,0.0,0.0
8a48b39442cffff,0.0,0.0,0.0,0.0,0.0,0.0
8a48b394435ffff,0.0,0.0,0.0,0.0,0.0,0.0
8a48b394438ffff,0.0,0.0,0.0,0.0,0.0,0.0
8a48b394439ffff,0.0,0.0,0.0,0.0,0.0,0.0
8a48b39443a7fff,0.0,0.0,0.0,0.0,0.0,0.0
8a48b39443affff,0.0,0.0,0.0,0.0,0.0,0.0
8a48b39443b7fff,1.0,0.0,0.0,0.0,0.0,0.0
8a48b3944417fff,1.0,0.0,0.0,0.0,0.0,0.0
8a48b3944437fff,2.0,0.0,0.0,0.0,0.0,0.0
8a48b394444ffff,0.0,0.0,0.0,0.0,0.0,0.0
8a48b3944457fff,1.0,0.0,0.0,0.0,0.0,0.0
8a48b3944467fff,1.0,0.0,0.0,0.0,0.0,0.0
8a48b39444e7fff,1.0,0.0,0.0,0.0,0.0,1.0
8a48b39444effff,2.0,0.0,0.0,0.0,0.0,0.0
8a48b3944537fff,1.0,0.0,0.0,0.0,0.0,0.0
8a48b394454ffff,2.0,0.0,0.0,0.0,0.0,0.0
8a48b394455ffff,1.0,0.0,0.0,0.0,0.0,0.0
8a48b394456ffff,0.0,0.0,0.0,0.0,0.0,0.0
8a48b3944577fff,2.0,0.0,0.0,0.0,0.0,0.0
8a48b394459ffff,0.0,0.0,1.0,1.0,0.0,0.0
8a48b3944707fff,0.0,0.0,0.0,0.0,0.0,0.0
8a48b394470ffff,0.0,0.0,0.0,0.0,0.0,0.0
8a48b3944717fff,0.0,0.0,0.0,0.0,0.0,0.0
8a48b3944767fff,0.0,0.0,0.0,0.0,0.0,0.0
8a48b394476ffff,0.0,0.0,0.0,0.0,0.0,0.0
8a48b3944777fff,0.0,0.0,0.0,0.0,0.0,0.0
8a48b39447a7fff,2.0,0.0,0.0,0.0,0.0,0.0
8a48b394480ffff,0.0,0.0,0.0,0.0,0.0,0.0
8a48b394481ffff,0.0,0.0,0.0,0.0,0.0,0.0
8a48b3944827fff,1.0,0.0,0.0,0.0,0.0,0.0
8a48b39448a7fff,0.0,0.0,0.0,0.0,0.0,0.0
8a48b39448affff,1.0,0.0,0.0,0.0,0.0,0.0
8a48b39448b7fff,1.0,0.0,0.0,0.0,0.0,0.0
8a48b3944917fff,1.0,0.0,0.0,0.0,0.0,0.0
8a48b3944987fff,2.0,0.0,0.0,0.0,0.0,0.0
8a48b394498ffff,2.0,0.0,0.0,0.0,0.0,0.0
8a48b394499ffff,1.0,0.0,0.0,0.0,0.0,0.0
8a48b39449affff,1.0,0.0,0.0,0.0,0.0,0.0
8a48b3944c07fff,0.0,0.0,1.0,0.0,1.0,0.0
8a48b3944c17fff,1.0,0.0,0.0,0.0,0.0,0.0
8a48b3944c4ffff,0.0,0.0,0.0,0.0,0.0,0.0
8a48b3944c5ffff,0.0,0.0,0.0,0.0,0.0,0.0
8a48b3944c6ffff,0.0,0.0,0.0,0.0,0.0,0.0
8a48b3944c9ffff,0.0,0.0,0.0,0.0,0.0,0.0
8a48b3944cc7fff,2.0,0.0,0.0,0.0,0.0,0.0
8a48b3944cdffff,1.0,0.0,0.0,0.0,0.0,0.0
8a48b3944ceffff,0.0,0.0,0.0,0.0,0.0,0.0
8a48b3944d0ffff,1.0,0.0,1.0,0.0,0.0,0.0
8a48b3944d2ffff,1.0,0.0,0.0,0.0,0.0,0.0
8a48b3944d4ffff,0.0,0.0,0.0,0.0,0.0,0.0
8a48b3944d6ffff,0.0,0.0,1.0,0.0,0.0,0.0
8a48b3944d87fff,0.0,0.0,0.0,0.0,0.0,0.0
8a48b3944d97fff,0.0,0.0,0.0,0.0,0.0,0.0
8a48b3944d9ffff,0.0,0.0,0.0,0.0,0.0,0.0
8a48b3944da7fff,0.0,0.0,0.0,0.0,0.0,0.0
8a48b394500ffff,2.0,0.0,0.0,0.0,0.0,0.0
8a48b3945047fff,1.0,0.0,0.0,0.0,0.0,0.0
8a48b394504ffff,0.0,0.0,0.0,0.0,0.0,0.0
8a48b3945077fff,0.0,0.0,0.0,0.0,0.0,0.0
8a48b39450affff,0.0,0.0,0.0,0.0,0.0,0.0
8a48b39450dffff,1.0,0.0,0.0,0.0,0.0,0.0
8a48b394512ffff,1.0,0.0,0.0,0.0,0.0,0.0
8a48b394515ffff,0.0,0.0,0.0,0.0,0.0,0.0
8a48b3945177fff,0.0,0.0,0.0,0.0,0.0,0.0
8a48b394521ffff,2.0,0.0,0.0,0.0,0.0,0.0
8a48b3945227fff,0.0,0.0,0.0,0.0,0.0,0.0
8a48b3945237fff,0.0,0.0,0.0,0.0,0.0,0.0
8a48b394524ffff,0.0,0.0,0.0,0.0,0.0,0.0
8a48b394525ffff,0.0,0.0,0.0,0.0,0.0,1.0
8a48b3945267fff,0.0,0.0,0.0,0.0,0.0,0.0
8a48b394529ffff,7.0,0.0,1.0,0.0,0.0,0.0
8a48b39452cffff,1.0,0.0,0.0,0.0,0.0,0.0
8a48b39452effff,2.0,0.0,0.0,0.0,0.0,0.0
8a48b3945327fff,0.0,0.0,0.0,0.0,0.0,0.0
8a48b3945337fff,0.0,0.0,1.0,1.0,0.0,0.0
8a48b394534ffff,1.0,0.0,0.0,0.0,0.0,0.0
8a48b3945387fff,0.0,0.0,0.0,0.0,0.0,0.0
8a48b394538ffff,1.0,0.0,3.0,0.0,0.0,0.0
8a48b3945397fff,1.0,0.0,0.0,0.0,0.0,0.0
8a48b394539ffff,3.0,0.0,0.0,0.0,0.0,0.0
8a48b39453b7fff,0.0,0.0,1.0,1.0,0.0,0.0
8a48b39454affff,2.0,0.0,0.0,0.0,0.0,0.0
8a48b39454e7fff,0.0,0.0,0.0,0.0,0.0,0.0
8a48b39454effff,0.0,0.0,1.0,0.0,1.0,0.0
8a48b3945587fff,2.0,0.0,0.0,0.0,0.0,0.0
8a48b3945597fff,1.0,0.0,0.0,0.0,0.0,0.0
8a48b39455b7fff,0.0,0.0,0.0,0.0,0.0,0.0
8a48b3945667fff,1.0,0.0,0.0,0.0,0.0,0.0
8a48b394566ffff,2.0,0.0,0.0,0.0,0.0,0.0
8a48b3945677fff,0.0,0.0,0.0,0.0,0.0,0.0
8a48b394574ffff,0.0,0.0,0.0,0.0,0.0,0.0
8a48b394580ffff,0.0,0.0,0.0,0.0,0.0,0.0
8a48b394582ffff,2.0,0.0,0.0,0.0,0.0,0.0
8a48b39458c7fff,0.0,0.0,0.0,0.0,0.0,0.0
8a48b39458d7fff,0.0,0.0,0.0,0.0,0.0,0.0
8a48b39458dffff,0.0,0.0,0.0,0.0,0.0,0.0
8a48b39458e7fff,1.0,0.0,1.0,0.0,0.0,0.0
8a48b39458f7fff,0.0,0.0,1.0,0.0,0.0,0.0
8a48b3945947fff,0.0,0.0,3.0,2.0,0.0,0.0
8a48b3945967fff,3.0,0.0,0.0,0.0,0.0,0.0
8a48b3945a97fff,0.0,0.0,0.0,0.0,0.0,0.0
8a48b3945baffff,0.0,0.0,0.0,0.0,0.0,1.0
8a48b3945bb7fff,0.0,0.0,0.0,0.0,0.0,1.0
8a48b394644ffff,4.0,0.0,0.0,0.0,0.0,0.0
8a48b3946467fff,1.0,0.0,0.0,0.0,0.0,0.0
8a48b394678ffff,1.0,0.0,0.0,0.0,0.0,0.0
8a48b3946837fff,1.0,0.0,0.0,0.0,0.0,0.0
8a48b394690ffff,0.0,0.0,0.0,0.0,0.0,0.0
8a48b394691ffff,6.0,0.0,0.0,0.0,0.0,1.0
8a48b39469a7fff,1.0,0.0,0.0,0.0,0.0,0.0
8a48b39469b7fff,2.0,0.0,0.0,0.0,0.0,0.0
8a48b3946c0ffff,1.0,0.0,0.0,0.0,0.0,0.0
8a48b3946c2ffff,4.0,0.0,0.0,0.0,0.0,0.0
8a48b3946ce7fff,1.0,0.0,0.0,0.0,0.0,0.0
8a48b3946ceffff,2.0,0.0,0.0,0.0,0.0,0.0
8a48b3946d07fff,1.0,0.0,0.0,0.0,0.0,0.0
8a48b3946d0ffff,1.0,0.0,0.0,0.0,0.0,0.0
8a48b3946d27fff,1.0,0.0,0.0,0.0,0.0,0.0
8a48b3946d57fff,3.0,0.0,0.0,0.0,0.0,0.0
8a48b3946d77fff,38.0,0.0,0.0,0.0,0.0,0.0
8a48b394c007fff,0.0,0.0,0.0,0.0,0.0,0.0
8a48b394c027fff,0.0,0.0,0.0,0.0,0.0,0.0
8a48b394c02ffff,0.0,0.0,2.0,0.0,0.0,0.0
8a48b394c037fff,1.0,0.0,0.0,0.0,0.0,0.0
8a48b394c047fff,1.0,0.0,0.0,0.0,0.0,0.0
8a48b394c06ffff,0.0,0.0,0.0,0.0,0.0,0.0
8a48b394c077fff,0.0,0.0,0.0,0.0,0.0,0.0
8a48b394c0b7fff,1.0,0.0,0.0,0.0,0.0,0.0
8a48b394c107fff,1.0,0.0,0.0,0.0,0.0,0.0
8a48b394c10ffff,2.0,0.0,0.0,0.0,0.0,0.0
8a48b394c117fff,3.0,0.0,1.0,1.0,0.0,0.0
8a48b394c11ffff,2.0,0.0,1.0,0.0,0.0,0.0
8a48b394c127fff,1.0,0.0,0.0,0.0,0.0,0.0
8a48b394c12ffff,0.0,0.0,0.0,0.0,0.0,0.0
8a48b394c137fff,1.0,0.0,0.0,0.0,0.0,0.0
8a48b394c14ffff,4.0,0.0,0.0,0.0,0.0,0.0
8a48b394c157fff,0.0,0.0,0.0,0.0,0.0,0.0
8a48b394c15ffff,0.0,0.0,0.0,0.0,0.0,0.0
8a48b394c167fff,1.0,0.0,0.0,0.0,0.0,0.0
8a48b394c16ffff,0.0,0.0,1.0,1.0,0.0,0.0
8a48b394c177fff,0.0,0.0,0.0,0.0,0.0,1.0
8a48b394c187fff,4.0,0.0,1.0,1.0,0.0,0.0
8a48b394c18ffff,1.0,0.0,1.0,1.0,0.0,0.0
8a48b394c197fff,8.0,0.0,1.0,0.0,1.0,0.0
8a48b394c19ffff,3.0,0.0,0.0,0.0,0.0,0.0
8a48b394c1a7fff,3.0,0.0,0.0,0.0,0.0,0.0
8a48b394c1affff,0.0,0.0,0.0,0.0,0.0,0.0
8a48b394c1b7fff,18.0,0.0,0.0,0.0,0.0,0.0
8a48b394c327fff,0.0,0.0,2.0,2.0,0.0,0.0
8a48b394c807fff,1.0,0.0,1.0,1.0,0.0,0.0
8a48b394c80ffff,0.0,0.0,0.0,0.0,0.0,1.0
8a48b394c817fff,2.0,0.0,5.0,2.0,0.0,0.0
8a48b394c81ffff,0.0,0.0,0.0,0.0,0.0,0.0
8a48b394c827fff,0.0,0.0,0.0,0.0,0.0,0.0
8a48b394c82ffff,0.0,0.0,0.0,0.0,0.0,0.0
8a48b394c837fff,2.0,0.0,3.0,1.0,1.0,0.0
8a48b394c847fff,1.0,0.0,0.0,0.0,0.0,0.0
8a48b394c84ffff,2.0,0.0,0.0,0.0,0.0,0.0
8a48b394c857fff,1.0,0.0,0.0,0.0,0.0,1.0
8a48b394c85ffff,1.0,0.0,0.0,0.0,0.0,0.0
8a48b394c867fff,0.0,0.0,0.0,0.0,0.0,0.0
8a48b394c86ffff,1.0,0.0,0.0,0.0,0.0,1.0
8a48b394c877fff,1.0,0.0,0.0,0.0,0.0,1.0
8a48b394c887fff,0.0,0.0,0.0,0.0,0.0,0.0
8a48b394c88ffff,2.0,0.0,0.0,0.0,0.0,2.0
8a48b394c897fff,0.0,0.0,0.0,0.0,0.0,0.0
8a48b394c89ffff,2.0,0.0,0.0,0.0,0.0,0.0
8a48b394c8a7fff,1.0,0.0,1.0,0.0,1.0,0.0
8a48b394c8affff,3.0,0.0,0.0,0.0,0.0,1.0
8a48b394c8b7fff,2.0,0.0,2.0,0.0,0.0,0.0
8a48b394c8c7fff,1.0,0.0,0.0,0.0,0.0,0.0
8a48b394c8cffff,1.0,0.0,2.0,0.0,0.0,0.0
8a48b394c8d7fff,3.0,0.0,1.0,1.0,0.0,0.0
8a48b394c8dffff,0.0,0.0,0.0,0.0,0.0,0.0
8a48b394c8e7fff,1.0,0.0,0.0,0.0,0.0,0.0
8a48b394c8effff,0.0,0.0,0.0,0.0,0.0,0.0
8a48b394c8f7fff,0.0,0.0,0.0,0.0,0.0,0.0
8a48b394c907fff,1.0,0.0,0.0,0.0,0.0,0.0
8a48b394c90ffff,0.0,0.0,1.0,0.0,1.0,0.0
8a48b394c917fff,4.0,0.0,6.0,1.0,0.0,0.0
8a48b394c91ffff,1.0,0.0,0.0,0.0,0.0,0.0
8a48b394c927fff,0.0,0.0,0.0,0.0,0.0,0.0
8a48b394c92ffff,1.0,0.0,0.0,0.0,0.0,0.0
8a48b394c937fff,1.0,0.0,0.0,0.0,0.0,0.0
8a48b394c947fff,2.0,0.0,0.0,0.0,0.0,0.0
8a48b394c94ffff,0.0,0.0,2.0,2.0,0.0,0.0
8a48b394c957fff,2.0,0.0,0.0,0.0,0.0,0.0
8a48b394c95ffff,0.0,0.0,0.0,0.0,0.0,2.0
8a48b394c967fff,2.0,0.0,0.0,0.0,0.0,0.0
8a48b394c96ffff,4.0,0.0,2.0,2.0,0.0,0.0
8a48b394c977fff,3.0,0.0,2.0,2.0,0.0,2.0
8a48b394c987fff,0.0,0.0,0.0,0.0,0.0,0.0
8a48b394c98ffff,0.0,0.0,0.0,0.0,0.0,0.0
8a48b394c997fff,2.0,0.0,0.0,0.0,0.0,0.0
8a48b394c99ffff,2.0,0.0,0.0,0.0,0.0,0.0
8a48b394c9a7fff,1.0,0.0,1.0,1.0,0.0,0.0
8a48b394c9affff,2.0,0.0,1.0,0.0,0.0,1.0
8a48b394c9b7fff,3.0,0.0,0.0,0.0,0.0,0.0
8a48b394ca07fff,0.0,0.0,0.0,0.0,0.0,0.0
8a48b394ca0ffff,1.0,0.0,0.0,0.0,0.0,0.0
8a48b394ca17fff,0.0,0.0,0.0,0.0,0.0,0.0
8a48b394ca27fff,2.0,0.0,0.0,0.0,0.0,1.0
8a48b394ca47fff,0.0,0.0,0.0,0.0,0.0,0.0
8a48b394ca57fff,0.0,0.0,0.0,0.0,0.0,0.0
8a48b394ca5ffff,0.0,0.0,0.0,0.0,0.0,0.0
8a48b394ca67fff,7.0,0.0,0.0,0.0,0.0,0.0
8a48b394ca77fff,0.0,0.0,0.0,0.0,0.0,1.0
8a48b394ca87fff,1.0,0.0,0.0,0.0,0.0,0.0
8a48b394ca8ffff,0.0,0.0,0.0,0.0,0.0,0.0
8a48b394ca97fff,1.0,0.0,0.0,0.0,0.0,0.0
8a48b394caa7fff,1.0,0.0,0.0,0.0,0.0,0.0
8a48b394caaffff,0.0,0.0,0.0,0.0,0.0,0.0
8a48b394cab7fff,0.0,0.0,1.0,0.0,0.0,1.0
8a48b394cac7fff,0.0,0.0,0.0,0.0,0.0,0.0
8a48b394cad7fff,0.0,0.0,0.0,0.0,0.0,0.0
8a48b394cb07fff,0.0,0.0,0.0,0.0,0.0,0.0
8a48b394cb0ffff,0.0,0.0,0.0,0.0,0.0,0.0
8a48b394cb1ffff,1.0,0.0,0.0,0.0,0.0,0.0
8a48b394cb2ffff,0.0,0.0,0.0,0.0,0.0,0.0
8a48b394cb37fff,0.0,0.0,0.0,0.0,0.0,0.0
8a48b394cb5ffff,1.0,0.0,0.0,0.0,0.0,0.0
8a48b394cb67fff,1.0,0.0,0.0,0.0,0.0,0.0
8a48b394cb77fff,0.0,0.0,0.0,0.0,0.0,0.0
8a48b394cb8ffff,0.0,0.0,0.0,0.0,0.0,0.0
8a48b394cb97fff,1.0,0.0,0.0,0.0,0.0,0.0
8a48b394cb9ffff,1.0,0.0,0.0,0.0,0.0,0.0
8a48b394cba7fff,0.0,0.0,0.0,0.0,0.0,0.0
8a48b394cbaffff,0.0,0.0,0.0,0.0,0.0,0.0
8a48b394cc07fff,1.0,0.0,0.0,0.0,0.0,2.0
8a48b394cc17fff,1.0,0.0,0.0,0.0,0.0,0.0
8a48b394cc1ffff,3.0,0.0,0.0,0.0,0.0,0.0
8a48b394cc27fff,0.0,0.0,0.0,0.0,0.0,0.0
8a48b394cc2ffff,1.0,0.0,0.0,0.0,0.0,0.0
8a48b394cc37fff,1.0,0.0,0.0,0.0,0.0,0.0
8a48b394cc4ffff,0.0,0.0,0.0,0.0,0.0,0.0
8a48b394cc57fff,1.0,0.0,0.0,0.0,0.0,1.0
8a48b394cc5ffff,1.0,0.0,0.0,0.0,0.0,0.0
8a48b394cc6ffff,5.0,0.0,0.0,0.0,0.0,0.0
8a48b394cc77fff,2.0,0.0,0.0,0.0,0.0,0.0
8a48b394cca7fff,4.0,0.0,0.0,0.0,0.0,0.0
8a48b394ccaffff,0.0,0.0,0.0,0.0,0.0,0.0
8a48b394ccc7fff,0.0,0.0,0.0,0.0,0.0,0.0
8a48b394cce7fff,1.0,0.0,0.0,0.0,0.0,0.0
8a48b394cceffff,1.0,0.0,0.0,0.0,0.0,0.0
8a48b394ccf7fff,0.0,0.0,2.0,0.0,0.0,0.0
8a48b394cd07fff,1.0,0.0,0.0,0.0,0.0,0.0
8a48b394cd0ffff,3.0,0.0,2.0,0.0,0.0,0.0
8a48b394cd27fff,2.0,0.0,0.0,0.0,0.0,0.0
8a48b394cd47fff,0.0,0.0,1.0,1.0,0.0,0.0
8a48b394cd4ffff,0.0,0.0,0.0,0.0,0.0,0.0
8a48b394cd57fff,7.0,0.0,0.0,0.0,0.0,0.0
8a48b394cd5ffff,3.0,0.0,0.0,0.0,0.0,1.0
8a48b394cd87fff,1.0,0.0,0.0,0.0,0.0,0.0
8a48b394cd8ffff,0.0,0.0,0.0,0.0,0.0,0.0
8a48b394cd97fff,2.0,0.0,1.0,0.0,1.0,0.0
8a48b394cd9ffff,2.0,0.0,0.0,0.0,0.0,0.0
8a48b394cda7fff,1.0,0.0,0.0,0.0,0.0,0.0
8a48b394cdaffff,0.0,0.0,0.0,0.0,0.0,0.0
8a48b394dd97fff,0.0,0.0,0.0,0.0,0.0,0.0
8a48b394ddaffff,0.0,0.0,0.0,0.0,0.0,0.0
8a48b394ddb7fff,0.0,0.0,0.0,0.0,0.0,0.0
8a48b3960007fff,1.0,0.0,0.0,0.0,0.0,0.0
8a48b396001ffff,1.0,0.0,0.0,0.0,0.0,0.0
8a48b3960057fff,1.0,0.0,0.0,0.0,0.0,0.0
8a48b3960087fff,0.0,0.0,0.0,0.0,0.0,0.0
8a48b396008ffff,0.0,0.0,0.0,0.0,0.0,0.0
8a48b39600affff,0.0,0.0,0.0,0.0,0.0,0.0
8a48b39600b7fff,0.0,0.0,0.0,0.0,0.0,0.0
8a48b39600c7fff,0.0,0.0,0.0,0.0,0.0,0.0
8a48b39600cffff,0.0,0.0,0.0,0.0,0.0,0.0
8a48b39600dffff,0.0,0.0,1.0,0.0,0.0,0.0
8a48b39600f7fff,0.0,0.0,0.0,0.0,0.0,0.0
8a48b3960117fff,1.0,0.0,0.0,0.0,0.0,0.0
8a48b3960127fff,1.0,0.0,1.0,0.0,0.0,0.0
8a48b3960157fff,1.0,0.0,0.0,0.0,0.0,0.0
8a48b39601a7fff,0.0,0.0,0.0,0.0,0.0,0.0
8a48b39601b7fff,0.0,0.0,1.0,0.0,0.0,0.0
8a48b396024ffff,0.0,0.0,0.0,0.0,0.0,0.0
8a48b396025ffff,0.0,0.0,0.0,0.0,0.0,0.0
8a48b396026ffff,1.0,0.0,0.0,0.0,0.0,0.0
8a48b3960297fff,0.0,0.0,0.0,0.0,0.0,0.0
8a48b396029ffff,0.0,0.0,0.0,0.0,0.0,0.0
8a48b39602cffff,0.0,0.0,0.0,0.0,0.0,0.0
8a48b39602dffff,0.0,0.0,1.0,0.0,0.0,0.0
8a48b39602effff,0.0,0.0,0.0,0.0,0.0,0.0
8a48b3960377fff,0.0,0.0,0.0,0.0,0.0,0.0
8a48b396040ffff,0.0,0.0,0.0,0.0,0.0,0.0
8a48b396041ffff,0.0,0.0,0.0,0.0,0.0,0.0
8a48b3960437fff,0.0,0.0,0.0,0.0,0.0,0.0
8a48b3960447fff,0.0,0.0,0.0,0.0,0.0,0.0
8a48b3960457fff,0.0,0.0,1.0,0.0,0.0,0.0
8a48b396046ffff,1.0,0.0,0.0,0.0,0.0,0.0
8a48b3960477fff,1.0,0.0,0.0,0.0,0.0,0.0
8a48b3960497fff,0.0,0.0,0.0,0.0,0.0,0.0
8a48b396049ffff,0.0,0.0,0.0,0.0,0.0,0.0
8a48b39604a7fff,0.0,0.0,0.0,0.0,0.0,0.0
8a48b39604affff,1.0,0.0,0.0,0.0,0.0,0.0
8a48b39604b7fff,0.0,0.0,0.0,0.0,0.0,0.0
8a48b39604c7fff,4.0,0.0,3.0,0.0,3.0,0.0
8a48b39604cffff,0.0,0.0,0.0,0.0,0.0,0.0
8a48b39604e7fff,1.0,0.0,0.0,0.0,0.0,0.0
8a48b39604f7fff,0.0,0.0,1.0,0.0,0.0,0.0
8a48b3960507fff,0.0,0.0,0.0,0.0,0.0,0.0
8a48b3960527fff,0.0,0.0,0.0,0.0,0.0,0.0
8a48b3960557fff,1.0,0.0,0.0,0.0,0.0,0.0
8a48b396055ffff,0.0,0.0,0.0,0.0,0.0,0.0
8a48b396056ffff,0.0,0.0,0.0,0.0,0.0,0.0
8a48b396058ffff,0.0,0.0,0.0,0.0,0.0,0.0
8a48b3960607fff,1.0,0.0,0.0,0.0,0.0,0.0
8a48b396060ffff,1.0,0.0,0.0,0.0,0.0,0.0
8a48b3960617fff,0.0,0.0,0.0,0.0,0.0,0.0
8a48b3960627fff,1.0,0.0,0.0,0.0,0.0,0.0
8a48b3960637fff,0.0,0.0,0.0,0.0,0.0,1.0
8a48b3960647fff,0.0,0.0,0.0,0.0,0.0,0.0
8a48b396064ffff,0.0,0.0,0.0,0.0,0.0,0.0
8a48b3960657fff,0.0,0.0,0.0,0.0,0.0,0.0
8a48b396065ffff,0.0,0.0,0.0,0.0,0.0,0.0
8a48b396066ffff,0.0,0.0,0.0,0.0,0.0,0.0
8a48b396068ffff,0.0,0.0,0.0,0.0,0.0,0.0
8a48b396069ffff,0.0,0.0,0.0,0.0,0.0,0.0
8a48b39606c7fff,0.0,0.0,0.0,0.0,0.0,0.0
8a48b39606effff,0.0,0.0,0.0,0.0,0.0,0.0
8a48b39606f7fff,0.0,0.0,0.0,0.0,0.0,0.0
8a48b396071ffff,0.0,0.0,0.0,0.0,0.0,0.0
8a48b3960777fff,0.0,0.0,0.0,0.0,0.0,0.0
8a48b3960787fff,1.0,0.0,0.0,0.0,0.0,0.0
8a48b396078ffff,0.0,0.0,0.0,0.0,0.0,0.0
8a48b39607affff,0.0,0.0,0.0,0.0,0.0,0.0
8a48b39607b7fff,0.0,0.0,0.0,0.0,0.0,0.0
8a48b3960827fff,1.0,0.0,0.0,0.0,0.0,0.0
8a48b3960887fff,0.0,0.0,0.0,0.0,0.0,0.0
8a48b396088ffff,1.0,0.0,0.0,0.0,0.0,0.0
8a48b396089ffff,0.0,0.0,0.0,0.0,0.0,0.0
8a48b39608c7fff,1.0,0.0,0.0,0.0,0.0,0.0
8a48b39608cffff,0.0,0.0,0.0,0.0,0.0,0.0
8a48b39608d7fff,0.0,0.0,1.0,0.0,1.0,0.0
8a48b396090ffff,0.0,0.0,0.0,0.0,0.0,0.0
8a48b3960917fff,0.0,0.0,0.0,0.0,0.0,0.0
8a48b396091ffff,1.0,0.0,0.0,0.0,0.0,0.0
8a48b3960927fff,0.0,0.0,0.0,0.0,0.0,0.0
8a48b3960937fff,1.0,0.0,0.0,0.0,0.0,0.0
8a48b3960947fff,0.0,0.0,0.0,0.0,0.0,0.0
8a48b3960997fff,1.0,0.0,0.0,0.0,0.0,0.0
8a48b396099ffff,0.0,0.0,0.0,0.0,0.0,0.0
8a48b3960a27fff,2.0,0.0,0.0,0.0,0.0,0.0
8a48b3960a2ffff,2.0,0.0,0.0,0.0,0.0,0.0
8a48b3960a47fff,1.0,0.0,0.0,0.0,0.0,0.0
8a48b3960a4ffff,0.0,0.0,0.0,0.0,0.0,0.0
8a48b3960a57fff,0.0,0.0,0.0,0.0,0.0,0.0
8a48b3960a5ffff,0.0,0.0,0.0,0.0,0.0,0.0
8a48b3960a6ffff,0.0,0.0,0.0,0.0,0.0,0.0
8a48b3960a77fff,1.0,0.0,6.0,0.0,1.0,1.0
8a48b3960b0ffff,5.0,0.0,5.0,1.0,1.0,0.0
8a48b3960b17fff,0.0,0.0,0.0,0.0,0.0,0.0
8a48b3960b1ffff,1.0,0.0,0.0,0.0,0.0,0.0
8a48b3960b27fff,0.0,0.0,1.0,0.0,1.0,0.0
8a48b3960b2ffff,2.0,0.0,0.0,0.0,0.0,0.0
8a48b3960b57fff,1.0,0.0,1.0,0.0,1.0,0.0
8a48b3960b5ffff,1.0,0.0,0.0,0.0,0.0,0.0
8a48b3960b77fff,0.0,0.0,0.0,0.0,0.0,1.0
8a48b3960b8ffff,3.0,0.0,0.0,0.0,0.0,0.0
8a48b3960ba7fff,0.0,0.0,0.0,0.0,0.0,0.0
8a48b3960bb7fff,0.0,0.0,0.0,0.0,0.0,0.0
8a48b3960c07fff,0.0,0.0,0.0,0.0,0.0,0.0
8a48b3960c17fff,0.0,0.0,0.0,0.0,0.0,1.0
8a48b3960c1ffff,2.0,0.0,0.0,0.0,0.0,0.0
8a48b3960c27fff,0.0,0.0,0.0,0.0,0.0,0.0
8a48b3960c47fff,0.0,0.0,0.0,0.0,0.0,0.0
8a48b3960c57fff,0.0,0.0,0.0,0.0,0.0,0.0
8a48b3960c5ffff,1.0,0.0,0.0,0.0,0.0,0.0
8a48b3960c87fff,0.0,0.0,0.0,0.0,0.0,0.0
8a48b3960c8ffff,0.0,0.0,0.0,0.0,0.0,0.0
8a48b3960c97fff,1.0,0.0,0.0,0.0,0.0,0.0
8a48b3960cc7fff,1.0,0.0,0.0,0.0,0.0,0.0
8a48b3960cd7fff,0.0,0.0,1.0,1.0,0.0,1.0
8a48b3960ce7fff,1.0,0.0,0.0,0.0,0.0,0.0
8a48b3960cf7fff,1.0,0.0,0.0,0.0,0.0,0.0
8a48b3960d1ffff,0.0,0.0,0.0,0.0,0.0,0.0
8a48b3960d27fff,0.0,0.0,0.0,0.0,0.0,0.0
8a48b3960d4ffff,0.0,0.0,0.0,0.0,0.0,0.0
8a48b3960d77fff,0.0,0.0,0.0,0.0,0.0,0.0
8a48b3960d97fff,0.0,0.0,0.0,0.0,0.0,0.0
8a48b3960daffff,0.0,0.0,0.0,0.0,0.0,0.0
8a48b3960db7fff,0.0,0.0,1.0,0.0,0.0,0.0
8a48b3961007fff,1.0,0.0,0.0,0.0,0.0,0.0
8a48b396100ffff,1.0,0.0,0.0,0.0,0.0,0.0
8a48b3961047fff,0.0,0.0,4.0,0.0,0.0,0.0
8a48b396104ffff,1.0,0.0,0.0,0.0,0.0,0.0
8a48b3961057fff,0.0,0.0,0.0,0.0,0.0,0.0
8a48b396105ffff,0.0,0.0,4.0,0.0,0.0,0.0
8a48b3961067fff,0.0,0.0,0.0,0.0,0.0,0.0
8a48b396109ffff,1.0,0.0,0.0,0.0,0.0,0.0
8a48b39610a7fff,1.0,0.0,0.0,0.0,0.0,0.0
8a48b39610affff,1.0,0.0,0.0,0.0,0.0,0.0
8a48b39610c7fff,0.0,0.0,0.0,0.0,0.0,0.0
8a48b39610cffff,0.0,0.0,0.0,0.0,0.0,0.0
8a48b39610dffff,0.0,0.0,0.0,0.0,0.0,0.0
8a48b39610e7fff,1.0,0.0,0.0,0.0,0.0,0.0
8a48b39610effff,1.0,0.0,0.0,0.0,0.0,0.0
8a48b3961107fff,0.0,0.0,0.0,0.0,0.0,0.0
8a48b396110ffff,0.0,0.0,0.0,0.0,0.0,1.0
8a48b3961117fff,1.0,0.0,1.0,0.0,0.0,0.0
8a48b396111ffff,1.0,0.0,0.0,0.0,0.0,0.0
8a48b3961127fff,1.0,0.0,0.0,0.0,0.0,0.0
8a48b3961137fff,0.0,0.0,0.0,0.0,0.0,0.0
8a48b396114ffff,0.0,0.0,0.0,0.0,0.0,0.0
8a48b3961157fff,0.0,0.0,0.0,0.0,0.0,0.0
8a48b3961167fff,1.0,0.0,0.0,0.0,0.0,0.0
8a48b396118ffff,0.0,0.0,0.0,0.0,0.0,0.0
8a48b39611a7fff,0.0,0.0,0.0,0.0,0.0,0.0
8a48b39611affff,2.0,0.0,0.0,0.0,0.0,0.0
8a48b39611b7fff,0.0,0.0,0.0,0.0,0.0,0.0
8a48b396120ffff,0.0,0.0,0.0,0.0,0.0,0.0
8a48b396121ffff,0.0,0.0,0.0,0.0,0.0,0.0
8a48b3961227fff,0.0,0.0,0.0,0.0,0.0,1.0
8a48b396122ffff,0.0,0.0,0.0,0.0,0.0,0.0
8a48b3961237fff,1.0,0.0,0.0,0.0,0.0,0.0
8a48b3961267fff,1.0,0.0,2.0,0.0,0.0,0.0
8a48b396126ffff,0.0,0.0,0.0,0.0,0.0,0.0
8a48b3961277fff,0.0,0.0,1.0,1.0,0.0,0.0
8a48b3961287fff,1.0,0.0,0.0,0.0,0.0,0.0
8a48b39612a7fff,0.0,0.0,0.0,0.0,0.0,0.0
8a48b39612dffff,0.0,0.0,0.0,0.0,0.0,1.0
8a48b3961317fff,1.0,0.0,0.0,0.0,0.0,0.0
8a48b396131ffff,0.0,0.0,1.0,0.0,0.0,0.0
8a48b396134ffff,0.0,0.0,0.0,0.0,0.0,0.0
8a48b396135ffff,0.0,0.0,1.0,0.0,1.0,0.0
8a48b3961387fff,0.0,0.0,0.0,0.0,0.0,0.0
8a48b3961397fff,0.0,0.0,0.0,0.0,0.0,0.0
8a48b39613affff,0.0,0.0,0.0,0.0,0.0,0.0
8a48b39613b7fff,0.0,0.0,0.0,0.0,0.0,0.0
8a48b3961417fff,0.0,0.0,0.0,0.0,0.0,1.0
8a48b3961447fff,2.0,0.0,0.0,0.0,0.0,0.0
8a48b396144ffff,1.0,0.0,0.0,0.0,0.0,0.0
8a48b396145ffff,7.0,0.0,0.0,0.0,0.0,0.0
8a48b396146ffff,0.0,0.0,0.0,0.0,0.0,0.0
8a48b3961487fff,0.0,0.0,0.0,0.0,0.0,0.0
8a48b396148ffff,0.0,0.0,2.0,0.0,0.0,0.0
8a48b3961497fff,2.0,0.0,0.0,0.0,0.0,0.0
8a48b39614a7fff,1.0,0.0,0.0,0.0,0.0,0.0
8a48b39614affff,0.0,0.0,1.0,1.0,0.0,0.0
8a48b39614b7fff,1.0,0.0,0.0,0.0,0.0,0.0
8a48b39614c7fff,1.0,0.0,0.0,0.0,0.0,0.0
8a48b39614cffff,1.0,0.0,0.0,0.0,0.0,0.0
8a48b3961507fff,1.0,0.0,0.0,0.0,0.0,0.0
8a48b396150ffff,1.0,0.0,0.0,0.0,0.0,0.0
8a48b3961527fff,1.0,0.0,1.0,0.0,1.0,1.0
8a48b396152ffff,3.0,0.0,1.0,1.0,0.0,0.0
8a48b3961537fff,0.0,0.0,2.0,0.0,0.0,0.0
8a48b396154ffff,1.0,0.0,0.0,0.0,0.0,0.0
8a48b3961557fff,0.0,0.0,0.0,0.0,0.0,0.0
8a48b396155ffff,5.0,0.0,0.0,0.0,0.0,0.0
8a48b3961567fff,0.0,0.0,0.0,0.0,0.0,0.0
8a48b396156ffff,0.0,0.0,0.0,0.0,0.0,0.0
8a48b3961577fff,1.0,0.0,0.0,0.0,0.0,0.0
8a48b3961587fff,0.0,0.0,0.0,0.0,0.0,0.0
8a48b3961597fff,0.0,0.0,0.0,0.0,0.0,0.0
8a48b396159ffff,0.0,0.0,0.0,0.0,0.0,0.0
8a48b396160ffff,0.0,0.0,0.0,0.0,0.0,0.0
8a48b3961647fff,2.0,0.0,0.0,0.0,0.0,0.0
8a48b396164ffff,1.0,0.0,0.0,0.0,0.0,0.0
8a48b3961657fff,0.0,0.0,1.0,1.0,0.0,1.0
8a48b396165ffff,0.0,0.0,0.0,0.0,0.0,0.0
8a48b3961667fff,1.0,0.0,0.0,0.0,0.0,0.0
8a48b3961687fff,2.0,0.0,1.0,0.0,0.0,0.0
8a48b396169ffff,0.0,0.0,0.0,0.0,0.0,0.0
8a48b39616a7fff,1.0,0.0,0.0,0.0,0.0,0.0
8a48b39616b7fff,4.0,0.0,1.0,0.0,0.0,0.0
8a48b39616cffff,0.0,0.0,0.0,0.0,0.0,0.0
8a48b39616effff,0.0,0.0,0.0,0.0,0.0,0.0
8a48b3961707fff,1.0,0.0,0.0,0.0,0.0,0.0
8a48b396170ffff,1.0,0.0,0.0,0.0,0.0,0.0
8a48b3961717fff,0.0,0.0,0.0,0.0,0.0,0.0
8a48b396171ffff,0.0,0.0,1.0,1.0,0.0,0.0
8a48b3961727fff,1.0,0.0,0.0,0.0,0.0,0.0
8a48b396172ffff,1.0,0.0,0.0,0.0,0.0,0.0
8a48b3961737fff,0.0,0.0,0.0,0.0,0.0,1.0
8a48b3961747fff,0.0,0.0,0.0,0.0,0.0,0.0
8a48b3961767fff,0.0,0.0,0.0,0.0,0.0,0.0
8a48b396176ffff,1.0,0.0,0.0,0.0,0.0,0.0
8a48b3961787fff,3.0,0.0,0.0,0.0,0.0,0.0
8a48b396178ffff,1.0,0.0,0.0,0.0,0.0,0.0
8a48b3961797fff,1.0,0.0,0.0,0.0,0.0,0.0
8a48b396179ffff,0.0,0.0,0.0,0.0,0.0,1.0
8a48b39617a7fff,1.0,0.0,1.0,1.0,0.0,0.0
8a48b39617b7fff,0.0,0.0,0.0,0.0,0.0,0.0
8a48b3961807fff,0.0,0.0,1.0,0.0,0.0,0.0
8a48b3961827fff,0.0,0.0,0.0,0.0,0.0,0.0
8a48b396184ffff,0.0,0.0,1.0,1.0,0.0,1.0
8a48b396185ffff,1.0,0.0,0.0,0.0,0.0,0.0
8a48b3961877fff,0.0,0.0,0.0,0.0,0.0,0.0
8a48b3961897fff,1.0,0.0,0.0,0.0,0.0,0.0
8a48b396189ffff,0.0,0.0,0.0,0.0,0.0,0.0
8a48b39618c7fff,1.0,0.0,0.0,0.0,0.0,0.0
8a48b39618cffff,1.0,0.0,0.0,0.0,0.0,0.0
8a48b39618d7fff,0.0,0.0,0.0,0.0,0.0,0.0
8a48b39618dffff,0.0,0.0,0.0,0.0,0.0,0.0
8a48b39618effff,0.0,0.0,1.0,1.0,0.0,0.0
8a48b3961947fff,0.0,0.0,0.0,0.0,0.0,0.0
8a48b3961957fff,3.0,0.0,0.0,0.0,0.0,0.0
8a48b3961967fff,0.0,0.0,0.0,0.0,0.0,0.0
8a48b3961997fff,1.0,0.0,0.0,0.0,0.0,0.0
8a48b3961a0ffff,1.0,0.0,0.0,0.0,0.0,0.0
8a48b3961a17fff,1.0,0.0,0.0,0.0,0.0,0.0
8a48b3961a5ffff,1.0,0.0,0.0,0.0,0.0,0.0
8a48b3961aaffff,0.0,0.0,0.0,0.0,0.0,0.0
8a48b3961b27fff,0.0,0.0,0.0,0.0,0.0,0.0
8a48b3961b37fff,0.0,0.0,1.0,1.0,0.0,0.0
8a48b3961bb7fff,1.0,0.0,0.0,0.0,0.0,0.0
8a48b3961c07fff,1.0,0.0,0.0,0.0,0.0,0.0
8a48b3961c0ffff,0.0,0.0,2.0,0.0,0.0,0.0
8a48b3961c37fff,0.0,0.0,0.0,0.0,0.0,0.0
8a48b3961c47fff,0.0,0.0,0.0,0.0,0.0,1.0
8a48b3961c4ffff,2.0,0.0,0.0,0.0,0.0,1.0
8a48b3961c5ffff,0.0,0.0,0.0,0.0,0.0,0.0
8a48b3961c67fff,1.0,0.0,1.0,1.0,0.0,0.0
8a48b3961c6ffff,0.0,0.0,0.0,0.0,0.0,0.0
8a48b3961c87fff,0.0,0.0,0.0,0.0,0.0,0.0
8a48b3961c8ffff,2.0,0.0,0.0,0.0,0.0,0.0
8a48b3961ca7fff,2.0,0.0,0.0,0.0,0.0,0.0
8a48b3961caffff,6.0,0.0,2.0,2.0,0.0,1.0
8a48b3961cc7fff,0.0,0.0,0.0,0.0,0.0,0.0
8a48b3961ccffff,2.0,0.0,0.0,0.0,0.0,0.0
8a48b3961cd7fff,5.0,0.0,2.0,0.0,1.0,0.0
8a48b3961cdffff,2.0,0.0,0.0,0.0,0.0,0.0
8a48b3961ceffff,0.0,0.0,0.0,0.0,0.0,1.0
8a48b3961cf7fff,0.0,0.0,0.0,0.0,0.0,0.0
8a48b3961d17fff,1.0,0.0,0.0,0.0,0.0,0.0
8a48b3961d47fff,0.0,0.0,0.0,0.0,0.0,0.0
8a48b3961d4ffff,0.0,0.0,0.0,0.0,0.0,0.0
8a48b3961d57fff,1.0,0.0,0.0,0.0,0.0,0.0
8a48b3961d67fff,0.0,0.0,0.0,0.0,0.0,0.0
8a48b3961d87fff,0.0,0.0,2.0,1.0,1.0,0.0
8a48b3961d9ffff,1.0,0.0,0.0,0.0,0.0,0.0
8a48b3961db7fff,0.0,0.0,0.0,0.0,0.0,1.0
8a48b396200ffff,0.0,0.0,0.0,0.0,0.0,0.0
8a48b396201ffff,1.0,0.0,0.0,0.0,0.0,0.0
8a48b3962027fff,0.0,0.0,0.0,0.0,0.0,0.0
8a48b396202ffff,0.0,0.0,1.0,0.0,0.0,0.0
8a48b3962047fff,1.0,0.0,0.0,0.0,0.0,0.0
8a48b396204ffff,0.0,0.0,0.0,0.0,0.0,1.0
8a48b3962057fff,2.0,0.0,0.0,0.0,0.0,0.0
8a48b3962067fff,0.0,0.0,0.0,0.0,0.0,0.0
8a48b3962077fff,0.0,0.0,0.0,0.0,0.0,0.0
8a48b396208ffff,0.0,0.0,1.0,0.0,0.0,0.0
8a48b396209ffff,0.0,0.0,3.0,0.0,0.0,0.0
8a48b39620a7fff,0.0,0.0,3.0,1.0,2.0,0.0
8a48b39620affff,3.0,1.0,0.0,0.0,0.0,0.0
8a48b39620c7fff,2.0,0.0,0.0,0.0,0.0,1.0
8a48b39620cffff,7.0,0.0,0.0,0.0,0.0,0.0
8a48b39620d7fff,10.0,0.0,7.0,3.0,3.0,0.0
8a48b39620dffff,1.0,0.0,1.0,0.0,1.0,1.0
8a48b39620f7fff,2.0,0.0,0.0,0.0,0.0,0.0
8a48b3962107fff,0.0,0.0,0.0,0.0,0.0,0.0
8a48b3962127fff,0.0,0.0,0.0,0.0,0.0,0.0
8a48b3962147fff,1.0,0.0,0.0,0.0,0.0,0.0
8a48b396214ffff,0.0,0.0,0.0,0.0,0.0,0.0
8a48b3962157fff,0.0,0.0,0.0,0.0,0.0,0.0
8a48b396215ffff,0.0,0.0,0.0,0.0,0.0,0.0
8a48b3962167fff,1.0,0.0,0.0,0.0,0.0,0.0
8a48b396216ffff,0.0,0.0,0.0,0.0,0.0,0.0
8a48b3962177fff,0.0,0.0,0.0,0.0,0.0,0.0
8a48b396218ffff,2.0,0.0,0.0,0.0,0.0,0.0
8a48b3962217fff,1.0,0.0,0.0,0.0,0.0,0.0
8a48b396221ffff,0.0,0.0,0.0,0.0,0.0,0.0
8a48b3962287fff,0.0,0.0,1.0,1.0,0.0,0.0
8a48b3962297fff,0.0,0.0,0.0,0.0,0.0,0.0
8a48b39622a7fff,0.0,0.0,0.0,0.0,0.0,0.0
8a48b39622b7fff,0.0,0.0,1.0,0.0,0.0,0.0
8a48b39622f7fff,0.0,0.0,0.0,0.0,0.0,0.0
8a48b3962307fff,0.0,0.0,0.0,0.0,0.0,0.0
8a48b396230ffff,3.0,0.0,2.0,0.0,0.0,1.0
8a48b3962317fff,3.0,0.0,1.0,1.0,0.0,0.0
8a48b396231ffff,5.0,0.0,3.0,2.0,0.0,0.0
8a48b3962327fff,0.0,0.0,0.0,0.0,0.0,0.0
8a48b396232ffff,0.0,0.0,0.0,0.0,0.0,0.0
8a48b3962347fff,0.0,0.0,0.0,0.0,0.0,1.0
8a48b3962357fff,4.0,0.0,0.0,0.0,0.0,0.0
8a48b3962367fff,0.0,0.0,1.0,1.0,0.0,0.0
8a48b396236ffff,6.0,0.0,0.0,0.0,0.0,1.0
8a48b3962377fff,1.0,0.0,0.0,0.0,0.0,3.0
8a48b396238ffff,0.0,0.0,0.0,0.0,0.0,0.0
8a48b3962397fff,2.0,0.0,1.0,0.0,0.0,0.0
8a48b396239ffff,1.0,0.0,0.0,0.0,0.0,0.0
8a48b39623a7fff,6.0,0.0,0.0,0.0,0.0,2.0
8a48b39623affff,2.0,0.0,0.0,0.0,0.0,0.0
8a48b39623b7fff,5.0,0.0,0.0,0.0,0.0,0.0
8a48b396240ffff,0.0,0.0,0.0,0.0,0.0,0.0
8a48b3962417fff,1.0,0.0,2.0,1.0,0.0,0.0
8a48b396241ffff,2.0,0.0,0.0,0.0,0.0,0.0
8a48b3962447fff,0.0,0.0,0.0,0.0,0.0,1.0
8a48b3962457fff,1.0,0.0,0.0,0.0,0.0,0.0
8a48b396246ffff,1.0,0.0,3.0,2.0,0.0,0.0
8a48b3962477fff,1.0,0.0,4.0,0.0,0.0,0.0
8a48b39624a7fff,2.0,0.0,0.0,0.0,0.0,1.0
8a48b39624affff,1.0,0.0,0.0,0.0,0.0,0.0
8a48b39624b7fff,4.0,0.0,0.0,0.0,0.0,0.0
8a48b39624d7fff,1.0,0.0,0.0,0.0,0.0,0.0
8a48b39624effff,1.0,0.0,0.0,0.0,0.0,0.0
8a48b3962617fff,0.0,0.0,0.0,0.0,0.0,0.0
8a48b396261ffff,0.0,0.0,0.0,0.0,0.0,1.0
8a48b396262ffff,0.0,0.0,0.0,0.0,0.0,1.0
8a48b3962647fff,0.0,0.0,0.0,0.0,0.0,0.0
8a48b396264ffff,0.0,0.0,0.0,0.0,0.0,0.0
8a48b3962657fff,4.0,0.0,0.0,0.0,0.0,0.0
8a48b3962667fff,0.0,0.0,0.0,0.0,0.0,0.0
8a48b396266ffff,1.0,0.0,0.0,0.0,0.0,0.0
8a48b396268ffff,0.0,0.0,0.0,0.0,0.0,1.0
8a48b3962697fff,0.0,0.0,0.0,0.0,0.0,1.0
8a48b39626dffff,1.0,0.0,0.0,0.0,0.0,0.0
8a48b39626effff,1.0,0.0,0.0,0.0,0.0,0.0
8a48b3962727fff,3.0,0.0,0.0,0.0,0.0,0.0
8a48b396272ffff,1.0,0.0,0.0,0.0,0.0,0.0
8a48b3962737fff,1.0,0.0,0.0,0.0,0.0,0.0
8a48b3962757fff,2.0,0.0,0.0,0.0,0.0,0.0
8a48b396275ffff,1.0,0.0,0.0,0.0,0.0,0.0
8a48b396276ffff,0.0,0.0,0.0,0.0,0.0,0.0
8a48b3962777fff,2.0,0.0,0.0,0.0,0.0,0.0
8a48b3962797fff,0.0,0.0,0.0,0.0,0.0,0.0
8a48b39627a7fff,1.0,0.0,0.0,0.0,0.0,0.0
8a48b39627b7fff,0.0,0.0,2.0,2.0,0.0,0.0
8a48b396280ffff,0.0,0.0,0.0,0.0,0.0,0.0
8a48b3962817fff,2.0,0.0,0.0,0.0,0.0,0.0
8a48b396281ffff,1.0,0.0,0.0,0.0,0.0,0.0
8a48b3962837fff,0.0,0.0,0.0,0.0,0.0,0.0
8a48b3962847fff,0.0,0.0,0.0,0.0,0.0,0.0
8a48b3962857fff,2.0,0.0,2.0,0.0,2.0,0.0
8a48b396285ffff,0.0,0.0,1.0,1.0,0.0,0.0
8a48b3962867fff,0.0,0.0,0.0,0.0,0.0,0.0
8a48b3962877fff,1.0,0.0,0.0,0.0,0.0,1.0
8a48b39628affff,0.0,0.0,0.0,0.0,0.0,0.0
8a48b39628d7fff,1.0,0.0,0.0,0.0,0.0,0.0
8a48b39628dffff,0.0,0.0,0.0,0.0,0.0,0.0
8a48b39628e7fff,2.0,0.0,0.0,0.0,0.0,0.0
8a48b39628effff,0.0,0.0,0.0,0.0,0.0,0.0
8a48b39628f7fff,0.0,0.0,2.0,0.0,0.0,0.0
8a48b396290ffff,0.0,0.0,3.0,0.0,1.0,0.0
8a48b3962917fff,2.0,0.0,0.0,0.0,0.0,0.0
8a48b396291ffff,4.0,0.0,0.0,0.0,0.0,0.0
8a48b3962937fff,1.0,0.0,2.0,0.0,0.0,0.0
8a48b3962947fff,0.0,0.0,0.0,0.0,0.0,0.0
8a48b3962957fff,1.0,0.0,0.0,0.0,0.0,0.0
8a48b396295ffff,1.0,0.0,0.0,0.0,0.0,0.0
8a48b3962977fff,0.0,0.0,0.0,0.0,0.0,1.0
8a48b396298ffff,1.0,0.0,0.0,0.0,0.0,0.0
8a48b396299ffff,0.0,0.0,0.0,0.0,0.0,0.0
8a48b39629b7fff,1.0,0.0,0.0,0.0,0.0,0.0
8a48b3962a07fff,0.0,0.0,0.0,0.0,0.0,0.0
8a48b3962a0ffff,0.0,0.0,0.0,0.0,0.0,0.0
8a48b3962a17fff,0.0,0.0,0.0,0.0,0.0,0.0
8a48b3962a1ffff,1.0,0.0,0.0,0.0,0.0,0.0
8a48b3962a47fff,0.0,0.0,0.0,0.0,0.0,0.0
8a48b3962a4ffff,0.0,0.0,0.0,0.0,0.0,0.0
8a48b3962a57fff,2.0,0.0,0.0,0.0,0.0,0.0
8a48b3962a5ffff,0.0,0.0,0.0,0.0,0.0,0.0
8a48b3962a6ffff,0.0,0.0,0.0,0.0,0.0,0.0
8a48b3962a77fff,0.0,0.0,0.0,0.0,0.0,0.0
8a48b3962a87fff,3.0,0.0,0.0,0.0,0.0,0.0
8a48b3962a97fff,0.0,0.0,0.0,0.0,0.0,0.0
8a48b3962a9ffff,0.0,0.0,0.0,0.0,0.0,0.0
8a48b3962aa7fff,0.0,0.0,0.0,0.0,0.0,0.0
8a48b3962ad7fff,0.0,0.0,1.0,1.0,0.0,0.0
8a48b3962ae7fff,0.0,0.0,2.0,1.0,0.0,0.0
8a48b3962aeffff,0.0,0.0,0.0,0.0,0.0,0.0
8a48b3962af7fff,0.0,0.0,3.0,0.0,0.0,0.0
8a48b3962b07fff,0.0,0.0,0.0,0.0,0.0,0.0
8a48b3962b1ffff,2.0,0.0,0.0,0.0,0.0,0.0
8a48b3962b27fff,0.0,0.0,0.0,0.0,0.0,0.0
8a48b3962b37fff,0.0,0.0,0.0,0.0,0.0,0.0
8a48b3962b77fff,0.0,0.0,4.0,0.0,1.0,0.0
8a48b3962b87fff,0.0,0.0,0.0,0.0,0.0,0.0
8a48b3962b97fff,2.0,0.0,0.0,0.0,0.0,0.0
8a48b3962b9ffff,2.0,0.0,1.0,1.0,0.0,0.0
8a48b3962bb7fff,1.0,0.0,0.0,0.0,0.0,0.0
8a48b3962c47fff,0.0,0.0,0.0,0.0,0.0,0.0
8a48b3962c4ffff,0.0,0.0,0.0,0.0,0.0,0.0
8a48b3962c67fff,0.0,0.0,0.0,0.0,0.0,0.0
8a48b3962c6ffff,0.0,0.0,0.0,0.0,0.0,1.0
8a48b3962d47fff,1.0,0.0,0.0,0.0,0.0,0.0
8a48b3962d77fff,0.0,0.0,2.0,0.0,0.0,0.0
8a48b3963077fff,0.0,0.0,0.0,0.0,0.0,0.0
8a48b396309ffff,1.0,0.0,0.0,0.0,0.0,0.0
8a48b3963107fff,1.0,0.0,0.0,0.0,0.0,0.0
8a48b3963117fff,2.0,0.0,0.0,0.0,0.0,0.0
8a48b3963127fff,0.0,0.0,0.0,0.0,0.0,0.0
8a48b3963137fff,1.0,0.0,0.0,0.0,0.0,0.0
8a48b3963147fff,3.0,0.0,0.0,0.0,0.0,0.0
8a48b3963167fff,2.0,0.0,0.0,0.0,0.0,0.0
8a48b396316ffff,1.0,0.0,0.0,0.0,0.0,0.0
8a48b3963177fff,4.0,0.0,0.0,0.0,0.0,1.0
8a48b3963197fff,0.0,0.0,5.0,4.0,1.0,0.0
8a48b39631a7fff,1.0,0.0,0.0,0.0,0.0,0.0
8a48b39631affff,0.0,0.0,0.0,0.0,0.0,0.0
8a48b396324ffff,0.0,0.0,0.0,0.0,0.0,0.0
8a48b396325ffff,0.0,0.0,1.0,0.0,0.0,0.0
8a48b396326ffff,0.0,0.0,0.0,0.0,0.0,0.0
8a48b39634b7fff,1.0,0.0,0.0,0.0,0.0,0.0
8a48b396350ffff,1.0,0.0,0.0,0.0,0.0,0.0
8a48b3963557fff,0.0,0.0,0.0,0.0,0.0,1.0
8a48b396356ffff,0.0,0.0,0.0,0.0,0.0,0.0
8a48b3963577fff,0.0,0.0,0.0,0.0,0.0,1.0
8a48b3963807fff,0.0,0.0,0.0,0.0,0.0,0.0
8a48b3963827fff,0.0,0.0,0.0,0.0,0.0,0.0
8a48b396382ffff,1.0,0.0,0.0,0.0,0.0,0.0
8a48b3963837fff,0.0,0.0,0.0,0.0,0.0,0.0
8a48b3963857fff,0.0,0.0,0.0,0.0,0.0,0.0
8a48b396386ffff,1.0,0.0,0.0,0.0,0.0,0.0
8a48b3963877fff,1.0,0.0,0.0,0.0,0.0,0.0
8a48b3963897fff,1.0,0.0,0.0,0.0,0.0,0.0
8a48b39638affff,0.0,0.0,0.0,0.0,0.0,1.0
8a48b39638b7fff,1.0,0.0,0.0,0.0,0.0,0.0
8a48b39638e7fff,1.0,0.0,0.0,0.0,0.0,0.0
8a48b39638f7fff,0.0,0.0,1.0,1.0,0.0,0.0
8a48b3963907fff,0.0,0.0,0.0,0.0,0.0,0.0
8a48b3963917fff,0.0,0.0,0.0,0.0,0.0,0.0
8a48b3963927fff,0.0,0.0,0.0,0.0,0.0,0.0
8a48b396392ffff,0.0,0.0,1.0,0.0,0.0,0.0
8a48b3963937fff,0.0,0.0,0.0,0.0,0.0,0.0
8a48b39639a7fff,0.0,0.0,0.0,0.0,0.0,0.0
8a48b39639b7fff,0.0,0.0,0.0,0.0,0.0,0.0
8a48b3963a0ffff,0.0,0.0,0.0,0.0,0.0,0.0
8a48b3963a17fff,1.0,0.0,0.0,0.0,0.0,0.0
8a48b3963a1ffff,2.0,0.0,2.0,1.0,0.0,0.0
8a48b3963a47fff,0.0,0.0,3.0,0.0,0.0,1.0
8a48b3963a4ffff,1.0,0.0,1.0,0.0,0.0,0.0
8a48b3963a57fff,1.0,0.0,3.0,0.0,3.0,0.0
8a48b3963a67fff,1.0,0.0,0.0,0.0,0.0,0.0
8a48b3963a6ffff,0.0,0.0,0.0,0.0,0.0,2.0
8a48b3963a8ffff,0.0,0.0,0.0,0.0,0.0,1.0
8a48b3963aa7fff,0.0,0.0,6.0,1.0,0.0,0.0
8a48b3963aaffff,1.0,0.0,0.0,0.0,0.0,0.0
8a48b3963acffff,0.0,0.0,1.0,0.0,0.0,0.0
8a48b3963ad7fff,0.0,0.0,0.0,0.0,0.0,1.0
8a48b3963b17fff,0.0,0.0,0.0,0.0,0.0,0.0
8a48b3963b37fff,1.0,0.0,0.0,0.0,0.0,0.0
8a48b3963b4ffff,1.0,0.0,0.0,0.0,0.0,0.0
8a48b3963b87fff,0.0,0.0,0.0,0.0,0.0,1.0
8a48b3963b9ffff,2.0,0.0,0.0,0.0,0.0,0.0
8a48b3963ba7fff,0.0,0.0,0.0,0.0,0.0,0.0
8a48b3963c07fff,2.0,0.0,0.0,0.0,0.0,0.0
8a48b3963c0ffff,0.0,0.0,0.0,0.0,0.0,0.0
8a48b3963c1ffff,1.0,0.0,1.0,1.0,0.0,0.0
8a48b3963c27fff,2.0,0.0,0.0,0.0,0.0,0.0
8a48b3963c4ffff,2.0,0.0,1.0,1.0,0.0,0.0
8a48b3963c57fff,2.0,0.0,1.0,0.0,0.0,0.0
8a48b3963c5ffff,1.0,0.0,0.0,0.0,0.0,1.0
8a48b3963c67fff,0.0,0.0,0.0,0.0,0.0,0.0
8a48b3963ca7fff,0.0,0.0,0.0,0.0,0.0,0.0
8a48b3963ccffff,0.0,0.0,0.0,0.0,0.0,1.0
8a48b3963cdffff,0.0,0.0,0.0,0.0,0.0,0.0
8a48b3963ce7fff,3.0,0.0,0.0,0.0,0.0,0.0
8a48b3963ceffff,1.0,0.0,0.0,0.0,0.0,0.0
8a48b3963cf7fff,0.0,0.0,0.0,0.0,0.0,0.0
8a48b3963d07fff,0.0,0.0,0.0,0.0,0.0,0.0
8a48b3963d17fff,0.0,0.0,0.0,0.0,0.0,0.0
8a48b3963d1ffff,0.0,0.0,0.0,0.0,0.0,0.0
8a48b3963d27fff,2.0,0.0,0.0,0.0,0.0,0.0
8a48b3963d37fff,0.0,0.0,0.0,0.0,0.0,0.0
8a48b3963d4ffff,1.0,0.0,0.0,0.0,0.0,0.0
8a48b3963d57fff,2.0,0.0,0.0,0.0,0.0,0.0
8a48b3963d5ffff,0.0,0.0,0.0,0.0,0.0,0.0
8a48b3963d77fff,0.0,0.0,0.0,0.0,0.0,0.0
8a48b3963d8ffff,1.0,0.0,0.0,0.0,0.0,0.0
8a48b3963d9ffff,2.0,0.0,0.0,0.0,0.0,0.0
8a48b396402ffff,1.0,0.0,0.0,0.0,0.0,0.0
8a48b3964047fff,1.0,0.0,0.0,0.0,0.0,0.0
8a48b396406ffff,0.0,0.0,1.0,1.0,0.0,0.0
8a48b39640a7fff,1.0,0.0,0.0,0.0,0.0,0.0
8a48b3964257fff,2.0,0.0,0.0,0.0,0.0,0.0
8a48b396425ffff,1.0,0.0,0.0,0.0,0.0,0.0
8a48b3964287fff,0.0,0.0,0.0,0.0,0.0,0.0
8a48b396431ffff,0.0,0.0,1.0,1.0,0.0,0.0
8a48b3964327fff,1.0,0.0,0.0,0.0,0.0,0.0
8a48b3964337fff,1.0,0.0,0.0,0.0,0.0,0.0
8a48b396438ffff,1.0,0.0,0.0,0.0,0.0,0.0
8a48b396456ffff,1.0,0.0,0.0,0.0,0.0,0.0
8a48b396461ffff,0.0,0.0,0.0,0.0,0.0,0.0
8a48b3964647fff,0.0,0.0,0.0,0.0,0.0,0.0
8a48b396464ffff,1.0,0.0,0.0,0.0,0.0,0.0
8a48b3964657fff,0.0,0.0,0.0,0.0,0.0,0.0
8a48b396465ffff,0.0,0.0,0.0,0.0,0.0,0.0
8a48b3964677fff,0.0,0.0,0.0,0.0,0.0,0.0
8a48b3964687fff,1.0,0.0,0.0,0.0,0.0,0.0
8a48b3964697fff,1.0,0.0,0.0,0.0,0.0,0.0
8a48b39646affff,0.0,0.0,0.0,0.0,0.0,1.0
8a48b39646d7fff,0.0,0.0,0.0,0.0,0.0,0.0
8a48b39646dffff,0.0,0.0,0.0,0.0,0.0,0.0
8a48b39646f7fff,0.0,0.0,0.0,0.0,0.0,0.0
8a48b396474ffff,0.0,0.0,1.0,0.0,0.0,0.0
8a48b3964787fff,0.0,0.0,0.0,0.0,0.0,0.0
8a48b39648cffff,1.0,0.0,0.0,0.0,0.0,0.0
8a48b3964a27fff,0.0,0.0,0.0,0.0,0.0,0.0
8a48b3964a37fff,0.0,0.0,0.0,0.0,0.0,0.0
8a48b3964a87fff,4.0,0.0,0.0,0.0,0.0,0.0
8a48b3964a8ffff,1.0,0.0,0.0,0.0,0.0,0.0
8a48b3964a9ffff,1.0,0.0,1.0,1.0,0.0,0.0
8a48b3964ab7fff,0.0,0.0,0.0,0.0,0.0,1.0
8a48b3964b1ffff,0.0,0.0,0.0,0.0,0.0,0.0
8a48b3964b47fff,0.0,0.0,1.0,0.0,1.0,0.0
8a48b3964b57fff,0.0,0.0,0.0,0.0,0.0,0.0
8a48b3964b87fff,3.0,0.0,0.0,0.0,0.0,0.0
8a48b3964b97fff,2.0,0.0,0.0,0.0,0.0,0.0
8a48b3964b9ffff,1.0,0.0,0.0,0.0,0.0,0.0
8a48b3964baffff,0.0,0.0,0.0,0.0,0.0,0.0
8a48b3964bb7fff,1.0,0.0,0.0,0.0,0.0,1.0
8a48b396514ffff,0.0,0.0,0.0,0.0,0.0,1.0
8a48b396515ffff,0.0,0.0,0.0,0.0,0.0,0.0
8a48b396520ffff,1.0,0.0,0.0,0.0,0.0,0.0
8a48b3965227fff,1.0,0.0,0.0,0.0,0.0,0.0
8a48b396524ffff,0.0,0.0,0.0,0.0,0.0,0.0
8a48b39652affff,0.0,0.0,0.0,0.0,0.0,0.0
8a48b39652cffff,0.0,0.0,2.0,1.0,1.0,0.0
8a48b39652d7fff,0.0,0.0,0.0,0.0,0.0,0.0
8a48b39652effff,1.0,0.0,0.0,0.0,0.0,0.0
8a48b3965487fff,1.0,0.0,2.0,1.0,0.0,0.0
8a48b396548ffff,1.0,0.0,0.0,0.0,0.0,0.0
8a48b3965507fff,0.0,0.0,0.0,0.0,0.0,0.0
8a48b3965517fff,1.0,0.0,0.0,0.0,0.0,0.0
8a48b3965587fff,0.0,0.0,0.0,0.0,0.0,0.0
8a48b396559ffff,0.0,0.0,0.0,0.0,0.0,1.0
8a48b39655affff,0.0,0.0,0.0,0.0,0.0,1.0
8a48b39655b7fff,5.0,0.0,3.0,1.0,1.0,1.0
8a48b396562ffff,1.0,0.0,0.0,0.0,0.0,0.0
8a48b3965697fff,0.0,0.0,0.0,0.0,0.0,0.0
8a48b396569ffff,1.0,0.0,0.0,0.0,0.0,0.0
8a48b39656cffff,0.0,0.0,0.0,0.0,0.0,0.0
8a48b39656dffff,0.0,0.0,0.0,0.0,0.0,0.0
8a48b39656e7fff,2.0,0.0,0.0,0.0,0.0,0.0
8a48b396579ffff,0.0,0.0,0.0,0.0,0.0,2.0
8a48b3965a8ffff,0.0,0.0,0.0,0.0,0.0,1.0
8a48b3965ac7fff,0.0,0.0,0.0,0.0,0.0,0.0
8a48b3965ae7fff,0.0,0.0,4.0,0.0,0.0,0.0
8a48b3965af7fff,0.0,0.0,0.0,0.0,0.0,1.0
8a48b396601ffff,0.0,0.0,1.0,0.0,0.0,0.0
8a48b396602ffff,0.0,0.0,0.0,0.0,0.0,0.0
8a48b396604ffff,0.0,0.0,0.0,0.0,0.0,0.0
8a48b396608ffff,1.0,0.0,0.0,0.0,0.0,0.0
8a48b39660c7fff,0.0,0.0,0.0,0.0,0.0,0.0
8a48b3966207fff,2.0,0.0,0.0,0.0,0.0,0.0
8a48b3966217fff,2.0,0.0,0.0,0.0,0.0,0.0
8a48b396622ffff,0.0,0.0,0.0,0.0,0.0,0.0
8a48b3966237fff,0.0,0.0,0.0,0.0,0.0,0.0
8a48b3966257fff,0.0,0.0,0.0,0.0,0.0,0.0
8a48b3966267fff,2.0,0.0,0.0,0.0,0.0,0.0
8a48b396626ffff,1.0,0.0,0.0,0.0,0.0,0.0
8a48b3966287fff,2.0,0.0,1.0,1.0,0.0,0.0
8a48b396628ffff,1.0,0.0,0.0,0.0,0.0,0.0
8a48b39662a7fff,1.0,0.0,1.0,0.0,0.0,0.0
8a48b39662affff,0.0,0.0,0.0,0.0,0.0,0.0
8a48b39662c7fff,0.0,0.0,0.0,0.0,0.0,0.0
8a48b39662d7fff,1.0,0.0,0.0,0.0,0.0,0.0
8a48b39662f7fff,0.0,0.0,0.0,0.0,0.0,0.0
8a48b3966307fff,0.0,0.0,1.0,0.0,0.0,0.0
8a48b396631ffff,0.0,0.0,0.0,0.0,0.0,0.0
8a48b396632ffff,0.0,0.0,0.0,0.0,0.0,0.0
8a48b3966337fff,0.0,0.0,0.0,0.0,0.0,0.0
8a48b3966347fff,0.0,0.0,0.0,0.0,0.0,0.0
8a48b396634ffff,0.0,0.0,0.0,0.0,0.0,0.0
8a48b3966367fff,0.0,0.0,0.0,0.0,0.0,0.0
8a48b3966387fff,0.0,0.0,0.0,0.0,0.0,0.0
8a48b396638ffff,0.0,0.0,0.0,0.0,0.0,0.0
8a48b396639ffff,1.0,0.0,0.0,0.0,0.0,0.0
8a48b39663b7fff,0.0,0.0,0.0,0.0,0.0,0.0
8a48b3966447fff,0.0,0.0,0.0,0.0,0.0,0.0
8a48b396644ffff,0.0,0.0,0.0,0.0,0.0,0.0
8a48b396646ffff,0.0,0.0,0.0,0.0,0.0,0.0
8a48b396649ffff,0.0,0.0,0.0,0.0,0.0,0.0
8a48b39664a7fff,0.0,0.0,0.0,0.0,0.0,0.0
8a48b39664b7fff,0.0,0.0,1.0,1.0,0.0,0.0
8a48b39664d7fff,0.0,0.0,0.0,0.0,0.0,0.0
8a48b39664f7fff,0.0,0.0,0.0,0.0,0.0,0.0
8a48b396650ffff,0.0,0.0,0.0,0.0,0.0,0.0
8a48b3966567fff,0.0,0.0,0.0,0.0,0.0,0.0
8a48b396656ffff,0.0,0.0,0.0,0.0,0.0,0.0
8a48b3966617fff,0.0,0.0,14.0,1.0,1.0,0.0
8a48b3966657fff,0.0,0.0,0.0,0.0,0.0,0.0
8a48b3966677fff,0.0,0.0,0.0,0.0,0.0,0.0
8a48b39666d7fff,0.0,0.0,0.0,0.0,0.0,0.0
8a48b39666e7fff,1.0,0.0,0.0,0.0,0.0,0.0
8a48b39666f7fff,0.0,0.0,0.0,0.0,0.0,0.0
8a48b396670ffff,0.0,0.0,0.0,0.0,0.0,0.0
8a48b3966717fff,0.0,0.0,0.0,0.0,0.0,0.0
8a48b396671ffff,0.0,0.0,1.0,0.0,0.0,0.0
8a48b3966727fff,0.0,0.0,0.0,0.0,0.0,0.0
8a48b3966737fff,1.0,0.0,0.0,0.0,0.0,0.0
8a48b3966747fff,0.0,0.0,0.0,0.0,0.0,0.0
8a48b396675ffff,0.0,0.0,1.0,1.0,0.0,0.0
8a48b396676ffff,0.0,0.0,1.0,1.0,0.0,0.0
8a48b3966777fff,0.0,0.0,0.0,0.0,0.0,0.0
8a48b3966797fff,0.0,0.0,0.0,0.0,0.0,0.0
8a48b39667a7fff,0.0,0.0,0.0,0.0,0.0,1.0
8a48b39667affff,0.0,0.0,0.0,0.0,0.0,0.0
8a48b3966a07fff,1.0,0.0,0.0,0.0,0.0,0.0
8a48b3966a1ffff,0.0,0.0,0.0,0.0,0.0,0.0
8a48b3966a27fff,0.0,0.0,0.0,0.0,0.0,0.0
8a48b3966a57fff,0.0,0.0,0.0,0.0,0.0,0.0
8a48b3966a5ffff,0.0,0.0,0.0,0.0,0.0,0.0
8a48b3966a67fff,3.0,0.0,0.0,0.0,0.0,0.0
8a48b3966a6ffff,1.0,0.0,0.0,0.0,0.0,0.0
8a48b3966a77fff,0.0,0.0,0.0,0.0,0.0,0.0
8a48b3966a87fff,0.0,0.0,0.0,0.0,0.0,0.0
8a48b3966a8ffff,0.0,0.0,0.0,0.0,0.0,0.0
8a48b3966a97fff,1.0,0.0,0.0,0.0,0.0,0.0
8a48b3966a9ffff,0.0,0.0,0.0,0.0,0.0,0.0
8a48b3966ac7fff,1.0,0.0,1.0,0.0,0.0,0.0
8a48b3966b47fff,0.0,0.0,1.0,0.0,1.0,0.0
8a48b3966b9ffff,0.0,0.0,0.0,0.0,0.0,0.0
8a48b3966ccffff,0.0,0.0,0.0,0.0,0.0,0.0
8a48b3968007fff,1.0,0.0,0.0,0.0,0.0,0.0
8a48b396804ffff,0.0,0.0,0.0,0.0,0.0,2.0
8a48b396806ffff,0.0,0.0,0.0,0.0,0.0,0.0
8a48b3968077fff,1.0,0.0,0.0,0.0,0.0,0.0
8a48b39680a7fff,1.0,0.0,0.0,0.0,0.0,0.0
8a48b39680c7fff,0.0,0.0,0.0,0.0,0.0,0.0
8a48b39680dffff,0.0,0.0,0.0,0.0,0.0,0.0
8a48b39680e7fff,1.0,0.0,0.0,0.0,0.0,0.0
8a48b396810ffff,0.0,0.0,0.0,0.0,0.0,0.0
8a48b3968117fff,1.0,0.0,0.0,0.0,0.0,0.0
8a48b396812ffff,1.0,0.0,1.0,1.0,0.0,0.0
8a48b3968137fff,1.0,0.0,0.0,0.0,0.0,0.0
8a48b3968147fff,0.0,0.0,0.0,0.0,0.0,0.0
8a48b396814ffff,0.0,0.0,0.0,0.0,0.0,0.0
8a48b3968167fff,0.0,0.0,0.0,0.0,0.0,0.0
8a48b396816ffff,1.0,0.0,0.0,0.0,0.0,1.0
8a48b3968187fff,1.0,0.0,0.0,0.0,0.0,0.0
8a48b3968197fff,2.0,0.0,0.0,0.0,0.0,0.0
8a48b39681b7fff,2.0,0.0,0.0,0.0,0.0,0.0
8a48b396820ffff,2.0,0.0,0.0,0.0,0.0,0.0
8a48b3968217fff,2.0,0.0,0.0,0.0,0.0,0.0
8a48b3968227fff,7.0,0.0,1.0,0.0,1.0,0.0
8a48b396822ffff,3.0,0.0,1.0,1.0,0.0,0.0
8a48b3968237fff,1.0,0.0,0.0,0.0,0.0,0.0
8a48b3968257fff,1.0,0.0,0.0,0.0,0.0,0.0
8a48b396825ffff,0.0,0.0,0.0,0.0,0.0,0.0
8a48b3968287fff,1.0,0.0,0.0,0.0,0.0,0.0
8a48b396828ffff,0.0,0.0,0.0,0.0,0.0,0.0
8a48b3968297fff,1.0,0.0,0.0,0.0,0.0,0.0
8a48b39682affff,1.0,0.0,0.0,0.0,0.0,0.0
8a48b39682b7fff,3.0,0.0,0.0,0.0,0.0,0.0
8a48b39682c7fff,1.0,0.0,0.0,0.0,0.0,0.0
8a48b39682cffff,0.0,0.0,0.0,0.0,0.0,0.0
8a48b39682effff,2.0,0.0,0.0,0.0,0.0,0.0
8a48b3968307fff,0.0,0.0,0.0,0.0,0.0,0.0
8a48b396830ffff,1.0,0.0,3.0,0.0,0.0,0.0
8a48b396831ffff,1.0,0.0,0.0,0.0,0.0,0.0
8a48b3968327fff,0.0,0.0,0.0,0.0,0.0,0.0
8a48b3968337fff,0.0,0.0,0.0,0.0,0.0,0.0
8a48b3968347fff,1.0,0.0,0.0,0.0,0.0,0.0
8a48b396834ffff,2.0,0.0,0.0,0.0,0.0,0.0
8a48b3968357fff,0.0,0.0,0.0,0.0,0.0,0.0
8a48b396835ffff,1.0,0.0,0.0,0.0,0.0,0.0
8a48b3968367fff,0.0,0.0,0.0,0.0,0.0,0.0
8a48b3968377fff,1.0,0.0,0.0,0.0,0.0,0.0
8a48b3968387fff,0.0,0.0,0.0,0.0,0.0,0.0
8a48b396838ffff,2.0,0.0,0.0,0.0,0.0,0.0
8a48b3968397fff,0.0,0.0,0.0,0.0,0.0,0.0
8a48b396839ffff,2.0,0.0,1.0,1.0,0.0,0.0
8a48b39683affff,1.0,0.0,0.0,0.0,0.0,0.0
8a48b3968407fff,0.0,0.0,0.0,0.0,0.0,0.0
8a48b396840ffff,4.0,0.0,4.0,0.0,2.0,0.0
8a48b3968417fff,0.0,0.0,0.0,0.0,0.0,0.0
8a48b396841ffff,0.0,0.0,1.0,0.0,0.0,0.0
8a48b396842ffff,1.0,0.0,0.0,0.0,0.0,0.0
8a48b3968437fff,0.0,0.0,0.0,0.0,0.0,0.0
8a48b3968447fff,1.0,0.0,0.0,0.0,0.0,0.0
8a48b396844ffff,3.0,0.0,0.0,0.0,0.0,0.0
8a48b3968457fff,5.0,0.0,0.0,0.0,0.0,0.0
8a48b396845ffff,4.0,0.0,0.0,0.0,0.0,0.0
8a48b3968467fff,2.0,0.0,0.0,0.0,0.0,0.0
8a48b396846ffff,0.0,0.0,0.0,0.0,0.0,0.0
8a48b3968477fff,6.0,0.0,0.0,0.0,0.0,1.0
8a48b396848ffff,0.0,0.0,1.0,0.0,0.0,0.0
8a48b3968497fff,1.0,0.0,0.0,0.0,0.0,0.0
8a48b39684affff,1.0,0.0,0.0,0.0,0.0,0.0
8a48b39684b7fff,2.0,0.0,0.0,0.0,0.0,0.0
8a48b39684cffff,1.0,0.0,0.0,0.0,0.0,0.0
8a48b39684d7fff,2.0,0.0,0.0,0.0,0.0,0.0
8a48b39684dffff,2.0,0.0,0.0,0.0,0.0,0.0
8a48b39684e7fff,1.0,0.0,0.0,0.0,0.0,0.0
8a48b39684f7fff,9.0,0.0,2.0,1.0,0.0,0.0
8a48b3968507fff,0.0,0.0,0.0,0.0,0.0,0.0
8a48b396850ffff,2.0,0.0,0.0,0.0,0.0,0.0
8a48b3968517fff,0.0,0.0,0.0,0.0,0.0,0.0
8a48b396851ffff,0.0,0.0,0.0,0.0,0.0,0.0
8a48b3968527fff,3.0,0.0,0.0,0.0,0.0,0.0
8a48b396852ffff,6.0,0.0,0.0,0.0,0.0,0.0
8a48b3968537fff,0.0,0.0,0.0,0.0,0.0,1.0
8a48b396854ffff,1.0,0.0,0.0,0.0,0.0,0.0
8a48b3968557fff,1.0,0.0,1.0,0.0,0.0,0.0
8a48b396855ffff,2.0,0.0,1.0,1.0,0.0,0.0
8a48b3968567fff,0.0,0.0,0.0,0.0,0.0,0.0
8a48b396856ffff,0.0,0.0,0.0,0.0,0.0,1.0
8a48b3968577fff,2.0,0.0,1.0,1.0,0.0,0.0
8a48b3968587fff,1.0,0.0,0.0,0.0,0.0,0.0
8a48b396858ffff,1.0,0.0,0.0,0.0,0.0,0.0
8a48b3968597fff,0.0,0.0,0.0,0.0,0.0,0.0
8a48b396859ffff,2.0,0.0,0.0,0.0,0.0,0.0
8a48b39685a7fff,1.0,0.0,0.0,0.0,0.0,0.0
8a48b39685b7fff,2.0,0.0,0.0,0.0,0.0,0.0
8a48b3968607fff,0.0,0.0,0.0,0.0,0.0,0.0
8a48b396860ffff,0.0,0.0,0.0,0.0,0.0,0.0
8a48b396861ffff,1.0,0.0,0.0,0.0,0.0,0.0
8a48b3968627fff,6.0,0.0,0.0,0.0,0.0,0.0
8a48b396862ffff,0.0,0.0,0.0,0.0,0.0,0.0
8a48b3968637fff,3.0,0.0,0.0,0.0,0.0,0.0
8a48b3968647fff,1.0,0.0,0.0,0.0,0.0,0.0
8a48b396865ffff,0.0,0.0,0.0,0.0,0.0,0.0
8a48b396866ffff,1.0,0.0,0.0,0.0,0.0,0.0
8a48b3968677fff,1.0,0.0,0.0,0.0,0.0,0.0
8a48b3968687fff,0.0,0.0,1.0,1.0,0.0,0.0
8a48b396868ffff,0.0,0.0,1.0,0.0,0.0,0.0
8a48b3968697fff,0.0,0.0,0.0,0.0,0.0,0.0
8a48b396869ffff,1.0,0.0,0.0,0.0,0.0,0.0
8a48b39686a7fff,0.0,0.0,0.0,0.0,0.0,0.0
8a48b39686affff,3.0,0.0,0.0,0.0,0.0,0.0
8a48b39686b7fff,3.0,0.0,0.0,0.0,0.0,0.0
8a48b39686cffff,0.0,0.0,0.0,0.0,0.0,0.0
8a48b39686d7fff,1.0,0.0,0.0,0.0,0.0,0.0
8a48b39686e7fff,0.0,0.0,0.0,0.0,0.0,0.0
8a48b39686f7fff,0.0,0.0,0.0,0.0,0.0,0.0
8a48b396871ffff,2.0,0.0,0.0,0.0,0.0,0.0
8a48b396872ffff,0.0,0.0,0.0,0.0,0.0,0.0
8a48b3968747fff,7.0,0.0,0.0,0.0,0.0,0.0
8a48b396874ffff,1.0,0.0,0.0,0.0,0.0,0.0
8a48b3968757fff,4.0,0.0,0.0,0.0,0.0,0.0
8a48b396875ffff,2.0,0.0,0.0,0.0,0.0,0.0
8a48b396876ffff,2.0,0.0,1.0,0.0,1.0,0.0
8a48b3968777fff,0.0,0.0,0.0,0.0,0.0,0.0
8a48b3968787fff,4.0,0.0,0.0,0.0,0.0,0.0
8a48b396878ffff,1.0,0.0,0.0,0.0,0.0,0.0
8a48b3968797fff,9.0,0.0,3.0,1.0,1.0,0.0
8a48b396879ffff,3.0,0.0,0.0,0.0,0.0,0.0
8a48b39687a7fff,0.0,0.0,0.0,0.0,0.0,0.0
8a48b39687affff,2.0,0.0,2.0,0.0,0.0,0.0
8a48b39687b7fff,2.0,0.0,0.0,0.0,0.0,0.0
8a48b396880ffff,0.0,0.0,0.0,0.0,0.0,0.0
8a48b396881ffff,0.0,0.0,0.0,0.0,0.0,0.0
8a48b396882ffff,2.0,0.0,0.0,0.0,0.0,0.0
8a48b396884ffff,0.0,0.0,0.0,0.0,0.0,0.0
8a48b3968867fff,1.0,0.0,0.0,0.0,0.0,0.0
8a48b396886ffff,2.0,0.0,0.0,0.0,0.0,0.0
8a48b3968887fff,0.0,0.0,0.0,0.0,0.0,0.0
8a48b396888ffff,0.0,0.0,1.0,0.0,0.0,0.0
8a48b3968897fff,1.0,0.0,0.0,0.0,0.0,0.0
8a48b396889ffff,3.0,0.0,0.0,0.0,0.0,0.0
8a48b39688affff,0.0,0.0,0.0,0.0,0.0,1.0
8a48b39688b7fff,0.0,0.0,0.0,0.0,0.0,0.0
8a48b39688cffff,8.0,0.0,0.0,0.0,0.0,0.0
8a48b39688d7fff,0.0,0.0,0.0,0.0,0.0,0.0
8a48b39688dffff,8.0,0.0,2.0,0.0,2.0,1.0
8a48b3968947fff,1.0,0.0,0.0,0.0,0.0,0.0
8a48b3968957fff,1.0,0.0,0.0,0.0,0.0,0.0
8a48b396896ffff,1.0,0.0,0.0,0.0,0.0,0.0
8a48b3968977fff,0.0,0.0,0.0,0.0,0.0,1.0
8a48b3968987fff,1.0,0.0,0.0,0.0,0.0,0.0
8a48b3968997fff,0.0,0.0,0.0,0.0,0.0,1.0
8a48b396899ffff,0.0,0.0,0.0,0.0,0.0,1.0
8a48b39689a7fff,0.0,0.0,0.0,0.0,0.0,0.0
8a48b39689affff,0.0,0.0,0.0,0.0,0.0,2.0
8a48b3968a0ffff,1.0,0.0,0.0,0.0,0.0,0.0
8a48b3968a1ffff,0.0,0.0,0.0,0.0,0.0,0.0
8a48b3968a2ffff,0.0,0.0,0.0,0.0,0.0,0.0
8a48b3968a37fff,1.0,0.0,0.0,0.0,0.0,0.0
8a48b3968a4ffff,0.0,0.0,0.0,0.0,0.0,0.0
8a48b3968a57fff,0.0,0.0,0.0,0.0,0.0,0.0
8a48b3968a5ffff,1.0,0.0,0.0,0.0,0.0,0.0
8a48b3968a67fff,9.0,0.0,0.0,0.0,0.0,0.0
8a48b3968a6ffff,1.0,1.0,0.0,0.0,0.0,0.0
8a48b3968a77fff,3.0,0.0,2.0,0.0,0.0,1.0
8a48b3968a87fff,1.0,0.0,0.0,0.0,0.0,0.0
8a48b3968a97fff,1.0,0.0,0.0,0.0,0.0,0.0
8a48b3968a9ffff,1.0,0.0,0.0,0.0,0.0,0.0
8a48b3968aa7fff,1.0,0.0,0.0,0.0,0.0,0.0
8a48b3968aaffff,2.0,0.0,0.0,0.0,0.0,0.0
8a48b3968ab7fff,2.0,0.0,0.0,0.0,0.0,0.0
8a48b3968acffff,0.0,0.0,0.0,0.0,0.0,0.0
8a48b3968adffff,1.0,0.0,0.0,0.0,0.0,0.0
8a48b3968aeffff,0.0,0.0,0.0,0.0,0.0,0.0
8a48b3968b07fff,1.0,0.0,0.0,0.0,0.0,0.0
8a48b3968b0ffff,1.0,0.0,0.0,0.0,0.0,0.0
8a48b3968b1ffff,1.0,0.0,0.0,0.0,0.0,0.0
8a48b3968b27fff,3.0,0.0,0.0,0.0,0.0,0.0
8a48b3968b2ffff,1.0,0.0,0.0,0.0,0.0,0.0
8a48b3968b47fff,2.0,0.0,0.0,0.0,0.0,0.0
8a48b3968b4ffff,1.0,0.0,0.0,0.0,0.0,0.0
8a48b3968b57fff,2.0,0.0,0.0,0.0,0.0,0.0
8a48b3968b5ffff,1.0,0.0,0.0,0.0,0.0,0.0
8a48b3968b67fff,2.0,0.0,0.0,0.0,0.0,0.0
8a48b3968b6ffff,11.0,0.0,1.0,0.0,0.0,0.0
8a48b3968b77fff,4.0,0.0,0.0,0.0,0.0,0.0
8a48b3968b87fff,4.0,0.0,0.0,0.0,0.0,0.0
8a48b3968b8ffff,0.0,0.0,0.0,0.0,0.0,0.0
8a48b3968b97fff,4.0,0.0,1.0,1.0,0.0,0.0
8a48b3968ba7fff,1.0,1.0,0.0,0.0,0.0,0.0
8a48b3968baffff,3.0,0.0,0.0,0.0,0.0,0.0
8a48b3968bb7fff,5.0,0.0,0.0,0.0,0.0,0.0
8a48b3968c07fff,2.0,0.0,0.0,0.0,0.0,5.0
8a48b3968c0ffff,1.0,0.0,0.0,0.0,0.0,0.0
8a48b3968c17fff,2.0,0.0,0.0,0.0,0.0,12.0
8a48b3968c1ffff,1.0,0.0,0.0,0.0,0.0,0.0
8a48b3968c27fff,0.0,0.0,0.0,0.0,0.0,0.0
8a48b3968c2ffff,0.0,0.0,0.0,0.0,0.0,10.0
8a48b3968c37fff,0.0,0.0,0.0,0.0,0.0,1.0
8a48b3968c47fff,2.0,0.0,0.0,0.0,0.0,0.0
8a48b3968c4ffff,1.0,0.0,0.0,0.0,0.0,0.0
8a48b3968c57fff,1.0,0.0,0.0,0.0,0.0,0.0
8a48b3968c5ffff,3.0,0.0,0.0,0.0,0.0,0.0
8a48b3968c67fff,0.0,0.0,1.0,0.0,0.0,0.0
8a48b3968c6ffff,1.0,0.0,0.0,0.0,0.0,0.0
8a48b3968c77fff,0.0,0.0,0.0,0.0,0.0,0.0
8a48b3968c8ffff,1.0,0.0,0.0,0.0,0.0,0.0
8a48b3968c97fff,7.0,0.0,0.0,0.0,0.0,0.0
8a48b3968c9ffff,2.0,0.0,4.0,3.0,0.0,0.0
8a48b3968ca7fff,3.0,0.0,0.0,0.0,0.0,0.0
8a48b3968caffff,1.0,0.0,0.0,0.0,0.0,0.0
8a48b3968cb7fff,5.0,0.0,2.0,0.0,0.0,0.0
8a48b3968cc7fff,0.0,0.0,0.0,0.0,0.0,0.0
8a48b3968ccffff,3.0,0.0,0.0,0.0,0.0,0.0
8a48b3968ceffff,4.0,0.0,2.0,0.0,0.0,0.0
8a48b3968cf7fff,1.0,0.0,0.0,0.0,0.0,0.0
8a48b3968d07fff,1.0,0.0,0.0,0.0,0.0,0.0
8a48b3968d0ffff,4.0,0.0,0.0,0.0,0.0,0.0
8a48b3968d17fff,0.0,0.0,0.0,0.0,0.0,1.0
8a48b3968d1ffff,0.0,0.0,0.0,0.0,0.0,0.0
8a48b3968d27fff,1.0,0.0,0.0,0.0,0.0,1.0
8a48b3968d2ffff,1.0,0.0,0.0,0.0,0.0,0.0
8a48b3968d37fff,13.0,0.0,0.0,0.0,0.0,1.0
8a48b3968d47fff,2.0,0.0,0.0,0.0,0.0,0.0
8a48b3968d4ffff,0.0,0.0,1.0,0.0,0.0,10.0
8a48b3968d5ffff,0.0,0.0,0.0,0.0,0.0,0.0
8a48b3968d67fff,0.0,0.0,0.0,0.0,0.0,0.0
8a48b3968d6ffff,1.0,0.0,0.0,0.0,0.0,0.0
8a48b3968d87fff,1.0,0.0,0.0,0.0,0.0,0.0
8a48b3968d8ffff,1.0,0.0,0.0,0.0,0.0,0.0
8a48b3968d97fff,0.0,0.0,0.0,0.0,0.0,0.0
8a48b3968daffff,0.0,0.0,0.0,0.0,0.0,0.0
8a48b3968db7fff,0.0,0.0,0.0,0.0,0.0,0.0
8a48b396900ffff,0.0,0.0,0.0,0.0,0.0,0.0
8a48b396902ffff,0.0,0.0,1.0,0.0,1.0,0.0
8a48b3969047fff,1.0,0.0,1.0,0.0,1.0,0.0
8a48b396904ffff,0.0,0.0,0.0,0.0,0.0,0.0
8a48b3969057fff,0.0,0.0,0.0,0.0,0.0,0.0
8a48b396905ffff,1.0,0.0,0.0,0.0,0.0,0.0
8a48b39690effff,4.0,0.0,3.0,2.0,1.0,0.0
8a48b39690f7fff,0.0,0.0,0.0,0.0,0.0,0.0
8a48b396911ffff,1.0,0.0,0.0,0.0,0.0,0.0
8a48b3969127fff,2.0,0.0,1.0,0.0,0.0,0.0
8a48b3969137fff,1.0,0.0,3.0,2.0,0.0,0.0
8a48b3969157fff,1.0,0.0,2.0,0.0,0.0,1.0
8a48b396915ffff,0.0,0.0,0.0,0.0,0.0,1.0
8a48b396916ffff,0.0,0.0,1.0,0.0,0.0,0.0
8a48b3969177fff,1.0,0.0,0.0,0.0,0.0,0.0
8a48b396918ffff,1.0,0.0,0.0,0.0,0.0,0.0
8a48b39691a7fff,5.0,0.0,0.0,0.0,0.0,0.0
8a48b39691affff,1.0,0.0,0.0,0.0,0.0,0.0
8a48b39691b7fff,9.0,0.0,5.0,0.0,0.0,1.0
8a48b3969207fff,1.0,0.0,0.0,0.0,0.0,0.0
8a48b396920ffff,0.0,0.0,0.0,0.0,0.0,0.0
8a48b3969217fff,0.0,0.0,0.0,0.0,0.0,0.0
8a48b3969227fff,0.0,0.0,0.0,0.0,0.0,0.0
8a48b396924ffff,0.0,0.0,2.0,0.0,0.0,0.0
8a48b3969257fff,0.0,0.0,0.0,0.0,0.0,0.0
8a48b3969277fff,0.0,0.0,0.0,0.0,0.0,0.0
8a48b39692a7fff,0.0,0.0,1.0,1.0,0.0,0.0
8a48b39692b7fff,0.0,0.0,1.0,1.0,0.0,0.0
8a48b39692cffff,1.0,0.0,0.0,0.0,0.0,0.0
8a48b39692dffff,0.0,0.0,1.0,1.0,0.0,0.0
8a48b39692effff,1.0,0.0,0.0,0.0,0.0,0.0
8a48b3969317fff,0.0,0.0,0.0,0.0,0.0,0.0
8a48b396931ffff,0.0,0.0,0.0,0.0,0.0,1.0
8a48b396935ffff,0.0,0.0,1.0,1.0,0.0,0.0
8a48b3969377fff,1.0,0.0,0.0,0.0,0.0,0.0
8a48b3969397fff,0.0,0.0,1.0,1.0,0.0,0.0
8a48b396939ffff,1.0,0.0,0.0,0.0,0.0,0.0
8a48b39693affff,0.0,0.0,0.0,0.0,0.0,0.0
8a48b3969417fff,2.0,0.0,0.0,0.0,0.0,0.0
8a48b3969427fff,0.0,0.0,1.0,0.0,1.0,0.0
8a48b3969437fff,10.0,0.0,1.0,1.0,0.0,0.0
8a48b3969497fff,1.0,0.0,0.0,0.0,0.0,0.0
8a48b39694a7fff,8.0,0.0,2.0,0.0,0.0,1.0
8a48b39694b7fff,0.0,0.0,1.0,0.0,1.0,0.0
8a48b39694dffff,1.0,0.0,1.0,0.0,1.0,0.0
8a48b39694f7fff,0.0,0.0,1.0,1.0,0.0,0.0
8a48b3969507fff,1.0,0.0,0.0,0.0,0.0,0.0
8a48b396950ffff,6.0,0.0,7.0,0.0,0.0,1.0
8a48b3969517fff,2.0,0.0,0.0,0.0,0.0,0.0
8a48b396951ffff,3.0,0.0,0.0,0.0,0.0,0.0
8a48b396952ffff,6.0,0.0,2.0,0.0,0.0,0.0
8a48b3969537fff,0.0,0.0,0.0,0.0,0.0,0.0
8a48b3969567fff,6.0,0.0,1.0,1.0,0.0,0.0
8a48b396956ffff,0.0,0.0,0.0,0.0,0.0,1.0
8a48b3969577fff,2.0,0.0,0.0,0.0,0.0,0.0
8a48b396958ffff,0.0,0.0,0.0,0.0,0.0,0.0
8a48b396959ffff,2.0,0.0,0.0,0.0,0.0,0.0
8a48b39695a7fff,2.0,0.0,0.0,0.0,0.0,0.0
8a48b39695affff,4.0,0.0,0.0,0.0,0.0,0.0
8a48b39695b7fff,1.0,0.0,3.0,0.0,3.0,0.0
8a48b3969607fff,0.0,0.0,0.0,0.0,0.0,1.0
8a48b396960ffff,0.0,0.0,0.0,0.0,0.0,0.0
8a48b3969627fff,0.0,0.0,0.0,0.0,0.0,0.0
8a48b3969677fff,0.0,0.0,0.0,0.0,0.0,0.0
8a48b3969687fff,0.0,0.0,0.0,0.0,0.0,0.0
8a48b396969ffff,1.0,0.0,1.0,0.0,1.0,0.0
8a48b39696b7fff,0.0,0.0,0.0,0.0,0.0,0.0
8a48b39696cffff,1.0,0.0,0.0,0.0,0.0,0.0
8a48b39696d7fff,0.0,0.0,0.0,0.0,0.0,0.0
8a48b39696e7fff,0.0,0.0,0.0,0.0,0.0,0.0
8a48b39696f7fff,0.0,0.0,0.0,0.0,0.0,0.0
8a48b3969707fff,2.0,0.0,1.0,1.0,0.0,0.0
8a48b396970ffff,1.0,0.0,0.0,0.0,0.0,0.0
8a48b396972ffff,1.0,0.0,0.0,0.0,0.0,0.0
8a48b3969747fff,0.0,0.0,0.0,0.0,0.0,0.0
8a48b3969757fff,1.0,0.0,0.0,0.0,0.0,0.0
8a48b3969767fff,1.0,0.0,0.0,0.0,0.0,0.0
8a48b396976ffff,0.0,0.0,0.0,0.0,0.0,0.0
8a48b39697a7fff,0.0,0.0,0.0,0.0,0.0,1.0
8a48b3969807fff,0.0,0.0,0.0,0.0,0.0,0.0
8a48b396980ffff,3.0,0.0,3.0,1.0,0.0,0.0
8a48b396981ffff,1.0,0.0,0.0,0.0,0.0,0.0
8a48b396982ffff,1.0,0.0,0.0,0.0,0.0,0.0
8a48b3969837fff,0.0,0.0,0.0,0.0,0.0,0.0
8a48b396985ffff,1.0,0.0,0.0,0.0,0.0,0.0
8a48b3969867fff,5.0,0.0,0.0,0.0,0.0,0.0
8a48b396986ffff,3.0,0.0,0.0,0.0,0.0,0.0
8a48b3969877fff,16.0,0.0,2.0,1.0,1.0,1.0
8a48b3969887fff,3.0,0.0,0.0,0.0,0.0,0.0
8a48b396988ffff,13.0,0.0,1.0,1.0,0.0,0.0
8a48b3969897fff,3.0,0.0,0.0,0.0,0.0,0.0
8a48b396989ffff,1.0,0.0,0.0,0.0,0.0,0.0
8a48b39698a7fff,6.0,0.0,1.0,0.0,0.0,0.0
8a48b39698affff,2.0,0.0,0.0,0.0,0.0,0.0
8a48b39698b7fff,4.0,0.0,2.0,0.0,0.0,0.0
8a48b39698c7fff,1.0,0.0,0.0,0.0,0.0,0.0
8a48b39698cffff,0.0,0.0,0.0,0.0,0.0,0.0
8a48b39698d7fff,2.0,0.0,0.0,0.0,0.0,0.0
8a48b39698e7fff,1.0,0.0,3.0,0.0,0.0,0.0
8a48b39698f7fff,1.0,0.0,0.0,0.0,0.0,0.0
8a48b3969917fff,1.0,0.0,0.0,0.0,0.0,0.0
8a48b396992ffff,0.0,0.0,0.0,0.0,0.0,0.0
8a48b396994ffff,17.0,0.0,3.0,1.0,0.0,0.0
8a48b396995ffff,8.0,0.0,0.0,0.0,0.0,0.0
8a48b3969967fff,0.0,0.0,0.0,0.0,0.0,0.0
8a48b3969987fff,2.0,0.0,0.0,0.0,0.0,0.0
8a48b396998ffff,1.0,0.0,1.0,1.0,0.0,0.0
8a48b3969997fff,1.0,0.0,0.0,0.0,0.0,0.0
8a48b396999ffff,1.0,0.0,0.0,0.0,0.0,0.0
8a48b39699a7fff,8.0,0.0,1.0,1.0,0.0,0.0
8a48b39699b7fff,2.0,0.0,0.0,0.0,0.0,0.0
8a48b3969a2ffff,1.0,0.0,0.0,0.0,0.0,0.0
8a48b3969a37fff,0.0,0.0,0.0,0.0,0.0,0.0
8a48b3969a9ffff,0.0,0.0,0.0,0.0,0.0,0.0
8a48b3969ac7fff,1.0,0.0,0.0,0.0,0.0,0.0
8a48b3969af7fff,0.0,0.0,0.0,0.0,0.0,0.0
8a48b3969b37fff,3.0,0.0,0.0,0.0,0.0,0.0
8a48b3969b67fff,0.0,0.0,0.0,0.0,0.0,1.0
8a48b3969b8ffff,2.0,0.0,0.0,0.0,0.0,0.0
8a48b3969c07fff,2.0,0.0,0.0,0.0,0.0,0.0
8a48b3969c0ffff,3.0,0.0,0.0,0.0,0.0,0.0
8a48b3969c17fff,0.0,0.0,0.0,0.0,0.0,0.0
8a48b3969c1ffff,0.0,0.0,0.0,0.0,0.0,0.0
8a48b3969c27fff,1.0,0.0,0.0,0.0,0.0,0.0
8a48b3969c2ffff,3.0,0.0,1.0,0.0,1.0,0.0
8a48b3969c47fff,1.0,0.0,0.0,0.0,0.0,0.0
8a48b3969c4ffff,5.0,0.0,1.0,1.0,0.0,0.0
8a48b3969c57fff,1.0,0.0,0.0,0.0,0.0,0.0
8a48b3969c5ffff,3.0,0.0,0.0,0.0,0.0,0.0
8a48b3969c6ffff,4.0,0.0,0.0,0.0,0.0,0.0
8a48b3969c77fff,1.0,0.0,0.0,0.0,0.0,0.0
8a48b3969c87fff,2.0,0.0,0.0,0.0,0.0,0.0
8a48b3969c8ffff,1.0,0.0,2.0,0.0,2.0,0.0
8a48b3969c97fff,1.0,0.0,0.0,0.0,0.0,0.0
8a48b3969c9ffff,1.0,0.0,0.0,0.0,0.0,0.0
8a48b3969ca7fff,5.0,0.0,2.0,1.0,0.0,0.0
8a48b3969caffff,1.0,0.0,0.0,0.0,0.0,0.0
8a48b3969cb7fff,5.0,0.0,0.0,0.0,0.0,0.0
8a48b3969cc7fff,11.0,0.0,0.0,0.0,0.0,0.0
8a48b3969ccffff,7.0,0.0,0.0,0.0,0.0,0.0
8a48b3969cdffff,3.0,0.0,0.0,0.0,0.0,0.0
8a48b3969ce7fff,0.0,0.0,0.0,0.0,0.0,0.0
8a48b3969ceffff,3.0,0.0,0.0,0.0,0.0,0.0
8a48b3969cf7fff,0.0,0.0,0.0,0.0,0.0,1.0
8a48b3969d07fff,2.0,0.0,0.0,0.0,0.0,0.0
8a48b3969d0ffff,0.0,0.0,0.0,0.0,0.0,0.0
8a48b3969d17fff,4.0,0.0,0.0,0.0,0.0,0.0
8a48b3969d1ffff,1.0,0.0,0.0,0.0,0.0,0.0
8a48b3969d27fff,1.0,0.0,0.0,0.0,0.0,0.0
8a48b3969d4ffff,3.0,0.0,0.0,0.0,0.0,0.0
8a48b3969d57fff,0.0,0.0,0.0,0.0,0.0,1.0
8a48b3969d5ffff,4.0,0.0,0.0,0.0,0.0,0.0
8a48b3969d6ffff,1.0,0.0,1.0,1.0,0.0,0.0
8a48b3969d77fff,1.0,0.0,0.0,0.0,0.0,0.0
8a48b3969d87fff,1.0,0.0,0.0,0.0,0.0,0.0
8a48b3969d8ffff,2.0,0.0,2.0,2.0,0.0,0.0
8a48b3969d97fff,2.0,0.0,1.0,1.0,0.0,0.0
8a48b3969d9ffff,3.0,0.0,0.0,0.0,0.0,0.0
8a48b3969daffff,4.0,0.0,0.0,0.0,0.0,0.0
8a48b3969db7fff,4.0,0.0,0.0,0.0,0.0,0.0
8a48b396a04ffff,3.0,0.0,0.0,0.0,0.0,0.0
8a48b396a06ffff,2.0,0.0,2.0,0.0,0.0,1.0
8a48b396a087fff,2.0,0.0,0.0,0.0,0.0,0.0
8a48b396a097fff,1.0,0.0,0.0,0.0,0.0,0.0
8a48b396a0b7fff,1.0,0.0,0.0,0.0,0.0,0.0
8a48b396a0cffff,0.0,0.0,0.0,0.0,0.0,0.0
8a48b396a0dffff,3.0,0.0,0.0,0.0,0.0,0.0
8a48b396a107fff,2.0,0.0,0.0,0.0,0.0,0.0
8a48b396a11ffff,0.0,0.0,0.0,0.0,0.0,0.0
8a48b396a12ffff,5.0,0.0,1.0,0.0,0.0,0.0
8a48b396a147fff,1.0,0.0,0.0,0.0,0.0,0.0
8a48b396a15ffff,1.0,0.0,0.0,0.0,0.0,0.0
8a48b396a187fff,1.0,0.0,0.0,0.0,0.0,0.0
8a48b396a197fff,2.0,0.0,0.0,0.0,0.0,0.0
8a48b396a19ffff,2.0,0.0,0.0,0.0,0.0,0.0
8a48b396a1a7fff,0.0,0.0,0.0,0.0,0.0,0.0
8a48b396a1affff,0.0,0.0,0.0,0.0,0.0,0.0
8a48b396a207fff,2.0,0.0,0.0,0.0,0.0,0.0
8a48b396a20ffff,2.0,0.0,0.0,0.0,0.0,0.0
8a48b396a217fff,0.0,0.0,0.0,0.0,0.0,0.0
8a48b396a21ffff,0.0,0.0,0.0,0.0,0.0,0.0
8a48b396a227fff,3.0,0.0,0.0,0.0,0.0,0.0
8a48b396a22ffff,2.0,0.0,1.0,0.0,0.0,0.0
8a48b396a24ffff,1.0,0.0,0.0,0.0,0.0,0.0
8a48b396a257fff,0.0,0.0,0.0,0.0,0.0,0.0
8a48b396a25ffff,1.0,0.0,0.0,0.0,0.0,0.0
8a48b396a26ffff,0.0,0.0,0.0,0.0,0.0,0.0
8a48b396a277fff,2.0,0.0,2.0,2.0,0.0,0.0
8a48b396a287fff,49.0,0.0,1.0,1.0,0.0,0.0
8a48b396a297fff,16.0,0.0,2.0,1.0,0.0,0.0
8a48b396a29ffff,0.0,0.0,0.0,0.0,0.0,0.0
8a48b396a2a7fff,1.0,0.0,0.0,0.0,0.0,0.0
8a48b396a2affff,0.0,0.0,0.0,0.0,0.0,0.0
8a48b396a2b7fff,0.0,0.0,1.0,0.0,1.0,0.0
8a48b396a2c7fff,0.0,0.0,0.0,0.0,0.0,0.0
8a48b396a2cffff,0.0,0.0,0.0,0.0,0.0,0.0
8a48b396a2d7fff,0.0,0.0,0.0,0.0,0.0,0.0
8a48b396a2dffff,2.0,0.0,0.0,0.0,0.0,0.0
8a48b396a2e7fff,1.0,0.0,0.0,0.0,0.0,0.0
8a48b396a2effff,2.0,0.0,2.0,1.0,0.0,0.0
8a48b396a307fff,2.0,0.0,3.0,0.0,0.0,0.0
8a48b396a30ffff,1.0,0.0,0.0,0.0,0.0,1.0
8a48b396a317fff,0.0,0.0,0.0,0.0,0.0,0.0
8a48b396a31ffff,0.0,0.0,0.0,0.0,0.0,0.0
8a48b396a327fff,0.0,0.0,0.0,0.0,0.0,0.0
8a48b396a32ffff,1.0,0.0,0.0,0.0,0.0,0.0
8a48b396a337fff,0.0,0.0,0.0,0.0,0.0,0.0
8a48b396a347fff,4.0,0.0,2.0,0.0,0.0,0.0
8a48b396a357fff,0.0,0.0,6.0,0.0,0.0,0.0
8a48b396a35ffff,0.0,0.0,0.0,0.0,0.0,0.0
8a48b396a367fff,2.0,0.0,0.0,0.0,0.0,0.0
8a48b396a36ffff,1.0,0.0,0.0,0.0,0.0,0.0
8a48b396a377fff,4.0,0.0,0.0,0.0,0.0,0.0
8a48b396a387fff,2.0,0.0,0.0,0.0,0.0,0.0
8a48b396a397fff,0.0,0.0,0.0,0.0,0.0,0.0
8a48b396a39ffff,0.0,0.0,1.0,1.0,0.0,1.0
8a48b396a3a7fff,2.0,0.0,1.0,0.0,0.0,0.0
8a48b396a3affff,1.0,0.0,0.0,0.0,0.0,0.0
8a48b396a3b7fff,0.0,0.0,0.0,0.0,0.0,0.0
8a48b396a407fff,1.0,0.0,0.0,0.0,0.0,0.0
8a48b396a41ffff,1.0,0.0,1.0,0.0,0.0,0.0
8a48b396a427fff,1.0,0.0,0.0,0.0,0.0,0.0
8a48b396a437fff,1.0,0.0,0.0,0.0,0.0,0.0
8a48b396a44ffff,0.0,0.0,0.0,0.0,0.0,0.0
8a48b396a45ffff,1.0,0.0,0.0,0.0,0.0,0.0
8a48b396a467fff,0.0,0.0,0.0,0.0,0.0,0.0
8a48b396a477fff,0.0,0.0,0.0,0.0,0.0,0.0
8a48b396a48ffff,1.0,0.0,0.0,0.0,0.0,0.0
8a48b396a4a7fff,1.0,0.0,0.0,0.0,0.0,0.0
8a48b396a4b7fff,0.0,0.0,0.0,0.0,0.0,0.0
8a48b396a4c7fff,0.0,0.0,0.0,0.0,0.0,0.0
8a48b396a4cffff,2.0,0.0,0.0,0.0,0.0,0.0
8a48b396a4e7fff,0.0,0.0,0.0,0.0,0.0,0.0
8a48b396a4effff,4.0,0.0,0.0,0.0,0.0,0.0
8a48b396a4f7fff,0.0,0.0,0.0,0.0,0.0,0.0
8a48b396a507fff,2.0,0.0,0.0,0.0,0.0,0.0
8a48b396a527fff,1.0,0.0,0.0,0.0,0.0,0.0
8a48b396a52ffff,4.0,0.0,0.0,0.0,0.0,0.0
8a48b396a54ffff,1.0,0.0,0.0,0.0,0.0,0.0
8a48b396a56ffff,0.0,0.0,0.0,0.0,0.0,0.0
8a48b396a577fff,0.0,0.0,0.0,0.0,0.0,0.0
8a48b396a59ffff,1.0,0.0,0.0,0.0,0.0,0.0
8a48b396a5affff,2.0,0.0,0.0,0.0,0.0,0.0
8a48b396a5b7fff,0.0,0.0,0.0,0.0,0.0,0.0
8a48b396a607fff,1.0,0.0,0.0,0.0,0.0,0.0
8a48b396a60ffff,0.0,0.0,1.0,0.0,0.0,0.0
8a48b396a617fff,0.0,0.0,1.0,0.0,1.0,0.0
8a48b396a61ffff,5.0,0.0,1.0,0.0,0.0,0.0
8a48b396a627fff,1.0,0.0,0.0,0.0,0.0,0.0
8a48b396a62ffff,1.0,0.0,0.0,0.0,0.0,0.0
8a48b396a647fff,0.0,0.0,0.0,0.0,0.0,0.0
8a48b396a64ffff,3.0,0.0,0.0,0.0,0.0,0.0
8a48b396a657fff,1.0,0.0,0.0,0.0,0.0,0.0
8a48b396a667fff,0.0,0.0,0.0,0.0,0.0,0.0
8a48b396a66ffff,1.0,0.0,0.0,0.0,0.0,0.0
8a48b396a68ffff,1.0,0.0,0.0,0.0,0.0,0.0
8a48b396a6affff,0.0,0.0,0.0,0.0,0.0,0.0
8a48b396a6b7fff,1.0,0.0,0.0,0.0,0.0,1.0
8a48b396a6c7fff,0.0,0.0,0.0,0.0,0.0,0.0
8a48b396a6cffff,0.0,0.0,6.0,0.0,0.0,0.0
8a48b396a6d7fff,1.0,0.0,0.0,0.0,0.0,0.0
8a48b396a6e7fff,0.0,0.0,0.0,0.0,0.0,0.0
8a48b396a6effff,0.0,0.0,0.0,0.0,0.0,0.0
8a48b396a6f7fff,2.0,0.0,0.0,0.0,0.0,0.0
8a48b396a707fff,1.0,0.0,0.0,0.0,0.0,0.0
8a48b396a70ffff,2.0,0.0,0.0,0.0,0.0,0.0
8a48b396a717fff,0.0,0.0,0.0,0.0,0.0,0.0
8a48b396a71ffff,1.0,0.0,0.0,0.0,0.0,0.0
8a48b396a727fff,3.0,0.0,0.0,0.0,0.0,0.0
8a48b396a72ffff,2.0,0.0,0.0,0.0,0.0,0.0
8a48b396a747fff,1.0,0.0,0.0,0.0,0.0,0.0
8a48b396a757fff,2.0,0.0,0.0,0.0,0.0,0.0
8a48b396a75ffff,0.0,0.0,0.0,0.0,0.0,0.0
8a48b396a767fff,0.0,0.0,0.0,0.0,0.0,0.0
8a48b396a76ffff,1.0,0.0,0.0,0.0,0.0,0.0
8a48b396a787fff,2.0,0.0,0.0,0.0,0.0,0.0
8a48b396a78ffff,1.0,0.0,0.0,0.0,0.0,0.0
8a48b396a797fff,0.0,0.0,0.0,0.0,0.0,0.0
8a48b396a79ffff,0.0,0.0,0.0,0.0,0.0,0.0
8a48b396a7b7fff,1.0,0.0,0.0,0.0,0.0,0.0
8a48b396a80ffff,1.0,0.0,0.0,0.0,0.0,0.0
8a48b396a82ffff,1.0,0.0,1.0,0.0,0.0,1.0
8a48b396a837fff,1.0,0.0,0.0,0.0,0.0,0.0
8a48b396a847fff,1.0,0.0,0.0,0.0,0.0,0.0
8a48b396a84ffff,0.0,0.0,1.0,0.0,0.0,0.0
8a48b396a85ffff,1.0,0.0,0.0,0.0,0.0,0.0
8a48b396a867fff,0.0,0.0,0.0,0.0,0.0,0.0
8a48b396a86ffff,0.0,0.0,0.0,0.0,0.0,1.0
8a48b396a877fff,0.0,0.0,2.0,0.0,0.0,0.0
8a48b396a88ffff,6.0,0.0,0.0,0.0,0.0,0.0
8a48b396a897fff,0.0,0.0,0.0,0.0,0.0,0.0
8a48b396a89ffff,4.0,0.0,0.0,0.0,0.0,0.0
8a48b396a8a7fff,1.0,0.0,0.0,0.0,0.0,0.0
8a48b396a8affff,2.0,0.0,0.0,0.0,0.0,0.0
8a48b396a8b7fff,0.0,0.0,0.0,0.0,0.0,0.0
8a48b396a8c7fff,1.0,0.0,0.0,0.0,0.0,0.0
8a48b396a8cffff,2.0,0.0,0.0,0.0,0.0,0.0
8a48b396a8dffff,2.0,0.0,1.0,1.0,0.0,0.0
8a48b396a8e7fff,0.0,0.0,1.0,0.0,0.0,0.0
8a48b396a8effff,2.0,0.0,0.0,0.0,0.0,0.0
8a48b396a8f7fff,2.0,0.0,1.0,0.0,1.0,0.0
8a48b396a907fff,0.0,0.0,0.0,0.0,0.0,1.0
8a48b396a90ffff,0.0,0.0,0.0,0.0,0.0,0.0
8a48b396a917fff,0.0,0.0,0.0,0.0,0.0,1.0
8a48b396a91ffff,0.0,0.0,0.0,0.0,0.0,0.0
8a48b396a92ffff,1.0,0.0,0.0,0.0,0.0,0.0
8a48b396a937fff,0.0,0.0,0.0,0.0,0.0,0.0
8a48b396a947fff,1.0,0.0,0.0,0.0,0.0,0.0
8a48b396a94ffff,1.0,0.0,0.0,0.0,0.0,0.0
8a48b396a957fff,1.0,0.0,0.0,0.0,0.0,0.0
8a48b396a95ffff,1.0,0.0,0.0,0.0,0.0,1.0
8a48b396a96ffff,2.0,0.0,0.0,0.0,0.0,0.0
8a48b396a977fff,0.0,0.0,1.0,1.0,0.0,0.0
8a48b396a987fff,1.0,0.0,0.0,0.0,0.0,0.0
8a48b396a98ffff,2.0,0.0,0.0,0.0,0.0,0.0
8a48b396a99ffff,0.0,0.0,0.0,0.0,0.0,0.0
8a48b396aa07fff,2.0,0.0,0.0,0.0,0.0,0.0
8a48b396aa0ffff,1.0,0.0,0.0,0.0,0.0,0.0
8a48b396aa17fff,0.0,0.0,0.0,0.0,0.0,0.0
8a48b396aa1ffff,1.0,0.0,0.0,0.0,0.0,0.0
8a48b396aa27fff,4.0,0.0,0.0,0.0,0.0,0.0
8a48b396aa2ffff,0.0,0.0,2.0,0.0,0.0,0.0
8a48b396aa37fff,31.0,0.0,0.0,0.0,0.0,0.0
8a48b396aa47fff,0.0,0.0,0.0,0.0,0.0,0.0
8a48b396aa4ffff,0.0,0.0,0.0,0.0,0.0,0.0
8a48b396aa57fff,2.0,0.0,0.0,0.0,0.0,0.0
8a48b396aa5ffff,4.0,0.0,0.0,0.0,0.0,0.0
8a48b396aa67fff,2.0,0.0,0.0,0.0,0.0,0.0
8a48b396aa6ffff,2.0,0.0,0.0,0.0,0.0,0.0
8a48b396aa77fff,1.0,0.0,0.0,0.0,0.0,0.0
8a48b396aa87fff,0.0,0.0,0.0,0.0,0.0,0.0
8a48b396aa8ffff,1.0,0.0,0.0,0.0,0.0,0.0
8a48b396aa97fff,3.0,0.0,0.0,0.0,0.0,0.0
8a48b396aa9ffff,2.0,0.0,0.0,0.0,0.0,0.0
8a48b396aaa7fff,3.0,0.0,0.0,0.0,0.0,0.0
8a48b396aaaffff,0.0,0.0,0.0,0.0,0.0,0.0
8a48b396aab7fff,2.0,0.0,0.0,0.0,0.0,0.0
8a48b396aac7fff,0.0,0.0,0.0,0.0,0.0,0.0
8a48b396aacffff,1.0,0.0,0.0,0.0,0.0,0.0
8a48b396aad7fff,0.0,0.0,0.0,0.0,0.0,0.0
8a48b396aadffff,3.0,0.0,0.0,0.0,0.0,0.0
8a48b396aae7fff,1.0,0.0,0.0,0.0,0.0,0.0
8a48b396aaeffff,1.0,0.0,1.0,0.0,1.0,1.0
8a48b396aaf7fff,0.0,0.0,0.0,0.0,0.0,0.0
8a48b396ab07fff,3.0,0.0,0.0,0.0,0.0,0.0
8a48b396ab0ffff,7.0,0.0,0.0,0.0,0.0,0.0
8a48b396ab17fff,1.0,0.0,0.0,0.0,0.0,0.0
8a48b396ab1ffff,2.0,0.0,0.0,0.0,0.0,0.0
8a48b396ab27fff,1.0,0.0,0.0,0.0,0.0,0.0
8a48b396ab2ffff,8.0,0.0,0.0,0.0,0.0,0.0
8a48b396ab37fff,0.0,0.0,1.0,0.0,0.0,0.0
8a48b396ab47fff,1.0,0.0,0.0,0.0,0.0,0.0
8a48b396ab4ffff,1.0,0.0,1.0,1.0,0.0,0.0
8a48b396ab57fff,2.0,0.0,0.0,0.0,0.0,0.0
8a48b396ab5ffff,4.0,0.0,1.0,0.0,1.0,0.0
8a48b396ab67fff,4.0,0.0,0.0,0.0,0.0,0.0
8a48b396ab6ffff,0.0,0.0,0.0,0.0,0.0,0.0
8a48b396ab77fff,5.0,0.0,2.0,0.0,1.0,0.0
8a48b396ab87fff,0.0,0.0,0.0,0.0,0.0,0.0
8a48b396ab8ffff,0.0,0.0,0.0,0.0,0.0,0.0
8a48b396aba7fff,0.0,0.0,0.0,0.0,0.0,0.0
8a48b396abaffff,3.0,0.0,0.0,0.0,0.0,0.0
8a48b396abb7fff,4.0,0.0,0.0,0.0,0.0,0.0
8a48b396ac17fff,0.0,0.0,1.0,0.0,1.0,0.0
8a48b396ac4ffff,0.0,0.0,0.0,0.0,0.0,0.0
8a48b396ac57fff,0.0,0.0,0.0,0.0,0.0,1.0
8a48b396ac67fff,2.0,0.0,3.0,2.0,1.0,0.0
8a48b396ac6ffff,0.0,0.0,0.0,0.0,0.0,0.0
8a48b396ac87fff,1.0,0.0,0.0,0.0,0.0,0.0
8a48b396ac9ffff,0.0,0.0,0.0,0.0,0.0,1.0
8a48b396aca7fff,0.0,0.0,0.0,0.0,0.0,0.0
8a48b396acaffff,1.0,0.0,0.0,0.0,0.0,0.0
8a48b396accffff,1.0,0.0,0.0,0.0,0.0,0.0
8a48b396acdffff,0.0,0.0,0.0,0.0,0.0,0.0
8a48b396aceffff,1.0,0.0,0.0,0.0,0.0,1.0
8a48b396acf7fff,1.0,0.0,0.0,0.0,0.0,0.0
8a48b396ad4ffff,0.0,0.0,0.0,0.0,0.0,1.0
8a48b396b007fff,0.0,0.0,0.0,0.0,0.0,0.0
8a48b396b00ffff,2.0,0.0,0.0,0.0,0.0,0.0
8a48b396b01ffff,1.0,0.0,0.0,0.0,0.0,0.0
8a48b396b027fff,0.0,0.0,0.0,0.0,0.0,0.0
8a48b396b02ffff,3.0,0.0,1.0,0.0,1.0,0.0
8a48b396b047fff,0.0,0.0,0.0,0.0,0.0,0.0
8a48b396b04ffff,1.0,0.0,0.0,0.0,0.0,0.0
8a48b396b057fff,0.0,0.0,0.0,0.0,0.0,0.0
8a48b396b05ffff,0.0,0.0,0.0,0.0,0.0,0.0
8a48b396b067fff,1.0,0.0,0.0,0.0,0.0,0.0
8a48b396b06ffff,2.0,0.0,0.0,0.0,0.0,0.0
8a48b396b077fff,2.0,0.0,0.0,0.0,0.0,0.0
8a48b396b0a7fff,1.0,0.0,0.0,0.0,0.0,0.0
8a48b396b0cffff,1.0,0.0,0.0,0.0,0.0,0.0
8a48b396b0d7fff,1.0,0.0,0.0,0.0,0.0,1.0
8a48b396b0dffff,2.0,0.0,0.0,0.0,0.0,0.0
8a48b396b0effff,0.0,0.0,0.0,0.0,0.0,0.0
8a48b396b0f7fff,0.0,0.0,0.0,0.0,0.0,2.0
8a48b396b107fff,2.0,0.0,0.0,0.0,0.0,0.0
8a48b396b117fff,1.0,0.0,1.0,0.0,1.0,0.0
8a48b396b11ffff,1.0,0.0,0.0,0.0,0.0,1.0
8a48b396b127fff,7.0,0.0,0.0,0.0,0.0,0.0
8a48b396b137fff,8.0,0.0,0.0,0.0,0.0,0.0
8a48b396b147fff,0.0,0.0,2.0,1.0,0.0,0.0
8a48b396b157fff,1.0,0.0,0.0,0.0,0.0,1.0
8a48b396b15ffff,2.0,0.0,0.0,0.0,0.0,0.0
8a48b396b167fff,0.0,0.0,0.0,0.0,0.0,2.0
8a48b396b16ffff,0.0,0.0,0.0,0.0,0.0,0.0
8a48b396b177fff,3.0,0.0,0.0,0.0,0.0,0.0
8a48b396b18ffff,0.0,0.0,0.0,0.0,0.0,0.0
8a48b396b197fff,1.0,0.0,0.0,0.0,0.0,0.0
8a48b396b1a7fff,5.0,0.0,4.0,0.0,0.0,0.0
8a48b396b1b7fff,4.0,0.0,1.0,1.0,0.0,0.0
8a48b396b207fff,1.0,0.0,0.0,0.0,0.0,0.0
8a48b396b20ffff,0.0,0.0,1.0,0.0,0.0,0.0
8a48b396b217fff,2.0,0.0,0.0,0.0,0.0,1.0
8a48b396b21ffff,1.0,0.0,3.0,0.0,0.0,0.0
8a48b396b227fff,1.0,0.0,0.0,0.0,0.0,0.0
8a48b396b247fff,1.0,0.0,0.0,0.0,0.0,0.0
8a48b396b24ffff,0.0,0.0,1.0,0.0,0.0,0.0
8a48b396b267fff,0.0,0.0,0.0,0.0,0.0,0.0
8a48b396b277fff,0.0,0.0,0.0,0.0,0.0,0.0
8a48b396b297fff,1.0,0.0,0.0,0.0,0.0,0.0
8a48b396b2a7fff,1.0,0.0,0.0,0.0,0.0,0.0
8a48b396b2e7fff,0.0,0.0,1.0,0.0,0.0,0.0
8a48b396b2f7fff,0.0,0.0,0.0,0.0,0.0,0.0
8a48b396b307fff,0.0,0.0,0.0,0.0,0.0,0.0
8a48b396b317fff,0.0,0.0,0.0,0.0,0.0,1.0
8a48b396b337fff,0.0,0.0,0.0,0.0,0.0,0.0
8a48b396b367fff,0.0,0.0,0.0,0.0,0.0,0.0
8a48b396b36ffff,0.0,0.0,0.0,0.0,0.0,0.0
8a48b396b39ffff,4.0,0.0,0.0,0.0,0.0,0.0
8a48b396b3a7fff,0.0,0.0,0.0,0.0,0.0,0.0
8a48b396b40ffff,0.0,0.0,0.0,0.0,0.0,0.0
8a48b396b417fff,1.0,0.0,0.0,0.0,0.0,0.0
8a48b396b41ffff,2.0,0.0,0.0,0.0,0.0,0.0
8a48b396b427fff,0.0,0.0,0.0,0.0,0.0,0.0
8a48b396b42ffff,1.0,0.0,0.0,0.0,0.0,0.0
8a48b396b437fff,4.0,0.0,1.0,0.0,1.0,0.0
8a48b396b447fff,2.0,0.0,0.0,0.0,0.0,0.0
8a48b396b44ffff,0.0,0.0,1.0,1.0,0.0,0.0
8a48b396b457fff,1.0,0.0,6.0,0.0,0.0,0.0
8a48b396b45ffff,1.0,0.0,0.0,0.0,0.0,0.0
8a48b396b467fff,0.0,0.0,0.0,0.0,0.0,0.0
8a48b396b46ffff,1.0,0.0,1.0,1.0,0.0,0.0
8a48b396b477fff,1.0,0.0,0.0,0.0,0.0,0.0
8a48b396b487fff,0.0,0.0,0.0,0.0,0.0,0.0
8a48b396b48ffff,0.0,0.0,0.0,0.0,0.0,1.0
8a48b396b497fff,1.0,0.0,0.0,0.0,0.0,0.0
8a48b396b49ffff,0.0,0.0,0.0,0.0,0.0,0.0
8a48b396b4a7fff,0.0,0.0,0.0,0.0,0.0,0.0
8a48b396b4affff,0.0,0.0,1.0,0.0,0.0,1.0
8a48b396b4cffff,0.0,0.0,2.0,0.0,0.0,0.0
8a48b396b4d7fff,0.0,0.0,1.0,1.0,0.0,0.0
8a48b396b4effff,0.0,0.0,0.0,0.0,0.0,0.0
8a48b396b517fff,1.0,0.0,0.0,0.0,0.0,0.0
8a48b396b51ffff,2.0,0.0,0.0,0.0,0.0,0.0
8a48b396b52ffff,1.0,0.0,0.0,0.0,0.0,0.0
8a48b396b537fff,2.0,0.0,0.0,0.0,0.0,0.0
8a48b396b547fff,1.0,0.0,0.0,0.0,0.0,0.0
8a48b396b557fff,2.0,0.0,2.0,0.0,0.0,0.0
8a48b396b55ffff,0.0,0.0,0.0,0.0,0.0,0.0
8a48b396b567fff,5.0,0.0,0.0,0.0,0.0,0.0
8a48b396b56ffff,0.0,0.0,0.0,0.0,0.0,1.0
8a48b396b577fff,6.0,0.0,4.0,0.0,1.0,0.0
8a48b396b58ffff,1.0,0.0,8.0,0.0,1.0,0.0
8a48b396b597fff,1.0,0.0,0.0,0.0,0.0,0.0
8a48b396b59ffff,4.0,0.0,1.0,0.0,1.0,0.0
8a48b396b5affff,1.0,0.0,0.0,0.0,0.0,0.0
8a48b396b5b7fff,2.0,0.0,0.0,0.0,0.0,0.0
8a48b396b60ffff,0.0,0.0,0.0,0.0,0.0,0.0
8a48b396b61ffff,0.0,0.0,0.0,0.0,0.0,0.0
8a48b396b65ffff,0.0,0.0,0.0,0.0,0.0,0.0
8a48b396b6affff,0.0,0.0,0.0,0.0,0.0,1.0
8a48b396b6b7fff,0.0,0.0,1.0,1.0,0.0,0.0
8a48b396b6f7fff,0.0,0.0,0.0,0.0,0.0,0.0
8a48b396b707fff,0.0,0.0,1.0,0.0,0.0,0.0
8a48b396b70ffff,0.0,0.0,1.0,0.0,0.0,0.0
8a48b396b717fff,0.0,0.0,0.0,0.0,0.0,0.0
8a48b396b727fff,0.0,0.0,0.0,0.0,0.0,1.0
8a48b396b72ffff,0.0,0.0,0.0,0.0,0.0,0.0
8a48b396b737fff,0.0,0.0,0.0,0.0,0.0,0.0
8a48b396b767fff,0.0,0.0,0.0,0.0,0.0,0.0
8a48b396b76ffff,1.0,0.0,0.0,0.0,0.0,0.0
8a48b396b777fff,0.0,0.0,0.0,0.0,0.0,0.0
8a48b396b797fff,0.0,0.0,0.0,0.0,0.0,0.0
8a48b396b79ffff,0.0,0.0,0.0,0.0,0.0,0.0
8a48b396b7b7fff,0.0,0.0,0.0,0.0,0.0,0.0
8a48b396b807fff,0.0,0.0,0.0,0.0,0.0,1.0
8a48b396b80ffff,2.0,0.0,0.0,0.0,0.0,1.0
8a48b396b817fff,0.0,0.0,0.0,0.0,0.0,1.0
8a48b396b827fff,1.0,0.0,0.0,0.0,0.0,0.0
8a48b396b837fff,0.0,0.0,0.0,0.0,0.0,1.0
8a48b396b84ffff,0.0,0.0,0.0,0.0,0.0,0.0
8a48b396b857fff,2.0,0.0,0.0,0.0,0.0,0.0
8a48b396b85ffff,1.0,0.0,0.0,0.0,0.0,0.0
8a48b396b867fff,1.0,0.0,0.0,0.0,0.0,0.0
8a48b396b877fff,2.0,0.0,1.0,0.0,0.0,0.0
8a48b396b887fff,3.0,0.0,0.0,0.0,0.0,0.0
8a48b396b897fff,0.0,0.0,0.0,0.0,0.0,0.0
8a48b396b89ffff,0.0,0.0,0.0,0.0,0.0,0.0
8a48b396b8b7fff,3.0,0.0,0.0,0.0,0.0,0.0
8a48b396b8c7fff,5.0,0.0,0.0,0.0,0.0,0.0
8a48b396b8d7fff,10.0,0.0,0.0,0.0,0.0,8.0
8a48b396b8dffff,0.0,0.0,0.0,0.0,0.0,1.0
8a48b396b8e7fff,6.0,0.0,0.0,0.0,0.0,0.0
8a48b396b8effff,0.0,0.0,0.0,0.0,0.0,8.0
8a48b396b8f7fff,10.0,0.0,5.0,3.0,0.0,0.0
8a48b396b917fff,0.0,0.0,0.0,0.0,0.0,0.0
8a48b396b927fff,1.0,0.0,0.0,0.0,0.0,0.0
8a48b396b92ffff,0.0,0.0,0.0,0.0,0.0,0.0
8a48b396b947fff,0.0,0.0,0.0,0.0,0.0,0.0
8a48b396b967fff,2.0,0.0,0.0,0.0,0.0,0.0
8a48b396b99ffff,2.0,0.0,0.0,0.0,0.0,0.0
8a48b396ba0ffff,0.0,0.0,0.0,0.0,0.0,0.0
8a48b396ba27fff,0.0,0.0,1.0,1.0,0.0,0.0
8a48b396ba57fff,1.0,0.0,0.0,0.0,0.0,0.0
8a48b396ba87fff,0.0,0.0,0.0,0.0,0.0,0.0
8a48b396ba8ffff,0.0,0.0,0.0,0.0,0.0,0.0
8a48b396baa7fff,1.0,0.0,0.0,0.0,0.0,0.0
8a48b396bac7fff,1.0,0.0,0.0,0.0,0.0,0.0
8a48b396bad7fff,0.0,0.0,0.0,0.0,0.0,1.0
8a48b396baeffff,0.0,0.0,5.0,0.0,0.0,0.0
8a48b396bb0ffff,0.0,0.0,0.0,0.0,0.0,0.0
8a48b396bb17fff,0.0,0.0,0.0,0.0,0.0,0.0
8a48b396bb1ffff,0.0,0.0,0.0,0.0,0.0,0.0
8a48b396bb2ffff,0.0,0.0,0.0,0.0,0.0,0.0
8a48b396bb37fff,0.0,0.0,0.0,0.0,0.0,0.0
8a48b396bb47fff,0.0,0.0,0.0,0.0,0.0,0.0
8a48b396bb67fff,1.0,0.0,0.0,0.0,0.0,0.0
8a48b396bb6ffff,0.0,0.0,0.0,0.0,0.0,1.0
8a48b396bb77fff,1.0,0.0,0.0,0.0,0.0,0.0
8a48b396bb8ffff,0.0,0.0,0.0,0.0,0.0,0.0
8a48b396bb97fff,0.0,0.0,0.0,0.0,0.0,0.0
8a48b396bbb7fff,0.0,0.0,0.0,0.0,0.0,0.0
8a48b396bc07fff,2.0,0.0,0.0,0.0,0.0,0.0
8a48b396bc0ffff,0.0,0.0,0.0,0.0,0.0,0.0
8a48b396bc17fff,1.0,0.0,0.0,0.0,0.0,0.0
8a48b396bc1ffff,0.0,0.0,0.0,0.0,0.0,0.0
8a48b396bc27fff,0.0,0.0,0.0,0.0,0.0,0.0
8a48b396bc2ffff,1.0,0.0,0.0,0.0,0.0,0.0
8a48b396bc37fff,2.0,0.0,0.0,0.0,0.0,0.0
8a48b396bc4ffff,1.0,0.0,0.0,0.0,0.0,0.0
8a48b396bc57fff,0.0,0.0,0.0,0.0,0.0,0.0
8a48b396bc5ffff,0.0,0.0,1.0,0.0,0.0,0.0
8a48b396bc6ffff,1.0,0.0,0.0,0.0,0.0,0.0
8a48b396bc77fff,1.0,0.0,0.0,0.0,0.0,0.0
8a48b396bc87fff,0.0,0.0,1.0,0.0,1.0,0.0
8a48b396bc97fff,0.0,0.0,0.0,0.0,0.0,0.0
8a48b396bc9ffff,0.0,0.0,0.0,0.0,0.0,0.0
8a48b396bca7fff,0.0,0.0,0.0,0.0,0.0,0.0
8a48b396bcaffff,0.0,0.0,0.0,0.0,0.0,0.0
8a48b396bcb7fff,2.0,0.0,0.0,0.0,0.0,0.0
8a48b396bccffff,2.0,0.0,0.0,0.0,0.0,0.0
8a48b396bcd7fff,0.0,0.0,0.0,0.0,0.0,0.0
8a48b396bcdffff,3.0,0.0,0.0,0.0,0.0,0.0
8a48b396bce7fff,1.0,0.0,0.0,0.0,0.0,0.0
8a48b396bceffff,0.0,0.0,0.0,0.0,0.0,0.0
8a48b396bcf7fff,4.0,0.0,1.0,0.0,0.0,0.0
8a48b396bd07fff,0.0,0.0,0.0,0.0,0.0,0.0
8a48b396bd0ffff,0.0,0.0,1.0,0.0,1.0,0.0
8a48b396bd17fff,1.0,0.0,1.0,1.0,0.0,0.0
8a48b396bd1ffff,0.0,0.0,0.0,0.0,0.0,0.0
8a48b396bd27fff,6.0,0.0,1.0,0.0,1.0,0.0
8a48b396bd2ffff,1.0,0.0,0.0,0.0,0.0,0.0
8a48b396bd37fff,0.0,0.0,0.0,0.0,0.0,0.0
8a48b396bd47fff,1.0,0.0,0.0,0.0,0.0,0.0
8a48b396bd5ffff,0.0,0.0,0.0,0.0,0.0,0.0
8a48b396bd67fff,5.0,0.0,0.0,0.0,0.0,0.0
8a48b396bd6ffff,0.0,0.0,2.0,0.0,0.0,0.0
8a48b396bd87fff,1.0,0.0,0.0,0.0,0.0,0.0
8a48b396bd8ffff,1.0,0.0,0.0,0.0,0.0,0.0
8a48b396bd97fff,0.0,0.0,1.0,0.0,0.0,0.0
8a48b396bd9ffff,3.0,0.0,0.0,0.0,0.0,0.0
8a48b396bda7fff,2.0,0.0,0.0,0.0,0.0,0.0
8a48b396bdaffff,0.0,0.0,0.0,0.0,0.0,0.0
8a48b396bdb7fff,1.0,0.0,0.0,0.0,0.0,0.0
8a48b396c00ffff,2.0,0.0,0.0,0.0,0.0,0.0
8a48b396c047fff,1.0,0.0,0.0,0.0,0.0,0.0
8a48b396c057fff,0.0,0.0,0.0,0.0,0.0,0.0
8a48b396c05ffff,1.0,0.0,0.0,0.0,0.0,0.0
8a48b396c06ffff,3.0,0.0,0.0,0.0,0.0,1.0
8a48b396c077fff,1.0,0.0,0.0,0.0,0.0,0.0
8a48b396c087fff,1.0,0.0,0.0,0.0,0.0,0.0
8a48b396c08ffff,1.0,0.0,0.0,0.0,0.0,0.0
8a48b396c097fff,0.0,0.0,0.0,0.0,0.0,1.0
8a48b396c0a7fff,0.0,0.0,0.0,0.0,0.0,0.0
8a48b396c0affff,1.0,0.0,1.0,0.0,1.0,0.0
8a48b396c0c7fff,1.0,0.0,0.0,0.0,0.0,0.0
8a48b396c0cffff,2.0,0.0,1.0,0.0,0.0,0.0
8a48b396c0dffff,5.0,0.0,0.0,0.0,0.0,0.0
8a48b396c0e7fff,3.0,0.0,0.0,0.0,0.0,0.0
8a48b396c0effff,1.0,0.0,0.0,0.0,0.0,1.0
8a48b396c227fff,2.0,0.0,0.0,0.0,0.0,0.0
8a48b396c22ffff,0.0,0.0,0.0,0.0,0.0,0.0
8a48b396c247fff,0.0,0.0,0.0,0.0,0.0,0.0
8a48b396c25ffff,2.0,0.0,0.0,0.0,0.0,0.0
8a48b396c277fff,0.0,0.0,0.0,0.0,0.0,0.0
8a48b396c2cffff,1.0,0.0,0.0,0.0,0.0,0.0
8a48b396c30ffff,7.0,0.0,0.0,0.0,0.0,0.0
8a48b396c317fff,5.0,0.0,0.0,0.0,0.0,0.0
8a48b396c31ffff,1.0,0.0,11.0,0.0,0.0,0.0
8a48b396c327fff,1.0,0.0,0.0,0.0,0.0,0.0
8a48b396c32ffff,1.0,0.0,0.0,0.0,0.0,0.0
8a48b396c337fff,1.0,0.0,0.0,0.0,0.0,0.0
8a48b396c347fff,1.0,0.0,0.0,0.0,0.0,0.0
8a48b396c34ffff,0.0,0.0,0.0,0.0,0.0,0.0
8a48b396c357fff,5.0,0.0,0.0,0.0,0.0,0.0
8a48b396c35ffff,0.0,0.0,0.0,0.0,0.0,0.0
8a48b396c367fff,1.0,0.0,0.0,0.0,0.0,0.0
8a48b396c36ffff,0.0,0.0,0.0,0.0,0.0,1.0
8a48b396c377fff,4.0,0.0,0.0,0.0,0.0,0.0
8a48b396c387fff,3.0,0.0,0.0,0.0,0.0,0.0
8a48b396c397fff,0.0,0.0,0.0,0.0,0.0,1.0
8a48b396c3affff,1.0,0.0,0.0,0.0,0.0,0.0
8a48b396c3b7fff,1.0,0.0,0.0,0.0,0.0,0.0
8a48b396c44ffff,8.0,0.0,1.0,1.0,0.0,0.0
8a48b396c45ffff,3.0,0.0,0.0,0.0,0.0,1.0
8a48b396c467fff,2.0,0.0,0.0,0.0,0.0,0.0
8a48b396c46ffff,0.0,0.0,1.0,1.0,0.0,0.0
8a48b396c487fff,0.0,0.0,0.0,0.0,0.0,1.0
8a48b396c49ffff,1.0,0.0,7.0,0.0,0.0,0.0
8a48b396c4a7fff,1.0,0.0,0.0,0.0,0.0,0.0
8a48b396c4c7fff,1.0,0.0,0.0,0.0,0.0,0.0
8a48b396c4d7fff,1.0,0.0,0.0,0.0,0.0,0.0
8a48b396c4effff,6.0,0.0,3.0,3.0,0.0,0.0
8a48b396c4f7fff,1.0,0.0,0.0,0.0,0.0,0.0
8a48b396c507fff,0.0,0.0,0.0,0.0,0.0,0.0
8a48b396c50ffff,0.0,0.0,0.0,0.0,0.0,0.0
8a48b396c527fff,0.0,0.0,0.0,0.0,0.0,0.0
8a48b396c537fff,0.0,0.0,1.0,0.0,0.0,0.0
8a48b396c547fff,1.0,0.0,0.0,0.0,0.0,0.0
8a48b396c54ffff,2.0,0.0,0.0,0.0,0.0,0.0
8a48b396c567fff,0.0,0.0,3.0,0.0,0.0,0.0
8a48b396c577fff,3.0,0.0,0.0,0.0,0.0,0.0
8a48b396c587fff,0.0,0.0,0.0,0.0,0.0,1.0
8a48b396c607fff,0.0,0.0,0.0,0.0,0.0,0.0
8a48b396c61ffff,2.0,0.0,0.0,0.0,0.0,0.0
8a48b396c627fff,1.0,0.0,0.0,0.0,0.0,0.0
8a48b396c62ffff,0.0,0.0,0.0,0.0,0.0,0.0
8a48b396c64ffff,0.0,0.0,0.0,0.0,0.0,0.0
8a48b396c65ffff,0.0,0.0,0.0,0.0,0.0,0.0
8a48b396c667fff,1.0,0.0,0.0,0.0,0.0,0.0
8a48b396c68ffff,2.0,1.0,0.0,0.0,0.0,0.0
8a48b396c69ffff,1.0,0.0,0.0,0.0,0.0,0.0
8a48b396c6a7fff,3.0,0.0,7.0,0.0,0.0,0.0
8a48b396c6affff,2.0,0.0,1.0,0.0,1.0,0.0
8a48b396c6b7fff,1.0,0.0,0.0,0.0,0.0,0.0
8a48b396c6c7fff,0.0,0.0,1.0,0.0,0.0,0.0
8a48b396c6cffff,0.0,0.0,0.0,0.0,0.0,0.0
8a48b396c6d7fff,0.0,0.0,0.0,0.0,0.0,1.0
8a48b396c6f7fff,0.0,0.0,0.0,0.0,0.0,0.0
8a48b396c707fff,1.0,0.0,1.0,0.0,0.0,0.0
8a48b396c717fff,5.0,0.0,1.0,0.0,0.0,0.0
8a48b396c72ffff,1.0,0.0,2.0,0.0,0.0,0.0
8a48b396c75ffff,1.0,0.0,0.0,0.0,0.0,0.0
8a48b396c777fff,1.0,0.0,0.0,0.0,0.0,0.0
8a48b396c78ffff,1.0,0.0,1.0,1.0,0.0,0.0
8a48b396c797fff,0.0,0.0,0.0,0.0,0.0,0.0
8a48b396c79ffff,0.0,0.0,0.0,0.0,0.0,1.0
8a48b396c7a7fff,2.0,0.0,0.0,0.0,0.0,0.0
8a48b396c7affff,1.0,0.0,0.0,0.0,0.0,0.0
8a48b396c84ffff,2.0,0.0,0.0,0.0,0.0,0.0
8a48b396c887fff,0.0,0.0,0.0,0.0,0.0,0.0
8a48b396c8affff,1.0,0.0,0.0,0.0,0.0,0.0
8a48b396c8b7fff,0.0,0.0,0.0,0.0,0.0,0.0
8a48b396ca47fff,0.0,0.0,2.0,0.0,2.0,0.0
8a48b396cab7fff,1.0,0.0,0.0,0.0,0.0,1.0
8a48b396cac7fff,1.0,0.0,0.0,0.0,0.0,0.0
8a48b396cad7fff,1.0,0.0,0.0,0.0,0.0,0.0
8a48b396cadffff,0.0,0.0,0.0,0.0,0.0,0.0
8a48b396cb87fff,1.0,0.0,0.0,0.0,0.0,0.0
8a48b396cb97fff,1.0,0.0,0.0,0.0,0.0,0.0
8a48b396cb9ffff,5.0,0.0,0.0,0.0,0.0,0.0
8a48b396cba7fff,2.0,0.0,0.0,0.0,0.0,0.0
8a48b396cbb7fff,0.0,0.0,0.0,0.0,0.0,1.0
8a48b396cc07fff,1.0,0.0,0.0,0.0,0.0,0.0
8a48b396cc27fff,0.0,0.0,0.0,0.0,0.0,0.0
8a48b396cc2ffff,0.0,0.0,0.0,0.0,0.0,0.0
8a48b396cc77fff,0.0,0.0,0.0,0.0,0.0,0.0
8a48b396cc87fff,0.0,0.0,1.0,0.0,0.0,0.0
8a48b396cc8ffff,1.0,0.0,0.0,0.0,0.0,0.0
8a48b396cc9ffff,0.0,0.0,0.0,0.0,0.0,1.0
8a48b396cca7fff,0.0,0.0,0.0,0.0,0.0,0.0
8a48b396cd1ffff,0.0,0.0,0.0,0.0,0.0,0.0
8a48b396cd2ffff,0.0,0.0,0.0,0.0,0.0,0.0
8a48b396cd5ffff,2.0,0.0,0.0,0.0,0.0,0.0
8a48b396d00ffff,2.0,0.0,0.0,0.0,0.0,0.0
8a48b396d01ffff,0.0,0.0,0.0,0.0,0.0,0.0
8a48b396d027fff,2.0,0.0,0.0,0.0,0.0,0.0
8a48b396d02ffff,1.0,0.0,0.0,0.0,0.0,0.0
8a48b396d047fff,0.0,0.0,0.0,0.0,0.0,0.0
8a48b396d067fff,1.0,0.0,0.0,0.0,0.0,0.0
8a48b396d077fff,1.0,0.0,0.0,0.0,0.0,0.0
8a48b396d09ffff,0.0,0.0,0.0,0.0,0.0,0.0
8a48b396d0affff,0.0,0.0,0.0,0.0,0.0,0.0
8a48b396d0cffff,4.0,0.0,0.0,0.0,0.0,0.0
8a48b396d0d7fff,0.0,0.0,0.0,0.0,0.0,0.0
8a48b396d0e7fff,1.0,0.0,0.0,0.0,0.0,0.0
8a48b396d0effff,0.0,0.0,0.0,0.0,0.0,0.0
8a48b396d0f7fff,2.0,0.0,0.0,0.0,0.0,0.0
8a48b396d107fff,4.0,0.0,0.0,0.0,0.0,0.0
8a48b396d10ffff,2.0,0.0,0.0,0.0,0.0,0.0
8a48b396d117fff,0.0,0.0,0.0,0.0,0.0,0.0
8a48b396d11ffff,0.0,0.0,0.0,0.0,0.0,0.0
8a48b396d12ffff,1.0,0.0,0.0,0.0,0.0,0.0
8a48b396d167fff,0.0,0.0,0.0,0.0,0.0,0.0
8a48b396d16ffff,1.0,0.0,1.0,0.0,1.0,0.0
8a48b396d187fff,1.0,0.0,0.0,0.0,0.0,0.0
8a48b396d19ffff,1.0,0.0,0.0,0.0,0.0,1.0
8a48b396d1b7fff,0.0,0.0,0.0,0.0,0.0,0.0
8a48b396d207fff,0.0,0.0,0.0,0.0,0.0,0.0
8a48b396d21ffff,0.0,0.0,0.0,0.0,0.0,0.0
8a48b396d227fff,1.0,0.0,0.0,0.0,0.0,0.0
8a48b396d247fff,0.0,0.0,0.0,0.0,0.0,0.0
8a48b396d257fff,1.0,0.0,0.0,0.0,0.0,0.0
8a48b396d25ffff,1.0,0.0,0.0,0.0,0.0,0.0
8a48b396d267fff,1.0,0.0,0.0,0.0,0.0,0.0
8a48b396d277fff,1.0,0.0,0.0,0.0,0.0,0.0
8a48b396d297fff,1.0,0.0,0.0,0.0,0.0,0.0
8a48b396d29ffff,0.0,0.0,0.0,0.0,0.0,1.0
8a48b396d2a7fff,0.0,0.0,0.0,0.0,0.0,1.0
8a48b396d2affff,0.0,0.0,0.0,0.0,0.0,0.0
8a48b396d2c7fff,1.0,0.0,0.0,0.0,0.0,0.0
8a48b396d2d7fff,0.0,0.0,0.0,0.0,0.0,0.0
8a48b396d2dffff,1.0,0.0,0.0,0.0,0.0,0.0
8a48b396d2f7fff,0.0,0.0,4.0,0.0,0.0,0.0
8a48b396d307fff,1.0,0.0,0.0,0.0,0.0,0.0
8a48b396d30ffff,1.0,0.0,0.0,0.0,0.0,0.0
8a48b396d317fff,1.0,0.0,0.0,0.0,0.0,0.0
8a48b396d327fff,3.0,0.0,1.0,0.0,0.0,0.0
8a48b396d32ffff,0.0,0.0,0.0,0.0,0.0,0.0
8a48b396d34ffff,0.0,0.0,0.0,0.0,0.0,0.0
8a48b396d357fff,2.0,0.0,0.0,0.0,0.0,0.0
8a48b396d35ffff,1.0,0.0,0.0,0.0,0.0,0.0
8a48b396d39ffff,0.0,0.0,0.0,0.0,0.0,0.0
8a48b396d3a7fff,2.0,0.0,0.0,0.0,0.0,0.0
8a48b396d3affff,0.0,0.0,0.0,0.0,0.0,0.0
8a48b396d40ffff,0.0,0.0,0.0,0.0,0.0,0.0
8a48b396d417fff,1.0,0.0,0.0,0.0,0.0,0.0
8a48b396d427fff,1.0,0.0,0.0,0.0,0.0,0.0
8a48b396d42ffff,4.0,0.0,0.0,0.0,0.0,0.0
8a48b396d437fff,0.0,0.0,0.0,0.0,0.0,0.0
8a48b396d447fff,1.0,0.0,0.0,0.0,0.0,0.0
8a48b396d44ffff,2.0,0.0,0.0,0.0,0.0,0.0
8a48b396d457fff,3.0,0.0,0.0,0.0,0.0,0.0
8a48b396d45ffff,1.0,0.0,0.0,0.0,0.0,0.0
8a48b396d467fff,1.0,0.0,0.0,0.0,0.0,0.0
8a48b396d46ffff,1.0,0.0,0.0,0.0,0.0,0.0
8a48b396d477fff,3.0,0.0,2.0,1.0,1.0,0.0
8a48b396d48ffff,1.0,0.0,0.0,0.0,0.0,0.0
8a48b396d497fff,1.0,0.0,0.0,0.0,0.0,0.0
8a48b396d49ffff,3.0,0.0,0.0,0.0,0.0,0.0
8a48b396d4a7fff,1.0,0.0,0.0,0.0,0.0,0.0
8a48b396d4affff,1.0,0.0,0.0,0.0,0.0,0.0
8a48b396d4b7fff,0.0,0.0,0.0,0.0,0.0,0.0
8a48b396d4c7fff,1.0,0.0,0.0,0.0,0.0,0.0
8a48b396d4cffff,4.0,0.0,0.0,0.0,0.0,0.0
8a48b396d4d7fff,1.0,0.0,0.0,0.0,0.0,0.0
8a48b396d4dffff,3.0,0.0,0.0,0.0,0.0,0.0
8a48b396d4e7fff,1.0,0.0,0.0,0.0,0.0,0.0
8a48b396d4effff,3.0,0.0,0.0,0.0,0.0,0.0
8a48b396d4f7fff,0.0,0.0,0.0,0.0,0.0,0.0
8a48b396d507fff,0.0,0.0,0.0,0.0,0.0,1.0
8a48b396d51ffff,1.0,0.0,0.0,0.0,0.0,0.0
8a48b396d52ffff,1.0,0.0,0.0,0.0,0.0,0.0
8a48b396d547fff,1.0,0.0,0.0,0.0,0.0,0.0
8a48b396d54ffff,0.0,0.0,0.0,0.0,0.0,1.0
8a48b396d557fff,1.0,0.0,0.0,0.0,0.0,0.0
8a48b396d55ffff,3.0,0.0,1.0,0.0,0.0,0.0
8a48b396d567fff,0.0,0.0,1.0,1.0,0.0,0.0
8a48b396d587fff,0.0,0.0,0.0,0.0,0.0,0.0
8a48b396d59ffff,0.0,0.0,0.0,0.0,0.0,1.0
8a48b396d5a7fff,1.0,0.0,0.0,0.0,0.0,0.0
8a48b396d5affff,2.0,0.0,0.0,0.0,0.0,0.0
8a48b396d607fff,1.0,0.0,0.0,0.0,0.0,0.0
8a48b396d60ffff,1.0,0.0,0.0,0.0,0.0,0.0
8a48b396d617fff,3.0,0.0,0.0,0.0,0.0,0.0
8a48b396d61ffff,1.0,0.0,0.0,0.0,0.0,0.0
8a48b396d62ffff,1.0,0.0,0.0,0.0,0.0,0.0
8a48b396d647fff,1.0,0.0,0.0,0.0,0.0,0.0
8a48b396d64ffff,2.0,0.0,0.0,0.0,0.0,0.0
8a48b396d657fff,0.0,0.0,0.0,0.0,0.0,0.0
8a48b396d65ffff,0.0,0.0,0.0,0.0,0.0,0.0
8a48b396d667fff,10.0,0.0,5.0,1.0,1.0,1.0
8a48b396d677fff,0.0,0.0,0.0,0.0,0.0,0.0
8a48b396d687fff,1.0,0.0,0.0,0.0,0.0,0.0
8a48b396d68ffff,0.0,0.0,0.0,0.0,0.0,0.0
8a48b396d697fff,1.0,0.0,0.0,0.0,0.0,0.0
8a48b396d6a7fff,1.0,0.0,0.0,0.0,0.0,0.0
8a48b396d6c7fff,1.0,0.0,0.0,0.0,0.0,0.0
8a48b396d6dffff,0.0,0.0,0.0,0.0,0.0,1.0
8a48b396d6e7fff,2.0,0.0,1.0,1.0,0.0,0.0
8a48b396d70ffff,2.0,0.0,0.0,0.0,0.0,0.0
8a48b396d717fff,1.0,0.0,0.0,0.0,0.0,0.0
8a48b396d71ffff,2.0,0.0,0.0,0.0,0.0,0.0
8a48b396d727fff,0.0,0.0,0.0,0.0,0.0,0.0
8a48b396d737fff,1.0,0.0,0.0,0.0,0.0,0.0
8a48b396d74ffff,2.0,0.0,0.0,0.0,0.0,0.0
8a48b396d75ffff,0.0,0.0,0.0,0.0,0.0,0.0
8a48b396d767fff,6.0,0.0,0.0,0.0,0.0,0.0
8a48b396d76ffff,1.0,0.0,0.0,0.0,0.0,0.0
8a48b396d777fff,1.0,0.0,0.0,0.0,0.0,0.0
8a48b396d78ffff,1.0,0.0,0.0,0.0,0.0,0.0
8a48b396d797fff,1.0,0.0,0.0,0.0,0.0,0.0
8a48b396d79ffff,1.0,0.0,0.0,0.0,0.0,0.0
8a48b396d7a7fff,1.0,0.0,0.0,0.0,0.0,0.0
8a48b396d7affff,0.0,0.0,0.0,0.0,0.0,0.0
8a48b396d7b7fff,2.0,0.0,0.0,0.0,0.0,0.0
8a48b396d807fff,0.0,0.0,2.0,0.0,0.0,0.0
8a48b396d80ffff,2.0,0.0,0.0,0.0,0.0,0.0
8a48b396d817fff,0.0,0.0,0.0,0.0,0.0,0.0
8a48b396d81ffff,1.0,0.0,0.0,0.0,0.0,0.0
8a48b396d827fff,1.0,0.0,0.0,0.0,0.0,0.0
8a48b396d847fff,1.0,0.0,0.0,0.0,0.0,0.0
8a48b396d867fff,8.0,0.0,6.0,1.0,0.0,0.0
8a48b396d877fff,3.0,0.0,0.0,0.0,0.0,0.0
8a48b396d887fff,6.0,0.0,0.0,0.0,0.0,0.0
8a48b396d89ffff,1.0,0.0,0.0,0.0,0.0,0.0
8a48b396d8a7fff,5.0,0.0,1.0,0.0,0.0,0.0
8a48b396d8b7fff,1.0,0.0,0.0,0.0,0.0,0.0
8a48b396d8d7fff,1.0,0.0,0.0,0.0,0.0,0.0
8a48b396d917fff,1.0,0.0,0.0,0.0,0.0,0.0
8a48b396d947fff,0.0,0.0,0.0,0.0,0.0,0.0
8a48b396d967fff,1.0,0.0,0.0,0.0,0.0,0.0
8a48b396d977fff,1.0,0.0,0.0,0.0,0.0,0.0
8a48b396da47fff,0.0,0.0,0.0,0.0,0.0,0.0
8a48b396da57fff,0.0,0.0,0.0,0.0,0.0,0.0
8a48b396da6ffff,0.0,0.0,0.0,0.0,0.0,0.0
8a48b396da8ffff,1.0,0.0,0.0,0.0,0.0,0.0
8a48b396daa7fff,0.0,0.0,0.0,0.0,0.0,0.0
8a48b396daaffff,0.0,0.0,0.0,0.0,0.0,0.0
8a48b396dac7fff,0.0,0.0,0.0,0.0,0.0,0.0
8a48b396dad7fff,0.0,0.0,0.0,0.0,0.0,0.0
8a48b396dadffff,3.0,0.0,0.0,0.0,0.0,0.0
8a48b396dae7fff,1.0,0.0,0.0,0.0,0.0,0.0
8a48b396daeffff,0.0,0.0,0.0,0.0,0.0,0.0
8a48b396daf7fff,0.0,0.0,0.0,0.0,0.0,0.0
8a48b396db8ffff,1.0,0.0,0.0,0.0,0.0,0.0
8a48b396dba7fff,0.0,0.0,0.0,0.0,0.0,0.0
8a48b396dc07fff,2.0,0.0,0.0,0.0,0.0,0.0
8a48b396dc0ffff,1.0,0.0,0.0,0.0,0.0,0.0
8a48b396dc17fff,1.0,0.0,0.0,0.0,0.0,0.0
8a48b396dc27fff,3.0,0.0,1.0,0.0,1.0,0.0
8a48b396dc2ffff,2.0,0.0,0.0,0.0,0.0,0.0
8a48b396dc37fff,1.0,0.0,2.0,0.0,0.0,0.0
8a48b396dc57fff,1.0,0.0,0.0,0.0,0.0,0.0
8a48b396dc8ffff,1.0,0.0,0.0,0.0,0.0,0.0
8a48b396dc9ffff,0.0,0.0,0.0,0.0,0.0,0.0
8a48b396dcc7fff,0.0,0.0,0.0,0.0,0.0,0.0
8a48b396dccffff,4.0,0.0,0.0,0.0,0.0,0.0
8a48b396dcf7fff,2.0,0.0,0.0,0.0,0.0,0.0
8a48b396dd57fff,2.0,0.0,0.0,0.0,0.0,0.0
8a48b396dd5ffff,0.0,0.0,0.0,0.0,0.0,0.0
8a48b396dd87fff,0.0,0.0,0.0,0.0,0.0,1.0
8a48b396dd8ffff,2.0,0.0,0.0,0.0,0.0,0.0
8a48b396dd97fff,1.0,0.0,0.0,0.0,0.0,0.0
8a48b396dd9ffff,3.0,0.0,3.0,0.0,0.0,0.0
8a48b396ddaffff,0.0,0.0,0.0,0.0,0.0,0.0
8a48b396e007fff,0.0,0.0,0.0,0.0,0.0,0.0
8a48b396e027fff,0.0,0.0,0.0,0.0,0.0,0.0
8a48b396e047fff,1.0,0.0,0.0,0.0,0.0,1.0
8a48b396e04ffff,0.0,0.0,0.0,0.0,0.0,0.0
8a48b396e057fff,0.0,0.0,0.0,0.0,0.0,0.0
8a48b396e05ffff,0.0,0.0,0.0,0.0,0.0,0.0
8a48b396e087fff,0.0,0.0,1.0,0.0,0.0,0.0
8a48b396e097fff,0.0,0.0,0.0,0.0,0.0,0.0
8a48b396e0c7fff,1.0,0.0,0.0,0.0,0.0,1.0
8a48b396e0d7fff,0.0,0.0,0.0,0.0,0.0,0.0
8a48b396e0e7fff,0.0,0.0,0.0,0.0,0.0,0.0
8a48b396e0effff,0.0,0.0,1.0,1.0,0.0,0.0
8a48b396e0f7fff,0.0,0.0,0.0,0.0,0.0,0.0
8a48b396e14ffff,0.0,0.0,1.0,0.0,0.0,0.0
8a48b396e15ffff,1.0,0.0,0.0,0.0,0.0,0.0
8a48b396e20ffff,0.0,0.0,0.0,0.0,0.0,0.0
8a48b396e227fff,1.0,0.0,0.0,0.0,0.0,0.0
8a48b396e22ffff,3.0,0.0,1.0,0.0,0.0,0.0
8a48b396e237fff,0.0,0.0,0.0,0.0,0.0,0.0
8a48b396e247fff,3.0,0.0,0.0,0.0,0.0,0.0
8a48b396e24ffff,1.0,0.0,1.0,1.0,0.0,0.0
8a48b396e257fff,1.0,0.0,0.0,0.0,0.0,0.0
8a48b396e25ffff,1.0,0.0,0.0,0.0,0.0,0.0
8a48b396e267fff,4.0,0.0,0.0,0.0,0.0,0.0
8a48b396e287fff,1.0,0.0,0.0,0.0,0.0,0.0
8a48b396e28ffff,0.0,0.0,0.0,0.0,0.0,0.0
8a48b396e2a7fff,0.0,0.0,0.0,0.0,0.0,0.0
8a48b396e2affff,0.0,0.0,0.0,0.0,0.0,0.0
8a48b396e2cffff,0.0,0.0,0.0,0.0,0.0,0.0
8a48b396e2d7fff,1.0,0.0,0.0,0.0,0.0,0.0
8a48b396e2e7fff,1.0,0.0,0.0,0.0,0.0,0.0
8a48b396e307fff,0.0,0.0,0.0,0.0,0.0,0.0
8a48b396e317fff,0.0,0.0,0.0,0.0,0.0,0.0
8a48b396e337fff,1.0,0.0,0.0,0.0,0.0,0.0
8a48b396e34ffff,0.0,0.0,0.0,0.0,0.0,0.0
8a48b396e357fff,1.0,0.0,0.0,0.0,0.0,0.0
8a48b396e35ffff,1.0,0.0,0.0,0.0,0.0,0.0
8a48b396e367fff,5.0,0.0,0.0,0.0,0.0,0.0
8a48b396e36ffff,1.0,0.0,0.0,0.0,0.0,0.0
8a48b396e38ffff,0.0,0.0,0.0,0.0,0.0,0.0
8a48b396e397fff,0.0,0.0,0.0,0.0,0.0,0.0
8a48b396e39ffff,0.0,0.0,0.0,0.0,0.0,0.0
8a48b396e3a7fff,0.0,0.0,0.0,0.0,0.0,0.0
8a48b396e597fff,0.0,0.0,1.0,0.0,0.0,0.0
8a48b396e5b7fff,0.0,0.0,0.0,0.0,0.0,0.0
8a48b396e647fff,0.0,0.0,0.0,0.0,0.0,0.0
8a48b396e65ffff,0.0,0.0,0.0,0.0,0.0,0.0
8a48b396e667fff,0.0,0.0,0.0,0.0,0.0,0.0
8a48b396e66ffff,1.0,0.0,0.0,0.0,0.0,0.0
8a48b396e677fff,4.0,0.0,0.0,0.0,0.0,0.0
8a48b396e70ffff,0.0,0.0,1.0,0.0,0.0,0.0
8a48b396e74ffff,1.0,0.0,1.0,1.0,0.0,0.0
8a48b396e757fff,1.0,0.0,0.0,0.0,0.0,0.0
8a48b396e75ffff,1.0,0.0,0.0,0.0,0.0,0.0
8a48b396e76ffff,2.0,0.0,0.0,0.0,0.0,0.0
8a48b396e807fff,0.0,0.0,0.0,0.0,0.0,1.0
8a48b396e80ffff,1.0,0.0,0.0,0.0,0.0,0.0
8a48b396e817fff,0.0,0.0,0.0,0.0,0.0,0.0
8a48b396e81ffff,2.0,0.0,0.0,0.0,0.0,0.0
8a48b396e847fff,4.0,0.0,0.0,0.0,0.0,0.0
8a48b396e857fff,1.0,0.0,0.0,0.0,0.0,0.0
8a48b396e85ffff,1.0,0.0,0.0,0.0,0.0,0.0
8a48b396e86ffff,1.0,0.0,0.0,0.0,0.0,1.0
8a48b396e8a7fff,1.0,0.0,0.0,0.0,0.0,0.0
8a48b396e8c7fff,2.0,0.0,0.0,0.0,0.0,0.0
8a48b396e8cffff,0.0,0.0,1.0,1.0,0.0,0.0
8a48b396e8e7fff,3.0,1.0,2.0,1.0,0.0,0.0
8a48b396e8effff,0.0,0.0,0.0,0.0,0.0,0.0
8a48b396e91ffff,1.0,0.0,0.0,0.0,0.0,0.0
8a48b396e927fff,0.0,0.0,0.0,0.0,0.0,0.0
8a48b396e94ffff,0.0,0.0,0.0,0.0,0.0,0.0
8a48b396e95ffff,0.0,0.0,0.0,0.0,0.0,0.0
8a48b396e977fff,0.0,0.0,0.0,0.0,0.0,0.0
8a48b396e997fff,3.0,0.0,1.0,0.0,0.0,0.0
8a48b396e99ffff,6.0,0.0,0.0,0.0,0.0,0.0
8a48b396e9b7fff,1.0,0.0,1.0,0.0,0.0,0.0
8a48b396ea07fff,1.0,0.0,0.0,0.0,0.0,0.0
8a48b396ea6ffff,1.0,0.0,0.0,0.0,0.0,0.0
8a48b396ea77fff,0.0,0.0,0.0,0.0,0.0,1.0
8a48b396eaa7fff,2.0,0.0,3.0,0.0,0.0,0.0
8a48b396eaaffff,1.0,0.0,0.0,0.0,0.0,0.0
8a48b396eac7fff,1.0,0.0,0.0,0.0,0.0,0.0
8a48b396ead7fff,1.0,0.0,0.0,0.0,0.0,0.0
8a48b396eadffff,3.0,0.0,0.0,0.0,0.0,1.0
8a48b396eaf7fff,0.0,0.0,0.0,0.0,0.0,0.0
8a48b396eb17fff,0.0,0.0,0.0,0.0,0.0,0.0
8a48b396eb1ffff,0.0,0.0,0.0,0.0,0.0,0.0
8a48b396eb27fff,3.0,0.0,1.0,0.0,1.0,0.0
8a48b396eb2ffff,1.0,0.0,0.0,0.0,0.0,0.0
8a48b396eb37fff,0.0,0.0,0.0,0.0,0.0,0.0
8a48b396eb97fff,0.0,0.0,0.0,0.0,0.0,0.0
8a48b396eb9ffff,5.0,0.0,3.0,0.0,0.0,1.0
8a48b396eba7fff,1.0,0.0,0.0,0.0,0.0,0.0
8a48b396ebb7fff,3.0,0.0,1.0,1.0,0.0,0.0
8a48b396ec17fff,0.0,0.0,0.0,0.0,0.0,0.0
8a48b396ec27fff,2.0,0.0,0.0,0.0,0.0,0.0
8a48b396ec37fff,0.0,0.0,0.0,0.0,0.0,0.0
8a48b396ecaffff,0.0,0.0,0.0,0.0,0.0,0.0
8a48b396ed07fff,7.0,0.0,1.0,0.0,0.0,0.0
8a48b396ed0ffff,0.0,0.0,3.0,0.0,0.0,0.0
8a48b396ed27fff,7.0,0.0,1.0,1.0,0.0,0.0
8a48b396ed2ffff,0.0,0.0,1.0,0.0,0.0,0.0
8a48b396ed37fff,4.0,0.0,0.0,0.0,0.0,0.0
8a48b396ed47fff,0.0,0.0,0.0,0.0,0.0,0.0
8a48b396ed67fff,4.0,0.0,2.0,0.0,1.0,0.0
8a48b396ed6ffff,1.0,0.0,0.0,0.0,0.0,0.0
8a48b396ed87fff,0.0,0.0,0.0,0.0,0.0,0.0
8a48b396edaffff,1.0,0.0,0.0,0.0,0.0,0.0
8a48b396edb7fff,0.0,0.0,0.0,0.0,0.0,1.0
8a48b397016ffff,1.0,0.0,0.0,0.0,0.0,0.0
8a48b3970877fff,0.0,0.0,0.0,0.0,0.0,1.0
8a48b3970907fff,1.0,0.0,0.0,0.0,0.0,0.0
8a48b3970927fff,1.0,0.0,0.0,0.0,0.0,0.0
8a48b3970a07fff,1.0,0.0,0.0,0.0,0.0,0.0
8a48b3970a0ffff,1.0,0.0,0.0,0.0,0.0,0.0
8a48b3970a17fff,1.0,0.0,0.0,0.0,0.0,0.0
8a48b3970a1ffff,3.0,0.0,0.0,0.0,0.0,0.0
8a48b3970a47fff,3.0,0.0,0.0,0.0,0.0,0.0
8a48b3970a57fff,0.0,0.0,0.0,0.0,0.0,0.0
8a48b3970a67fff,2.0,0.0,0.0,0.0,0.0,0.0
8a48b3970a6ffff,1.0,0.0,0.0,0.0,0.0,0.0
8a48b3970a77fff,1.0,0.0,0.0,0.0,0.0,0.0
8a48b3970ab7fff,1.0,0.0,0.0,0.0,0.0,0.0
8a48b3970b0ffff,1.0,0.0,0.0,0.0,0.0,0.0
8a48b3970b27fff,1.0,0.0,0.0,0.0,0.0,0.0
8a48b3970b4ffff,5.0,0.0,0.0,0.0,0.0,0.0
8a48b3970b57fff,1.0,0.0,0.0,0.0,0.0,0.0
8a48b3970bb7fff,1.0,0.0,0.0,0.0,0.0,0.0
8a48b397100ffff,2.0,0.0,0.0,0.0,0.0,0.0
8a48b397101ffff,1.0,0.0,0.0,0.0,0.0,0.0
8a48b3971067fff,0.0,0.0,0.0,0.0,0.0,1.0
8a48b39710cffff,1.0,0.0,0.0,0.0,0.0,0.0
8a48b39710e7fff,1.0,0.0,0.0,0.0,0.0,0.0
8a48b3971157fff,0.0,0.0,0.0,0.0,0.0,0.0
8a48b3971237fff,1.0,0.0,0.0,0.0,0.0,0.0
8a48b3971257fff,0.0,0.0,0.0,0.0,0.0,0.0
8a48b3971267fff,1.0,0.0,0.0,0.0,0.0,0.0
8a48b397126ffff,1.0,0.0,0.0,0.0,0.0,0.0
8a48b3971287fff,2.0,0.0,0.0,0.0,0.0,0.0
8a48b397128ffff,0.0,0.0,0.0,0.0,0.0,0.0
8a48b3971297fff,1.0,0.0,0.0,0.0,0.0,0.0
8a48b397129ffff,2.0,0.0,0.0,0.0,0.0,0.0
8a48b39712b7fff,0.0,0.0,0.0,0.0,0.0,0.0
8a48b39712dffff,0.0,0.0,0.0,0.0,0.0,0.0
8a48b397132ffff,1.0,0.0,0.0,0.0,0.0,0.0
8a48b397134ffff,1.0,0.0,0.0,0.0,0.0,0.0
8a48b397135ffff,2.0,0.0,0.0,0.0,0.0,0.0
8a48b3971367fff,0.0,0.0,1.0,1.0,0.0,0.0
8a48b3971377fff,0.0,0.0,0.0,0.0,0.0,0.0
8a48b3971387fff,1.0,0.0,0.0,0.0,0.0,1.0
8a48b3971397fff,0.0,0.0,0.0,0.0,0.0,0.0
8a48b397139ffff,2.0,0.0,1.0,0.0,0.0,0.0
8a48b397142ffff,1.0,0.0,0.0,0.0,0.0,0.0
8a48b397145ffff,4.0,0.0,0.0,0.0,0.0,0.0
8a48b3971477fff,0.0,0.0,0.0,0.0,0.0,0.0
8a48b39714cffff,3.0,0.0,0.0,0.0,0.0,0.0
8a48b397150ffff,1.0,0.0,0.0,0.0,0.0,0.0
8a48b397152ffff,1.0,0.0,0.0,0.0,0.0,0.0
8a48b3971557fff,4.0,0.0,2.0,0.0,2.0,0.0
8a48b3971617fff,2.0,0.0,0.0,0.0,0.0,0.0
8a48b397168ffff,9.0,0.0,0.0,0.0,0.0,0.0
8a48b39716a7fff,1.0,0.0,0.0,0.0,0.0,0.0
8a48b39716affff,2.0,0.0,0.0,0.0,0.0,0.0
8a48b39716c7fff,3.0,0.0,0.0,0.0,0.0,0.0
8a48b39716cffff,1.0,0.0,0.0,0.0,0.0,0.0
8a48b39716dffff,1.0,0.0,0.0,0.0,0.0,0.0
8a48b39716effff,6.0,0.0,0.0,0.0,0.0,0.0
8a48b397170ffff,1.0,0.0,0.0,0.0,0.0,0.0
8a48b3971747fff,0.0,0.0,0.0,0.0,0.0,1.0
8a48b397174ffff,0.0,0.0,0.0,0.0,0.0,0.0
8a48b397175ffff,3.0,0.0,0.0,0.0,0.0,0.0
8a48b397176ffff,1.0,0.0,0.0,0.0,0.0,0.0
8a48b3971787fff,1.0,0.0,0.0,0.0,0.0,0.0
8a48b397178ffff,5.0,0.0,0.0,0.0,0.0,0.0
8a48b39717a7fff,5.0,0.0,2.0,0.0,0.0,0.0
8a48b397181ffff,1.0,0.0,0.0,0.0,0.0,0.0
8a48b3971827fff,1.0,0.0,0.0,0.0,0.0,0.0
8a48b3971837fff,2.0,0.0,0.0,0.0,0.0,0.0
8a48b397184ffff,0.0,0.0,0.0,0.0,0.0,0.0
8a48b39718a7fff,2.0,0.0,0.0,0.0,0.0,0.0
8a48b397190ffff,0.0,0.0,0.0,0.0,0.0,0.0
8a48b3971917fff,4.0,0.0,0.0,0.0,0.0,0.0
8a48b397191ffff,8.0,0.0,1.0,0.0,0.0,0.0
8a48b3971937fff,0.0,0.0,0.0,0.0,0.0,0.0
8a48b3971947fff,8.0,0.0,0.0,0.0,0.0,1.0
8a48b397194ffff,0.0,0.0,0.0,0.0,0.0,0.0
8a48b3971957fff,2.0,0.0,0.0,0.0,0.0,0.0
8a48b397195ffff,1.0,0.0,0.0,0.0,0.0,0.0
8a48b3971967fff,1.0,0.0,0.0,0.0,0.0,0.0
8a48b397196ffff,6.0,0.0,2.0,2.0,0.0,0.0
8a48b3971987fff,6.0,0.0,1.0,0.0,1.0,0.0
8a48b397198ffff,5.0,0.0,0.0,0.0,0.0,0.0
8a48b397199ffff,1.0,0.0,0.0,0.0,0.0,0.0
8a48b39719a7fff,8.0,0.0,0.0,0.0,0.0,0.0
8a48b39719affff,6.0,0.0,0.0,0.0,0.0,1.0
8a48b39719b7fff,1.0,0.0,0.0,0.0,0.0,0.0
8a48b3971a07fff,0.0,0.0,0.0,0.0,0.0,0.0
8a48b3971a37fff,0.0,0.0,0.0,0.0,0.0,0.0
8a48b3971a47fff,0.0,0.0,0.0,0.0,0.0,0.0
8a48b3971a4ffff,0.0,0.0,0.0,0.0,0.0,0.0
8a48b3971a5ffff,0.0,0.0,0.0,0.0,0.0,0.0
8a48b3971a67fff,0.0,0.0,0.0,0.0,0.0,0.0
8a48b3971aaffff,1.0,0.0,0.0,0.0,0.0,0.0
8a48b3971ae7fff,0.0,0.0,0.0,0.0,0.0,0.0
8a48b3971aeffff,1.0,0.0,0.0,0.0,0.0,0.0
8a48b3971b07fff,0.0,0.0,0.0,0.0,0.0,0.0
8a48b3971b0ffff,0.0,0.0,0.0,0.0,0.0,0.0
8a48b3971b17fff,1.0,0.0,0.0,0.0,0.0,0.0
8a48b3971b37fff,0.0,0.0,0.0,0.0,0.0,0.0
8a48b3971b4ffff,1.0,0.0,0.0,0.0,0.0,0.0
8a48b3971b6ffff,0.0,0.0,1.0,0.0,1.0,0.0
8a48b3971b77fff,0.0,0.0,1.0,0.0,1.0,0.0
8a48b3971b8ffff,1.0,0.0,0.0,0.0,0.0,0.0
8a48b3971baffff,0.0,0.0,0.0,0.0,0.0,0.0
8a48b3971c8ffff,0.0,0.0,0.0,0.0,0.0,0.0
8a48b3971ca7fff,1.0,0.0,0.0,0.0,0.0,0.0
8a48b3971d27fff,5.0,0.0,1.0,1.0,0.0,0.0
8a48b3971d2ffff,1.0,0.0,0.0,0.0,0.0,0.0
8a48b3971d37fff,3.0,0.0,0.0,0.0,0.0,0.0
8a48b3971d87fff,2.0,0.0,0.0,0.0,0.0,1.0
8a48b3971da7fff,1.0,0.0,0.0,0.0,0.0,0.0
8a48b397405ffff,0.0,0.0,0.0,0.0,0.0,0.0
8a48b3974127fff,1.0,0.0,0.0,0.0,0.0,1.0
8a48b397420ffff,2.0,0.0,0.0,0.0,0.0,0.0
8a48b397421ffff,0.0,0.0,0.0,0.0,0.0,0.0
8a48b397425ffff,0.0,0.0,0.0,0.0,0.0,0.0
8a48b3974277fff,4.0,0.0,0.0,0.0,0.0,0.0
8a48b3974287fff,6.0,0.0,0.0,0.0,0.0,0.0
8a48b397429ffff,1.0,0.0,0.0,0.0,0.0,1.0
8a48b39742a7fff,1.0,0.0,0.0,0.0,0.0,1.0
8a48b397432ffff,0.0,0.0,0.0,0.0,0.0,1.0
8a48b3974347fff,0.0,0.0,0.0,0.0,0.0,0.0
8a48b3974397fff,0.0,0.0,1.0,0.0,0.0,0.0
8a48b3974847fff,0.0,0.0,0.0,0.0,0.0,1.0
8a48b397485ffff,1.0,0.0,0.0,0.0,0.0,0.0
8a48b397495ffff,0.0,0.0,0.0,0.0,0.0,0.0
8a48b3974b8ffff,0.0,0.0,0.0,0.0,0.0,1.0
8a48b3975087fff,0.0,0.0,0.0,0.0,0.0,0.0
8a48b39750b7fff,1.0,0.0,0.0,0.0,0.0,0.0
8a48b39750c7fff,1.0,0.0,0.0,0.0,0.0,0.0
8a48b39750d7fff,1.0,0.0,0.0,0.0,0.0,0.0
8a48b39750dffff,2.0,0.0,0.0,0.0,0.0,0.0
8a48b397520ffff,1.0,0.0,0.0,0.0,0.0,0.0
8a48b3975227fff,1.0,0.0,0.0,0.0,0.0,0.0
8a48b397522ffff,1.0,0.0,0.0,0.0,0.0,0.0
8a48b3975297fff,1.0,0.0,0.0,0.0,0.0,0.0
8a48b397529ffff,1.0,0.0,0.0,0.0,0.0,0.0
8a48b39752effff,0.0,0.0,0.0,0.0,0.0,0.0
8a48b39752f7fff,1.0,0.0,0.0,0.0,0.0,0.0
8a48b3975357fff,1.0,0.0,0.0,0.0,0.0,0.0
8a48b397539ffff,2.0,0.0,0.0,0.0,0.0,0.0
8a48b3975427fff,1.0,0.0,0.0,0.0,0.0,0.0
8a48b397548ffff,6.0,0.0,1.0,0.0,0.0,0.0
8a48b39754cffff,0.0,0.0,0.0,0.0,0.0,0.0
8a48b39754effff,3.0,0.0,0.0,0.0,0.0,0.0
8a48b397551ffff,0.0,0.0,0.0,0.0,0.0,0.0
8a48b3975527fff,0.0,0.0,0.0,0.0,0.0,0.0
8a48b397555ffff,1.0,0.0,0.0,0.0,0.0,0.0
8a48b3975587fff,0.0,0.0,2.0,0.0,0.0,0.0
8a48b39755affff,1.0,0.0,0.0,0.0,0.0,0.0
8a48b3975607fff,1.0,0.0,0.0,0.0,0.0,0.0
8a48b3975617fff,1.0,0.0,0.0,0.0,0.0,0.0
8a48b3975647fff,4.0,0.0,0.0,0.0,0.0,0.0
8a48b397565ffff,1.0,0.0,0.0,0.0,0.0,0.0
8a48b3975667fff,1.0,0.0,0.0,0.0,0.0,0.0
8a48b3975677fff,1.0,0.0,1.0,1.0,0.0,0.0
8a48b3975687fff,7.0,0.0,0.0,0.0,0.0,0.0
8a48b3975697fff,3.0,0.0,0.0,0.0,0.0,0.0
8a48b397569ffff,3.0,0.0,0.0,0.0,0.0,0.0
8a48b39756b7fff,3.0,0.0,0.0,0.0,0.0,0.0
8a48b39756d7fff,4.0,0.0,1.0,0.0,0.0,0.0
8a48b397570ffff,1.0,0.0,0.0,0.0,0.0,0.0
8a48b397571ffff,1.0,0.0,0.0,0.0,0.0,0.0
8a48b3975747fff,1.0,0.0,0.0,0.0,0.0,0.0
8a48b3975757fff,2.0,0.0,0.0,0.0,0.0,0.0
8a48b397575ffff,1.0,0.0,0.0,0.0,0.0,0.0
8a48b3975767fff,1.0,0.0,0.0,0.0,0.0,0.0
8a48b3975777fff,3.0,0.0,0.0,0.0,0.0,0.0
8a48b397578ffff,2.0,0.0,0.0,0.0,0.0,0.0
8a48b39757affff,1.0,0.0,0.0,0.0,0.0,0.0
8a48b39757b7fff,1.0,0.0,0.0,0.0,0.0,0.0
8a48b3975b27fff,1.0,0.0,0.0,0.0,0.0,0.0
8a48b3975baffff,0.0,0.0,0.0,0.0,0.0,0.0
8a48b3975c97fff,1.0,0.0,0.0,0.0,0.0,0.0
8a48b3975cd7fff,0.0,0.0,0.0,0.0,0.0,0.0
